n,u,y
0,0.819881836191657,0.0025266057161380875
1,1.0839112621557458,0.21697522118867268
2,0.41632428874160965,0.213629709785326
3,0.24348948031686488,0.6516390030941634
4,0.05767194544765689,0.5566802510089726
5,1.2790819649857612,0.5780575829091193
6,0.5961024085568118,0.5924702340649098
7,1.2230338928391504,0.8058338806332953
8,1.1037159489488881,0.708692591091179
9,1.4702158967435448,1.164053591253126
10,1.2482370039429955,1.0112877511446852
11,1.2655084141920119,1.5390973776957182
12,1.3314165699910894,1.5858925009910265
13,1.188738530743744,1.7227181724159344
14,1.3495244855082358,1.7932393079926445
15,1.329140835522202,1.5043509027894628
16,1.7716721169988383,1.9160831282225914
17,2.4470177726215914,1.7807435527477233
18,2.033973654125026,2.1594798727045874
19,1.6313911378432027,2.31414957725883
20,1.6005207084943596,2.362450335921539
21,0.4974185044125711,2.205174895677545
22,0.5832736691401017,2.271794997519317
23,0.22282434851094737,1.7427154463314494
24,-0.23908427511947386,1.4857824626440077
25,-1.025242937391747,0.8881510573730513
26,-0.9884048382817792,0.3171890896107911
27,-0.5746576852723094,0.18614444108134434
28,-0.763535542411046,-0.1498441840488464
29,-1.1227301398982237,-0.5487710026985535
30,-1.2472258034239916,-0.8095835399531052
31,-1.1389650420379342,-1.4248758465915015
32,-1.5715114364983196,-1.3286165745275043
33,-1.613890043274763,-1.5489544046651258
34,-1.9317574727799267,-1.6152600360731486
35,-1.70765983400138,-1.8120154670623356
36,-0.543136764900361,-1.8474203424558453
37,-0.37553408028885377,-1.6984497611316367
38,0.7178858032447705,-1.4859442863548336
39,0.2493017543111476,-1.0071173815912269
40,-0.3796212252700198,-0.7061900228159783
41,-0.4705261276845938,-0.4795978673067404
42,-0.35559868942618994,-0.37910230535155665
43,-0.10746137467758887,-0.34026183011060973
44,0.1099301429792393,-0.3176350143827667
45,-0.07110302732227199,-0.41673042552709894
46,0.40079777058440547,-0.3718606236126915
47,0.29420139375739474,-0.07270710289189478
48,0.6145942816703786,0.19207832022893148
49,0.7560020738419705,0.292068073203073
50,0.7736637867518766,0.5207878067098813
51,0.7727372770384875,0.46267913404486327
52,0.2804995769019335,0.6604271234810585
53,0.5201259252918697,0.8843088020427431
54,0.744571044013215,0.5433975826429774
55,0.38211175689928756,0.7612313199522553
56,1.6488508982943424,0.6877662968360101
57,1.4874902118465199,1.0700968799974069
58,0.595791899651981,0.9604125905762754
59,-0.3117052542718012,1.1279667701038736
60,-0.7072107425189389,1.1529826730260384
61,-1.7417842891576167,0.6665348084376872
62,-1.2694478017025312,0.11389018618717674
63,-1.632912060953951,-0.5381818645198018
64,-1.18616903645256,-0.9153972616049556
65,-1.7242803449198933,-1.3911606517847876
66,-1.3493162125543083,-1.5017762807387898
67,-0.5862843225739901,-1.45146044645753
68,-0.19355159222358437,-1.7965670640617297
69,-1.070709357873532,-1.459653548178556
70,-0.8781213466071436,-1.4723546670078336
71,-0.9410506930026565,-1.2267567203421859
72,-0.18738669494231386,-1.2620837388880621
73,0.058757607432234654,-0.9931313244894542
74,1.0354846797507868,-0.6507121249579281
75,0.9888619926325142,-0.28991336704788523
76,0.2966770251041697,0.11215408981497006
77,-0.198018806335293,0.3866769045592788
78,0.47478314802302896,0.3132217981490874
79,-0.08783672541707722,0.5411097384761829
80,0.026609152747945432,0.3092121109941208
81,1.1598800866629286,0.24281886309308712
82,1.0056357360539987,0.46099558496811466
83,0.416588321337223,0.5898476528860167
84,0.8284050336366563,0.7502881246788113
85,0.926545551261317,0.9850725360034913
86,0.19083298191774464,1.0742432137728182
87,0.5866632919553482,0.9173922050602383
88,0.6219378840768944,0.9287295590503652
89,0.9194866981932615,0.8257991397634077
90,0.4667765293419331,0.8627692032093595
91,1.0122183541515057,1.1526160049690297
92,0.6196850811916654,0.7958566573773702
93,1.1967972791195134,0.8530355364700658
94,0.46194954097900054,0.9516981301506674
95,0.5729172942300474,1.0314186511030736
96,0.6863980271128328,0.9172780413899803
97,-0.06627153180016596,0.7243372410301101
98,-1.0285765475013935,0.6845732728647207
99,-1.22012959158045,0.440836365907569
100,-1.4320378891610412,-0.12734153162407066
101,-1.5396642629698758,-0.5517396360809811
102,-1.3694273332277198,-0.8451501466881937
103,0.018330326891939423,-1.3389192718120544
104,0.13271574986722268,-1.3206454146735485
105,0.9767287744363848,-1.1048799122725872
106,1.0428683358606523,-0.5033848327986022
107,1.488488195429065,-0.09717765027252726
108,1.5886609243922716,0.4700078072173478
109,1.4098764440766678,0.937090798936629
110,1.4776319372741265,1.2566380477527719
111,2.417629005982907,1.4817462250470992
112,1.2280016093405464,1.7991877288678082
113,1.2000410374592003,2.1577666638316892
114,1.3731778458173054,2.0738499713924012
115,0.5596965016943183,1.9742346266012851
116,0.7827897778894929,1.5792463142175563
117,0.7865540833590586,1.7166676753050556
118,1.3385460366919435,1.3316586544458722
119,1.4871134923364981,1.3848031078743457
120,1.2780024995584287,1.5049092668795008
121,1.2560686698204633,1.6008012432462486
122,-0.040600543916114444,1.612880618664061
123,1.033594864787635,1.5294044349309421
124,1.0213741945405548,1.300703508164835
125,0.15751289572750904,1.0887084405635674
126,-0.3661844800412529,1.1200650838303732
127,-0.4191222304063012,0.7614766123372254
128,-0.6534812730211055,0.40011106621583636
129,-0.4621895932248182,0.21636306809490669
130,-0.7476108091692424,-0.15358203792257935
131,-0.36896278544461975,-0.5236691768276429
132,-0.5611144242187135,-0.6619490051407099
133,-0.5271330616682938,-0.5395410170621489
134,-1.1809782462080034,-0.5906627914443464
135,-1.409845746987365,-1.0045762794067916
136,-1.2845573768486493,-1.0255277527401057
137,-1.60249836737018,-1.3772856639975248
138,-1.514964248532336,-1.6003778272031632
139,-1.4818121401028712,-1.7906302531720417
140,-2.108778927700367,-1.7509194206087388
141,-1.2641756422431454,-1.8149231233792813
142,-1.8217767933079663,-2.1848535282444432
143,-0.7015817438595705,-2.02116761824135
144,-0.10400046134678234,-2.1172104003619765
145,0.1681784350936505,-1.5542174300637004
146,0.08868664714489319,-1.138116172762567
147,-0.40449784690884805,-0.6487456127745086
148,0.4753267449838211,-0.3427363895041866
149,1.42661583942601,-0.30123874584799826
150,0.825657608013467,0.0245813666673841
151,1.6239642267183916,0.6241386200750184
152,1.957012686917898,0.9550676623422172
153,2.112806002689597,1.4100944577695296
154,2.056829591705205,1.7151340751750623
155,1.6027718017920252,2.051783815814607
156,1.3168449484123437,2.3041640656364804
157,1.238193926187995,2.346706957275627
158,1.7445858911570553,2.1181805387475183
159,0.8198159760726665,2.103382575967254
160,0.8115270054910854,1.7418901506882685
161,0.12968598199449327,1.7527283451836826
162,0.1553448387049089,1.4307199740390582
163,-0.005842512728923866,1.3014175533556775
164,-0.3873125869145988,0.550370856200583
165,-0.010191670347599125,0.38486390908196155
166,0.346374231711551,0.22838939587628548
167,-0.3567020758471552,0.04740308425926834
168,-0.6834812535727983,-0.26872874931726515
169,-0.3354291396157328,-0.15566218870977852
170,-0.5485420664344691,-0.18131809129295184
171,-0.3107054124858263,-0.38278018515985035
172,-1.7129499422765515,-0.6273933333421938
173,-1.6650670777871523,-0.7112807187777136
174,-1.5917481292225983,-1.188487553473197
175,-1.2129803739120164,-1.4065716028982385
176,0.11394910963506621,-1.4616023428183678
177,-0.043623568002133704,-1.1703147126878266
178,-0.12767968806574306,-1.1570077501783793
179,0.6288865312394886,-0.9568731832966294
180,0.46569517373115554,-0.5615977489235774
181,1.247688572494679,-0.051463226139683835
182,1.450596292882078,0.09146942038612618
183,0.3044512470276778,0.7445987137718104
184,0.35500637975975774,0.8058575450462043
185,1.1254242729263564,0.8384883746266294
186,1.0714144398199152,1.1388542202483625
187,1.0643122513595396,1.1683753704391426
188,0.9959672246683945,1.1876954729715177
189,0.9213365098520565,1.2690271721324562
190,1.4349746662426281,1.204024528329129
191,1.5053689832930803,1.4744212537028654
192,1.4096481408657546,1.5242663176202118
193,2.4200876375516884,1.5388884014846027
194,1.2990233143978938,1.8796136083763417
195,0.7649580564881204,2.112195826633875
196,0.4912966053184133,1.9994652165492086
197,0.22374455726001197,1.7730565107360323
198,-0.7003360354118422,1.1428449844610602
199,0.7926553142260437,0.9972703887244355
200,0.6277379511677441,0.5824442379209482
201,0.8068462045510321,0.7527447776430196
202,0.677407829635767,0.47111852803739185
203,-0.04540424040409035,0.5875597590168297
204,1.1651430582748803,0.5344650947930161
205,0.9271448526343667,0.7297266102780702
206,0.8569645524009644,0.8612845221774809
207,0.7055615462404963,0.9679015018063178
208,0.7558466420378782,1.1203144438688004
209,1.3760460917178639,1.0737695891706276
210,1.1452503723085565,1.0483691001801265
211,-0.7816335163815331,1.091510607460265
212,-1.0104264368379616,1.0277594373831966
213,-1.4191607422068742,0.35831444360552395
214,-0.9148847622462146,-0.04026194111110893
215,-0.9917712599191377,-0.46990668689457954
216,-0.5906007083219452,-0.8143564759687965
217,-0.4105369232042846,-0.9837731789776882
218,-0.6246261882289521,-0.9833785643627213
219,-0.13990431983112794,-0.848182686406314
220,-0.2746193048268847,-0.947807428284045
221,-0.8547121181740782,-0.6456636386245953
222,-1.525561193559107,-0.8411709759911317
223,-1.824321828950206,-0.8285517923296877
224,-2.920239306759797,-1.1993877974594995
225,-2.519956554771234,-1.799133412698065
226,-2.040409242297156,-2.1697670463563083
227,-2.373939004348789,-2.847559212325693
228,-3.233659691959181,-2.856726149586278
229,-3.357710792308765,-2.9022749251664637
230,-2.3925115461081394,-3.2359929194641923
231,-2.1478787769191667,-3.421250390779753
232,-1.800116112935731,-3.4756783493915644
233,-1.4259505825861514,-3.1250013186547463
234,-1.236555470414342,-2.936961208520675
235,-1.1655184142758366,-2.6995983828671517
236,-0.680339173358685,-2.421215689362363
237,-0.28292609221035625,-1.7792594586846702
238,-0.645365410647788,-1.7026918478868618
239,-0.9384324841574956,-1.3111962287720393
240,-0.8655157101430443,-1.3636433241787322
241,-0.583349308558591,-1.0816479867644995
242,-0.21530198060368988,-1.0267219175614917
243,-0.2522410127136655,-0.746091369943884
244,-0.3153234570683372,-0.7499750230106912
245,-0.8855098065015578,-0.6798603924830058
246,-0.1453913840517177,-0.5482846973169785
247,-0.12472304877255806,-0.5201395604265975
248,0.2823539029229669,-0.6389001026425667
249,0.07682072614763356,-0.15992824191554328
250,-0.501557486271727,-0.21357848957935227
251,-0.7231710941768356,-0.3529083510645245
252,-0.9252817115226556,-0.3979594879487474
253,-0.5319461955216419,-0.38412140458745714
254,-0.6537751844733481,-0.3765322041194271
255,0.004819040575457162,-0.6550208413967156
256,0.28373647211150915,-0.6836580118499418
257,1.5482291362623848,-0.27653963628894535
258,0.4417629506742016,0.1399169718241198
259,1.1034517881369843,0.4418037679449437
260,0.6611788907957571,0.7177853180413163
261,0.5458636945285632,0.8670214633839891
262,0.619014400862932,0.8589433421318915
263,1.1115071138150134,1.0058688748712385
264,0.9924953815257971,0.9631683073264512
265,0.6238695891850481,1.235059372009172
266,1.422929074667063,0.9105332295612112
267,0.8614289952882265,1.205111726696457
268,1.2491790596185584,1.2077795554286384
269,0.9710380268444821,1.2469830892218918
270,1.4718232157223512,1.5212406973430272
271,1.2393229928295117,1.55824207084587
272,0.6299314864859582,1.5712317120506276
273,-0.046955560944933035,1.5090781531760518
274,-0.3935603823111839,1.1220229766075516
275,0.03971237265890744,0.9337630416225944
276,0.7751771766416741,0.6074657518134329
277,0.707430051825656,0.5342590104328208
278,0.7827116925680222,0.4431543359368422
279,-0.10078245225183018,0.6099483336840487
280,-0.1750507914462003,0.46332461993456436
281,0.4231260356991219,0.5312677050798849
282,0.9080916852052208,0.2987985970843886
283,0.12808049692871248,0.23834584823664481
284,-0.11819466707629797,0.5388117016597122
285,-0.3895279443312213,0.3951256408670488
286,-0.17495128654138473,0.3505066199405642
287,-0.5103979269198594,-0.060908511300217974
288,-0.4244497624214635,0.08051545577806583
289,0.3327701442955106,-0.3528432157701594
290,0.37309251315027997,-0.10377262543173883
291,0.1328437245540985,-0.14034251880320214
292,0.19490297680705948,-0.1358482398724681
293,-0.581941500060383,0.38493995074159787
294,-0.534004302509691,0.06110523132775511
295,-0.39503499050990076,-0.0991632346579211
296,0.5222990010225333,-0.08081112970096155
297,-0.06384159749008493,-0.3883250953937031
298,0.5030038586443685,-0.11888000717630862
299,0.7272933588171665,0.06250545386946724
300,1.555778883562225,0.4961867638240753
301,2.1296315215208534,0.685613769530624
302,2.0779138576256226,1.0647779147316736
303,1.6641778871815986,1.6848886386765205
304,2.258732930311439,1.733247748992024
305,2.8987888458571374,2.1122073309952323
306,2.3971766503881056,2.511466784664773
307,2.985113029222878,2.610571311128634
308,2.6532335464203882,3.1215606818480572
309,2.790144992604337,3.400670921066799
310,1.9030091541502254,3.328839011152315
311,1.976936179054615,3.350587413494773
312,1.757419163809636,3.066907589853668
313,1.5295382408104825,3.068638252691509
314,1.0070656119636476,2.613436540707516
315,0.625548714707601,2.300202877838766
316,0.8734933362719512,2.2988007562591743
317,0.6316156822114796,1.9820172156050015
318,-0.37372101787434964,1.4483851838996524
319,-0.8331670498437089,1.1655067395539491
320,0.016645278680287114,0.5476101885504855
321,0.06193701479601318,0.22480433005651723
322,-0.008634645447588307,0.0738019018992066
323,0.8452436730816496,-0.008705372991079208
324,-0.22144491909380945,0.1663182601502305
325,-0.7256133127465932,0.10500517179449086
326,-0.25154218708909076,-0.1610398848601483
327,0.39709133269481534,-0.1748429708189861
328,0.5187182372524867,-0.22512342712550842
329,-0.15635537198151886,-0.03798826684548739
330,0.3992036800109062,0.254954167743584
331,0.46118586723895155,0.012217564979366435
332,-0.06141103927017184,0.23280236171398525
333,-1.167791572692792,0.24396925396445263
334,-0.9825680956206323,-0.30179417278228515
335,-1.2297956939393684,-0.2969302762132742
336,-1.5468174328243536,-0.6790923075582648
337,-1.7398973711259318,-0.8693863541034808
338,-1.6888058939666584,-1.1369507848592975
339,-1.7243475932712484,-1.7680244545612822
340,-1.4171298245222486,-1.8692263327179905
341,-0.4924477335001765,-1.875357390182681
342,-1.5799614413927652,-1.913773796427037
343,-1.8528892842237947,-1.6274616513639004
344,-1.5701466307687206,-2.151422339317134
345,-1.3183138005183574,-2.114640608296228
346,-0.8579957028847093,-1.839256032582882
347,-0.8560338310443549,-2.035028782949397
348,-0.8385231382044979,-1.659599802968828
349,-0.5562801982866712,-1.6793843705465703
350,0.05698684962284482,-1.3381785340274654
351,0.3710308736123908,-1.1419981651453632
352,0.11015864748175992,-0.6132466223597438
353,0.4771926949220903,-0.4586285426660317
354,0.615958489517645,-0.01006875220605262
355,0.12956463781228783,0.2141713086401822
356,0.5534472043031752,0.27391629199575346
357,0.8658492066724306,0.5726863769807629
358,0.23470686163222246,0.5050506873601059
359,0.7173675909253413,0.4660506442345333
360,0.4757403579219803,0.6555738492235804
361,1.4415600827680857,0.5561579217633621
362,0.7068742765866359,1.0149961399368734
363,0.5840113031249895,0.9323898317432102
364,0.40201216991566496,1.0769443161114227
365,-0.19530414464929127,0.9396469874307097
366,-0.4476521607988947,0.5802850033383993
367,-0.28528898046886375,0.38815253179948594
368,-0.4446780007083854,0.1647510982675258
369,-0.2492356240222619,-0.06333256117512805
370,-0.5048451897412197,-0.2957644547679333
371,-0.2579057903711799,-0.5153937727940291
372,-0.09315156063300571,-0.3618478050258664
373,-0.6193904048103279,-0.2625244160502221
374,-1.936420560666139,-0.32334733260521953
375,-1.4567617418428636,-0.8291178867291458
376,-1.7891256834273221,-1.0675526109375015
377,-3.960287402518987,-1.4720685938673208
378,-2.882722303316394,-2.0555778348891285
379,-2.622067706877982,-2.7554423954663907
380,-1.8780275562943625,-3.0776964909268107
381,-1.1373921651497045,-3.238421901741148
382,0.7016555796095448,-2.827672712853615
383,0.7970765265797393,-2.2674839196405294
384,1.1988784964266703,-1.4490019884703726
385,1.7490417968794627,-0.806403430154904
386,2.433072275497369,0.1302140154260965
387,2.048059566268755,0.8593843323312148
388,1.863905829138698,1.232766425760712
389,2.011774426647929,2.0446913956394868
390,0.9884201905457749,2.2655170547661867
391,1.1656610787086525,2.364313483055149
392,1.80896027446055,2.246412200453382
393,1.6356266155615122,2.027808571994957
394,1.911556900785758,2.118282342237294
395,1.1987696640017282,2.370445622041404
396,1.5030251574353597,2.359453498082929
397,0.4330970293465385,2.1112064308718623
398,0.20231541732730318,1.6989303260377677
399,0.7841053780529087,1.6185496065972598
400,0.29918046855324365,1.2508939012374571
401,0.5631200833781123,1.0948543480954749
402,-0.07739507604780456,0.8530410977022063
403,-0.01990269812697501,0.7776243133540902
404,0.048378445509208744,0.5690133192277965
405,-0.11891605635702208,0.31221457944039216
406,-0.5563735995799328,0.3547448826777404
407,-0.6783180413073776,0.039706874822798575
408,-1.1225012591985213,-0.35443595785375925
409,-1.422007924939661,-0.6986933327722789
410,-1.8303159563186697,-0.7445195119172276
411,-1.715583079011294,-1.3740745174915883
412,-0.8455781020384918,-1.5366530464925547
413,0.5588875230078124,-1.6695401949347923
414,0.7610901756116215,-1.1038353585494292
415,0.8747902553686255,-0.9219362398188781
416,0.30002977553579924,-0.1776005838747804
417,-0.10985306201138707,0.317902774994669
418,0.3388933814645033,0.003642067595975851
419,0.8967630178201689,0.4445823833893192
420,0.34284733932664696,0.5689866774191126
421,0.06346330824041921,0.5987306769701842
422,0.6881310006281337,0.4667013269525784
423,1.2415129580685924,0.4970697115841154
424,1.5588145202661488,0.936962624562031
425,1.0905510183777263,1.1068332606952676
426,0.6887172490687542,1.1845473435512386
427,0.6161569777921618,1.2432985482879897
428,-0.7297213919995362,1.0973133207317216
429,-0.45345241106000406,0.7992463219517124
430,0.08870153976718644,0.46727137225363674
431,0.12979809497062264,0.2504778399651002
432,0.27518025159998694,0.26734448022272744
433,-0.3087025897565791,-0.02622643890641277
434,-0.06695829502187389,0.02956525307789349
435,0.11552880380051342,-0.03416474398361583
436,-0.20088573917391983,-0.13854098224977704
437,-0.09156139255403162,-0.0841860377976934
438,-0.7156668237411256,-0.1484055590369813
439,-1.0219922031018758,-0.27351827769656956
440,-0.8916179931553033,-0.504106700771513
441,-1.1913345220441294,-0.6499437840055983
442,-1.5711996971202338,-0.9649280945546028
443,-1.9549334911672127,-1.2401861598690223
444,-1.4840974242399534,-1.3572116183215643
445,-0.726980846311802,-1.5920744469828316
446,0.041633313138570084,-1.8756154011078414
447,0.0398194893946395,-1.467766553395402
448,-0.07311328813164107,-1.152129451890771
449,-0.07061000615880134,-0.9519067901895472
450,0.41086528838724246,-0.4295793905575252
451,-0.17707070846616413,-0.10103490444039992
452,-0.1801417664386191,-0.18001170499081431
453,-0.08940130034845291,-0.09308199048923238
454,-0.26441292625150636,-0.10767881818866377
455,0.4157969717325029,-0.1847199524547219
456,0.44298262336295563,-0.0013796967193527403
457,0.1292601788386863,-0.08327308466652435
458,0.8407581056257717,0.269916583439478
459,0.07444869630858829,0.2734639594870365
460,-0.1471520362185985,0.46324489359979987
461,-0.2823791234649455,0.15406858877208165
462,-0.703391535016678,0.1447872391488046
463,-0.07659153857664598,-0.02402649339987441
464,-0.7525498297327025,-0.3054020215853126
465,-0.6644604092052118,-0.22543471975824025
466,-1.1625752403199823,-0.6460172788600342
467,-1.261443303868522,-0.5940631820637065
468,-0.5545110570671953,-0.9079399602946351
469,-1.0697597653542972,-1.1221691444222608
470,-1.442769858685539,-0.9878356959714341
471,-0.9499797389204105,-1.2228044849294404
472,-1.1610335153970603,-1.3056187980030671
473,-0.7402912046559552,-1.4963718953611598
474,0.20786973960194216,-1.3542599654206244
475,0.20036075723025254,-1.0773139795853686
476,0.37205464513470804,-0.7731506974914413
477,0.628432517387125,-0.2947518083107851
478,0.7229055583858878,-0.14338434865905245
479,-0.9787677414620282,0.1707686977135425
480,-1.405094126434434,-0.03605596470925776
481,-0.23126819279761404,-0.16743136899389455
482,0.01377545922250783,-0.4299866441818859
483,-0.35859695847309236,-0.43710025882365783
484,-0.1514905447907575,-0.33826728707959974
485,0.2135064988983916,-0.4406735505677802
486,-0.14429319041759178,-0.4649331767026706
487,0.22696306544088896,-0.27871486599422646
488,1.1085446305287885,-0.017671348690397284
489,1.2988847219826212,0.3263637271422233
490,1.4808852787889573,0.5836017095350674
491,1.352900639949962,0.8356931113198602
492,1.5658751046751966,1.2094746470830624
493,0.9893009211437582,1.5092831472333066
494,1.6218038128492853,1.4266393130856725
495,1.6349547198980312,1.6785674873378464
496,2.0760917341437297,1.8357708846004686
497,2.7912195537121263,2.0507508716217915
498,1.8831087689660875,2.359012639625279
499,1.6248454246134603,2.649817098762484
500,0.7479100551156536,2.363350297667397
501,1.7749735030851326,2.4147185833297886
502,1.2530158370482711,2.077961660345167
503,0.5766468732159735,2.0256889433213545
504,0.7885631276923066,1.868232494993308
505,0.7504471390134672,1.6782411904963992
506,1.205158459342561,1.4277742953615151
507,0.6068046231832298,1.240308868984427
508,1.1280812168518524,0.9829632223991707
509,1.5922867823556062,1.325138670850025
510,0.5082681743832272,1.3325954745900501
511,0.2558572632583742,1.4453003549922019
512,-0.3543120737440423,0.9878816841635893
513,-0.8737311809508801,0.7654045398446598
514,-1.3165618796613598,0.3480463152934258
515,-1.467641048170689,-0.1734657522196415
516,-1.5629021914183754,-0.5880526612796575
517,-1.7884449131557043,-1.2292826591382504
518,-0.31390125929414564,-1.5320637173550862
519,-1.0183185455227588,-1.5971987780715262
520,-1.1400096613229256,-1.455815733558429
521,-1.2905644839933124,-1.5113207332675844
522,-2.4096962876250068,-1.4620685390066208
523,-1.7931092730453375,-1.542960197116591
524,-1.2243722209478676,-1.7556337508810542
525,-0.9818026037446993,-1.9233946006739888
526,-1.613178995452747,-2.1184690573248446
527,-1.3491257727526333,-1.9676166550399707
528,-1.9022650741145972,-2.0527101430923955
529,-1.7371120272479927,-1.952984393054396
530,-1.5033851316059041,-2.174301246009925
531,-1.1585267687504888,-2.1187786047661827
532,-1.1334208535116195,-2.0345814466930534
533,-0.8060565681525668,-1.9543088051765705
534,-0.47892593880293494,-1.6007826859627845
535,-0.45135616160769926,-1.4655042067610593
536,-0.7861141917694643,-1.322469353199792
537,-0.3681077909961547,-1.002935756932363
538,0.04915669392609284,-0.9748888050875916
539,0.5786519617765354,-0.8475411579089818
540,0.49087844054879987,-0.3885743205763218
541,0.91291837716801,-0.22419924912801611
542,0.41314022257662847,0.18963613419364697
543,0.2876420417282497,0.4112248813514519
544,0.3466999528918769,0.508855273660894
545,1.1891615626863359,0.5896597482447671
546,0.7586397957160629,0.6866696576292087
547,0.5688919709685808,0.7965241069507916
548,0.17554377335178756,1.1484114383978055
549,0.7259052449637945,0.8728419573173737
550,1.010684941310664,0.6772125313773237
551,0.7800308394361208,1.0273892327428757
552,-0.11003396133947865,0.8278963524552537
553,0.2954749803087238,0.6968777961757813
554,-0.39082317359223806,0.6608941155245813
555,0.09354595271383358,0.6420000823851256
556,-0.7326215370695023,0.19835488788410516
557,-0.24856514206886113,0.23306954115683862
558,-0.5436952200626782,-0.24553524298773252
559,-1.2305328355760836,-0.3440955285458337
560,-0.7928965631530748,-0.4601014027895182
561,-0.6386609400152434,-0.7021967954953982
562,-1.7181499590066036,-0.8292103086392367
563,-0.7790538003269186,-1.0203032475861056
564,-0.8110254897431339,-1.1921910282895714
565,-1.591471495631713,-1.136202934618309
566,-1.3270296270762825,-1.3961518748285355
567,-0.8522057318769762,-1.4919056509826163
568,-0.6209701586614954,-1.537313189408451
569,-0.8407772024075026,-1.619878818892234
570,-0.31772288095141227,-1.313821528678733
571,-0.5739890344428434,-1.0656469648229043
572,-1.076053457782098,-0.9609704629193399
573,-0.38237056232984606,-1.2298439659709923
574,-0.5943275596920313,-1.1296843723526262
575,-0.7601957212632591,-0.8681332927086853
576,0.11497860455968782,-0.7981145214758048
577,-0.4437306494274403,-0.5494793281567519
578,0.39574581731478126,-0.5103974779460906
579,0.2348070547489106,-0.3467078719873753
580,0.28829996742328534,-0.11692419694438036
581,0.25727482759097087,-0.07666955013433327
582,-0.06774231522816784,0.24287900000260165
583,0.11660250301893517,0.11174805703939594
584,0.7222116765039196,0.21109839558388555
585,0.06533494035221281,0.1724365277338729
586,-0.45062218981591656,0.21458088569538558
587,-0.2863473894030404,0.2059575801799422
588,-0.47180180349024503,-0.18073171649943423
589,0.5723476919512596,-0.0747960447198409
590,0.6950241804977598,-0.125714903864537
591,0.49516063490601164,0.04111785340208822
592,-0.0783877824795944,0.24114388787819213
593,0.005208020711694314,0.22031365897128288
594,-0.3452461167201551,0.08718480817139823
595,0.2030687183429393,0.18649186000775103
596,-0.5691564484883656,-0.08208882202973827
597,-0.4726212055490432,0.009785794857471435
598,-0.05708159902769976,-0.15788481483688874
599,-0.6421470311386452,-0.1282889535919841
600,-1.039659290320798,-0.2745481218918986
601,-1.384549609071499,-0.817314723688987
602,-0.8077554256305227,-0.8466876784376489
603,-0.5449604650111298,-0.8774302405162093
604,-1.4341739411509289,-0.9872996459244836
605,-1.1771244706964579,-1.0634205788531756
606,-0.9103025316610448,-1.2907751228831243
607,-0.5115995965176249,-1.2636916175257746
608,0.2402301747471369,-1.1822407501878711
609,-0.6708210710242548,-1.0426173725229444
610,-0.05921917267261733,-0.8721950688771332
611,-0.8056986976221556,-0.8585304280571404
612,-1.0587245639661313,-0.8878889527203802
613,-1.2196640943262402,-0.8179397719932106
614,-1.2213560812193371,-0.9183283711575839
615,-1.2621423257780477,-1.0874181576876876
616,-1.141345522696729,-1.1277247634123446
617,-0.6569626825630824,-1.6416182631586231
618,-0.06673008148303462,-1.3513476985857766
619,0.265469052210303,-1.2178720477086606
620,0.14730304777207892,-0.6560592537433227
621,-0.26367387865756686,-0.5913662524515143
622,0.24251398395524965,-0.37760877070987026
623,0.5399482946846242,-0.24009753625109936
624,0.7449068308300166,-0.15980160433887539
625,0.7486247114342933,0.05906368656527039
626,0.9948728468544761,0.5507464378466902
627,-0.18503660950233713,0.46360350459087996
628,0.29537623040826816,0.7289492077357885
629,0.5408435827047244,0.5790493995848662
630,0.12552096228679988,0.6844048537225199
631,0.581279709232205,0.6536982782112595
632,0.17919227388891987,0.6090821259337472
633,-0.3052402179947245,0.32901993930259565
634,-0.12933831080253955,0.3223760068532418
635,0.5857437721350478,0.19986336152305112
636,0.6613504933620629,0.26406356745378884
637,-0.2501235710700758,0.2527468189932523
638,-0.5657381964569904,0.22454279916895267
639,-0.15896161702993084,0.19565736892250798
640,0.11920586591745691,-0.17135300309725404
641,-0.2604270239443683,-0.19317787782233542
642,-0.05351782029550372,-0.17571243985888285
643,0.7155711628905931,-0.041973327750431645
644,0.34035172733247565,0.003649789395949822
645,0.8369182585201197,0.42198701244868597
646,0.8359488472823651,0.2999693720594886
647,0.49841772016657365,0.5765049156094604
648,0.2919518371479418,0.7605414915297415
649,0.2549662727730643,0.5295876404048552
650,0.9060956285368639,0.7245380192557619
651,0.9587841461293013,0.7080718486192592
652,0.9549662093082946,1.0592767553422024
653,0.34130384310941947,0.7035234705828672
654,0.16323177743449205,0.8635829201727705
655,-0.3249230634868834,0.8792218223009703
656,-0.7514549907243723,0.5041974460348082
657,-0.05142804313743282,0.2602314538070756
658,0.15701279285232242,0.08750439189699259
659,-0.6262203561371662,0.026040857369799386
660,-0.2580336054697849,-0.2825828608028823
661,0.1659004947645608,-0.5059965413539291
662,-0.3688222085977065,-0.34506790151761685
663,-0.5650709979237308,-0.20867075707816166
664,-0.6757072337521818,-0.3523237924716125
665,-0.21592073506655626,-0.31355634284337663
666,0.20922083789422172,-0.38584458175890046
667,0.15696803140846982,-0.28288427169522523
668,0.10157386521161049,-0.0008518533156759989
669,0.11255405228857289,-0.14556211726988266
670,-0.7956947779528736,0.06778156873438933
671,-1.5948499249601973,-0.21678217551930637
672,-0.8495164765810589,-0.5593540547542121
673,-0.780010544640105,-0.6813336331198837
674,-0.7618230056903424,-0.7195478002445697
675,-1.2425240965003603,-1.170022866092122
676,-1.54323508129075,-1.266965050603374
677,-2.092832124894339,-1.4183010861676757
678,-1.312365267075714,-1.6940747045649267
679,-1.3087478245632542,-1.7933490911514178
680,-0.8886272702190481,-1.7114050540466939
681,-1.1070721910003958,-1.5837083354687198
682,-1.1847317946424925,-1.8499454673237548
683,-0.20442418353925754,-1.625284218097699
684,0.13434841002406908,-1.4796298205933083
685,-0.26730178435849944,-1.0524183428627458
686,-0.7670436420997536,-0.814314616277712
687,-1.0239614172950156,-0.7880460078607259
688,-0.9858289964680073,-0.8183987761335205
689,-1.6439873670583804,-0.7715407171062694
690,-0.4412267255116377,-0.8607464057466712
691,-0.02956816253026288,-1.0746202451516
692,0.20404331790209815,-0.9268145164831273
693,-1.6061582680993374,-0.5891677884257129
694,-2.431546377098877,-1.010270582723366
695,-0.9745382006870399,-1.142780094021839
696,-0.5009489894794391,-1.3897487527042212
697,0.35169801041873083,-1.5244753481046727
698,1.1704767560695983,-0.95538969043776
699,2.145767412193754,-0.5571683477562346
700,2.8089730696082484,0.1658065006423339
701,2.5354768931819995,0.8826783252838506
702,2.273136950657809,1.8213888856585816
703,2.3094383058013412,2.4478168865923893
704,2.4031287084811397,2.622186149994153
705,1.8324106809757694,2.8274894816155816
706,1.3331024053002514,2.916281155601521
707,1.2778159053171887,2.7574600139360443
708,0.5158053521638933,2.5436827123105012
709,-0.6641392456257834,1.9965079346645958
710,0.2715356486445392,1.7233446751931014
711,0.4399504010744091,1.2784184559018155
712,1.2164216017679639,0.8042221452999482
713,1.6185415828585374,0.8635511700635751
714,1.9762446860964973,1.004550112726338
715,2.1625735526869936,1.3396183115446871
716,2.2550668193835763,1.6199036292370306
717,2.4099257204956714,2.0097439951437277
718,1.5575604746104477,2.3625010878869905
719,1.0747522025913923,2.542435554458379
720,1.5359857730710438,2.5937748649243013
721,1.0694872739184713,2.3012656227993844
722,0.3209384827532662,2.145385639771741
723,1.0977493684853374,1.9362029616085936
724,-0.1783432391725079,1.4048817534036624
725,0.1083250118835914,1.2018228511237057
726,-0.09303858120074739,0.9379177800552669
727,0.15803197002308833,0.5937681658587456
728,-0.03555500142835545,0.34252242980443226
729,-0.2313208136428599,0.31604314785926274
730,-0.1743151013795003,0.340532237609251
731,0.08128254269339753,0.1772142555308532
732,-0.40757664323005266,-0.16241772652094022
733,-0.4817482333865398,-0.09382846733131159
734,-0.6302858261744599,-0.15282934289714994
735,0.4757631407717246,-0.24455447319820062
736,-0.14148597375063132,-0.47896061132689105
737,0.4220728020006033,-0.2982119712756384
738,-0.45661567672904885,-0.23652145463370794
739,-0.9106080539570169,-0.23289197528266098
740,-0.1254487887022467,-0.40552014902370404
741,-0.4853571114273045,-0.5515159199550467
742,0.36516382174410666,-0.3609464729619151
743,1.2714628111127368,-0.3820347908923452
744,1.2516044751092654,0.023310891107691203
745,1.2538867690212496,0.505106685298465
746,0.27228028754151407,0.6555032537643037
747,-0.08985761225410617,0.8454169091396585
748,0.24884139728713725,0.6765253470189211
749,-0.73878807519198,0.6828212664440717
750,-0.08526141891765407,0.5927344043494367
751,-0.20192048405926952,0.2802314101771124
752,-0.2970592345738272,0.006562441983449371
753,0.30620701697051184,-0.035457818959050154
754,-0.47487001023117215,-0.21080476533756973
755,-0.7069369106361422,-0.2594204258916035
756,-0.17405348112647473,-0.2524670549960093
757,-0.39363887852968765,-0.2566475759037734
758,-0.6888850669592402,-0.3475392552976446
759,-0.1441073444216154,-0.44846906614946175
760,-0.18316743972314664,-0.36952939570467924
761,-0.9709591484283062,-0.6459799845822085
762,-1.0057038239283493,-0.4522963464678811
763,-0.6919600820276811,-0.772864317816123
764,-0.41065514954787086,-0.8324963009172449
765,-0.016300559183416795,-0.9207463646222174
766,0.9918392189773513,-0.7010923228035891
767,0.32209131254373147,-0.22999402924166978
768,0.12975183926746572,-0.2835889256134022
769,0.654394668597034,-0.028392353930485753
770,0.4051901817802383,0.14927795726867585
771,0.47884844550230066,0.4387847668434014
772,0.8315028383961921,0.5961675590258122
773,0.8160820301431279,0.5624305158144802
774,0.8895050971106954,0.8470835366689216
775,1.0172017549621217,0.7905842234482897
776,1.0895363787475154,0.7658731991037899
777,0.09077635891396392,1.3081385804719408
778,0.42453551066365197,0.893224577481004
779,0.3785247188580803,0.9269713074826026
780,-0.08188115011380623,0.6018837737183846
781,-0.7925103245839799,0.5671202732009012
782,-0.6171048140104276,0.38417855332938533
783,-0.9275230382945736,0.003668974823578905
784,-0.5550004486660389,-0.41916363778422805
785,-0.8574885339446207,-0.4883777706173426
786,-0.37744245119267134,-0.5211266200298653
787,-0.7555318693682966,-0.5591524183507949
788,-0.9542723326834773,-1.046656577658657
789,-1.1431247127926585,-0.7436873978289451
790,-0.41828614929856317,-0.8572238065794555
791,0.014428737400161462,-0.9604272297534133
792,0.10306675103029789,-0.6736380074798094
793,-0.1294251970753225,-0.7587662421182841
794,0.1892705696102217,-0.48046880444255263
795,1.0136909638888683,-0.32558018752023354
796,0.8648682125210014,0.22984189058692675
797,1.2337623132514948,0.26390094396260516
798,1.253527358020852,0.7586317666204808
799,0.6204841406812592,0.88316089536599
800,-0.10164308369105755,1.049694337224298
801,-0.1988234526890412,0.6310957227331144
802,-0.7196346021213919,0.5738730994851637
803,-0.5536694956240801,0.5039738492566788
804,-0.220878802166477,-0.00661533193101034
805,-1.5675832193429577,-0.2429144140157381
806,-1.4613404925536706,-0.5770379402710013
807,-0.4933562901899413,-0.981946311141055
808,-1.1098767561523282,-1.220571947625354
809,-1.7237977891248482,-1.1054792916299274
810,-1.8881101401578055,-1.4027823072394
811,-2.019930902708497,-1.828034541029821
812,-1.2041776681543164,-1.8236395213793035
813,-1.2945644293464362,-1.8636521198670166
814,-0.14355945692703742,-1.8597349121295204
815,0.06323009162148033,-1.741443128287608
816,-0.3334763129207216,-1.250644114421765
817,-0.18114179159458746,-1.1706462831779478
818,0.6740781741480999,-0.7637665087823622
819,0.4921206403076231,-0.5244642098597128
820,0.4932294682501554,-0.16544314706443597
821,-0.28697178208965135,0.07017540917556846
822,-0.5438482842182487,0.19820402330555428
823,-0.12920242793712794,-0.1380400079235538
824,-0.504985283863686,0.11211994041384937
825,0.951556836890289,-0.013743091209437536
826,0.9038345412851684,0.020324877267680466
827,0.17423315711492202,0.14189951550973828
828,-0.37699043650184555,0.3822841108485744
829,0.011130808059907796,0.3919348302447728
830,-0.10227298287834224,0.13611667228057464
831,-0.7599012949709372,0.20559598142369045
832,-0.1226955871086589,-0.14333568577974765
833,-0.23987570905416508,-0.24212992039534914
834,-0.3375738364519141,-0.035137681153424305
835,-0.6204016197070024,-0.38435137668775826
836,-1.1764058217961084,-0.4007327094175906
837,-1.7668690578389739,-0.8853971466688086
838,-1.0515309376573942,-0.8228520860938984
839,-0.1861043035128122,-1.2003638570208912
840,0.15785541394542105,-1.1400535205615987
841,-0.3364077791277689,-1.0352607338606108
842,-0.3737986347991773,-0.789839581883084
843,0.21574178415248166,-0.6092477159749236
844,-0.09218893826660256,-0.5038584064088378
845,0.22410085838494692,-0.10027017228045376
846,-0.4355372432853473,-0.22278068220667838
847,-0.09964524098786837,-0.15009875982868148
848,0.42288419924143034,-0.1412229768374962
849,0.7855840380163203,0.18819441492202071
850,0.36928808580584965,0.1350448730355187
851,0.2141107711986246,0.3018642875884042
852,-0.4094901142940725,0.31744591152125834
853,-0.63507560316879,0.2504948912781763
854,-0.347040430901268,0.06832168128874122
855,-0.8286682587477666,-0.22768359723092182
856,-0.43172386255324974,-0.39917234231810084
857,-1.0843367896269842,-0.5063140059033624
858,-1.2738176529561702,-0.7497787102269169
859,-0.5850540879654095,-0.7860133434963186
860,-1.1837551197312617,-1.0072861813641765
861,-0.9899305366163864,-1.1028979587727685
862,-0.3167516934108364,-1.2163037116656026
863,-0.2233927789501025,-1.0442481394281544
864,-0.6647130764152304,-0.9846504849985807
865,-0.6584036777294292,-0.9776198348027846
866,-0.2504661240737987,-0.9322872208234538
867,0.477397710147826,-0.788028198778338
868,0.16068133234112897,-0.6369732772281381
869,0.20178562683839354,-0.38477782773226343
870,0.3160491928875547,-0.09999157842178448
871,-0.24203430936167525,0.15817198862386117
872,0.0467097797122146,-0.023933774638076208
873,0.18684009887112482,-0.03530615504506193
874,-0.6332371327867267,0.08987728300654091
875,-0.6188714495727949,-0.07312066887668994
876,-0.5786205489194952,-0.22678632417969277
877,-0.8539242822858647,-0.3743169532331401
878,-0.3990257752793997,-0.5539318371070685
879,0.029915528496290884,-0.7287919790705075
880,0.129266961212711,-0.5452316521650843
881,-0.37326495266276594,-0.30827088550374526
882,-0.7882443563638596,-0.43375412744221953
883,-0.20983972064823284,-0.6075903296707044
884,-1.2104085772113506,-0.7763902654735397
885,-1.2594553541181235,-0.6812603538445128
886,-1.5732742221940597,-0.8112417418133847
887,-1.4426789145733374,-1.1244524061197971
888,-1.6845384900027116,-1.1894608453647806
889,-1.6549497946937821,-1.6560999681371469
890,-0.9157959152398593,-1.7961041718198063
891,-1.308344965103273,-1.9463461635601607
892,-0.3385649189367518,-1.6512109222383762
893,-0.7826369464112589,-1.7055285787735082
894,-0.5585927009961471,-1.4701815424991758
895,-1.0440454345594012,-1.0796941523469263
896,-0.03635577823507526,-1.0834742534533313
897,-0.23713395390069036,-1.0892583539638052
898,0.15663809148526864,-0.9763546880574281
899,0.46262139181379586,-0.6362960345710069
900,0.6814193300509113,-0.36793984692185233
901,0.8875310929170911,-0.0741229851198428
902,0.9739738502367997,0.30586580966212495
903,1.0222303582895425,0.5380896873904978
904,1.0532211328516519,0.7918813292881157
905,0.36469811243719136,0.7465962870212522
906,0.3368424677282195,1.0914419700190388
907,0.44212321521514836,0.958600331347889
908,0.20082464193569016,0.8230246200049306
909,-0.06758610265117224,0.684938721744166
910,-0.6800344347661892,0.5207203291894316
911,-0.12226070034147116,0.3229884027869046
912,-0.3234783499806074,0.17978191094398493
913,0.6449609945434974,0.044380587606048745
914,1.403906119620956,0.23768316602253156
915,0.9152120563350127,0.43521249579945487
916,0.6604504724430572,0.6068531848614561
917,0.5987094782414133,0.5209525615744299
918,1.5820390730791347,0.8298515133956552
919,1.3524383433441949,1.035030033026963
920,1.226037106289776,1.1581008684498095
921,1.365991743948038,1.5054173166046103
922,1.9995525005649326,1.665064616716338
923,1.6673593377695586,1.7614547916028038
924,0.7946069449478644,1.7566004118944993
925,1.0806970012447907,2.0886107766763975
926,1.5884484752634274,1.8303229663943
927,1.6814527432825042,1.8471038158792246
928,2.1396804442580177,1.8961849649357432
929,1.7255449767209199,2.198550076068802
930,1.4086511844962184,2.4059591308008272
931,1.9469712366287186,2.176206127247545
932,1.110669492782098,2.1895939545956344
933,0.37347838030672387,2.103778798380676
934,1.0267803704889837,1.9343924901609595
935,0.34335443098615775,1.6259928073820347
936,0.9552148708962791,1.3320053939544816
937,0.45251810311947693,1.070862801973138
938,0.9661023866584845,1.2665726497801577
939,2.027173111513301,1.0881455555449948
940,2.4510474470880728,1.300404464145509
941,2.4220673380124,1.617184866190304
942,2.2043158687085658,1.7457243064525172
943,2.277348997668047,2.5718240656235953
944,2.04277129160097,2.629551835124076
945,1.5701036638733137,2.7245916680728683
946,1.8355307341221427,2.6350072512227043
947,1.348064898040723,2.601488217257372
948,1.4176352811946118,2.550959835606055
949,0.8684446104700417,2.232401936714145
950,0.2389596525752435,1.9713821496745931
951,0.9914211464876085,1.9330832964120075
952,0.7098619019936407,1.5146793707951922
953,1.1433754817320483,1.3490173625316493
954,0.8738741019039801,1.127203831638974
955,0.4249555589965415,1.2734070531187007
956,-0.17587590871054945,1.1637694878810543
957,-1.0580605949342932,0.6849289606798019
958,-1.2274449953483404,0.4937323500692876
959,-1.369036803568177,0.030458268956264967
960,-0.41573021651092296,-0.6329096749364038
961,-0.6784169228568574,-0.7783655642181504
962,-0.48347659208193844,-0.9720609604424733
963,-0.22847510031889884,-0.9113766012675621
964,-0.3951045366443287,-0.6582654482377903
965,0.740499655887036,-0.6763154662284558
966,1.788062268646358,-0.3756434307359108
967,1.8729959873828967,0.19841497147718173
968,1.0558401698686997,0.6822687101363702
969,0.4084732502651102,1.022723660628174
970,0.6476368331463004,1.2821418191762581
971,0.605190865346978,1.0809038200268466
972,0.554475361169847,1.2145625505254611
973,0.9085920984108566,1.093770015958441
974,0.7929170654995402,0.9762456404045876
975,0.3075757175633857,1.066630165996911
976,-0.36108955441181695,0.8496304746076204
977,-0.2660467632567508,0.5296460286609856
978,-0.4638409725249833,0.28682194418049534
979,-0.32324204313951377,0.11504499679765379
980,-0.6541371766923595,-0.17686490990002113
981,-0.592152214933568,-0.41926171490835834
982,-0.15320100806270526,-0.41622534614534606
983,-0.8949432369410665,-0.6693002526253773
984,-0.47924334081542413,-0.5588022358187312
985,0.01133879648455683,-0.649359845814407
986,-0.6851256155429115,-0.9324994759047749
987,-1.0752952188186042,-0.6139376864059883
988,-0.9282999294563649,-0.7822628004037849
989,-1.1198833701305435,-0.6983946042282566
990,0.10780965567063565,-1.1018161317729878
991,-0.6552641746096982,-0.8684701775043768
992,-0.6120688218504079,-0.8728495459900409
993,-0.6911894798578702,-1.043576022358081
994,-0.023584107696640794,-1.0650864313006871
995,0.08622597263538515,-0.6784865726632764
996,0.16679506911746736,-0.7707456673214372
997,0.16003737878406415,-0.46315062979484833
998,0.41500753359661197,-0.21384651635182134
999,0.7632795480284119,0.0476323650558298
1000,0.2258600333322056,0.23934718827353932
1001,-0.0583416487683315,0.16322849424980707
1002,0.4629412493152948,0.6993119220579141
1003,0.11140359246606878,0.3414197068424077
1004,0.20552951353996637,0.18184880662586866
1005,0.34493750251205363,0.2330725019336341
1006,-0.5284957648853711,0.08719772213794247
1007,0.1471357846668876,0.21849523109549523
1008,0.13027115200505401,0.10082612981648548
1009,0.03382009489719034,0.08861085715960498
1010,0.5705659369552943,0.11404856790402623
1011,0.2590075381981516,0.23708661539601372
1012,0.47059657937742233,0.1777382372591504
1013,0.2823458387854134,0.24115628407147566
1014,-0.3414878338829874,0.48243393105164145
1015,-0.5436826637531009,0.19225161181161837
1016,-0.5570343222402667,0.025423881217025823
1017,-0.5048267631949307,-0.06035392145442385
1018,-1.6941387849599827,-0.2961462444608392
1019,-1.027545619502204,-0.613703650645521
1020,-1.170503912451934,-1.0903176628195141
1021,-2.4770511668242334,-1.0671674081426976
1022,-1.398902153158664,-1.4448397626778096
1023,-1.3678415729674547,-1.9590445534592762
1024,-1.2396150924719154,-1.5909374541849566
1025,-1.7401702256003857,-1.951510290406961
1026,-1.4371444492981718,-2.090440716188788
1027,-0.9964751553089223,-1.852930675844469
1028,-0.694281075190669,-1.8968657173858163
1029,0.13318802311651726,-1.6900476209926503
1030,0.9110082525902121,-1.3934543242913247
1031,0.8243500467990987,-0.8294405131930153
1032,0.36311159261111675,-0.1897882218051452
1033,-0.05154269513987648,0.15339114636278317
1034,-0.5119015004308848,0.11167527262109574
1035,0.5215571703646328,0.16566325265770468
1036,0.20623446611509222,0.1287546088382041
1037,-0.08804240507677392,0.32823279095108737
1038,0.011036179420262778,0.18815866881844995
1039,-0.3808603208477434,-0.036937691984549326
1040,-0.42760731490490694,-0.04478945994748772
1041,-0.6488265182444051,-0.18080874939085637
1042,-0.31102143883856953,-0.3081024624504831
1043,-0.2495982825660588,-0.44261592292303575
1044,-0.41790850108149386,-0.5174826984579174
1045,-0.33451026139511725,-0.5826570009254846
1046,0.21167621991690938,-0.33233050342127685
1047,0.027164084397548617,-0.31348340937472646
1048,-0.9469798681569712,-0.3826816211341697
1049,-0.5021697790361803,-0.2555122621929533
1050,-0.5997012487676819,-0.6434948136603563
1051,-0.9543058374703526,-0.6770147097388173
1052,-0.6861226541192529,-0.6763943041350784
1053,-1.137122611805701,-0.7621084902395174
1054,0.6815551108421286,-0.6780193855523412
1055,0.2280257586001367,-0.9066008455394743
1056,0.6918924309148825,-0.5471279972841189
1057,0.9781991725083113,-0.1813373311624546
1058,1.2010381768947234,0.2130262683861036
1059,1.6024192247799693,0.6920422117176618
1060,0.6038655955844137,0.8488495168251218
1061,1.4866752698191807,1.0176263321404213
1062,0.7520340493917728,1.2419924512185054
1063,0.36373244077125816,1.4615181581186925
1064,-0.26827844812838425,1.169603070323676
1065,0.16652940767575064,0.9093405909382236
1066,0.2152281744889272,0.6070239148038759
1067,-0.07490540318183705,0.5362366169996503
1068,1.4395245061869262,0.21805642765093128
1069,1.2053171644402545,0.5209174322328946
1070,1.7907009781444887,0.7460817093711357
1071,1.2148151408504244,0.9113193388871312
1072,1.7630212170232877,1.2765041689375314
1073,1.4808862256931163,1.6160331169866222
1074,1.3898650685809422,1.6713998783394843
1075,0.5143619117958876,1.7222131633618025
1076,1.5728167521505132,1.7776458425893809
1077,0.2886467478073708,1.6284782490696
1078,0.04938062012864461,1.5543271364809552
1079,-0.11482128426105064,1.351327983614023
1080,0.008606642021018452,0.969227234065451
1081,-0.47432516944782477,0.5387900137861542
1082,0.5459631651531728,0.16133896037988846
1083,0.3881464907985022,0.2061978996722427
1084,-0.44837544925846656,0.01746539361674665
1085,0.5556323242182036,0.14683218179530222
1086,0.006484801839005654,0.08989216882624043
1087,-0.27568168876429827,0.15277233985441852
1088,-0.3251605134099141,0.1411884372538082
1089,0.23977792606204437,0.10134108884043146
1090,1.3022963741876679,0.11258515832258525
1091,1.0784691634594248,0.38559543643843874
1092,0.4875313228647648,0.585323592617955
1093,0.15273761516258086,0.7158775950601339
1094,0.9867628653945408,0.6219714852865583
1095,1.4367060738538031,0.8129105137704743
1096,1.0826842657393827,1.2361479594193465
1097,1.4532708934829837,1.1521930239642042
1098,0.7666226657666942,1.1924336512290197
1099,0.8071113212232102,1.409128570273348
1100,0.8048209840126139,1.3293156635132717
1101,1.2008811053461939,1.2559860691976608
1102,1.3582498135550385,1.4333492250434297
1103,1.44698900572172,1.285946822909132
1104,1.1138732457971012,1.5056155162088776
1105,1.1472961865563829,1.5571713737867356
1106,1.110451863738684,1.5350703098086633
1107,1.1743962653304105,1.732377664490204
1108,0.6343782951206246,1.570243485933051
1109,-0.19406346511943637,1.4131730408443004
1110,0.5184807775542192,0.9249315224780346
1111,-0.43670230833739054,0.8175556504167233
1112,0.3950060764508443,0.6813795596759494
1113,0.3102303797223067,0.3708605458740494
1114,-0.8760565756986672,0.3330368826775538
1115,0.1049360276815078,0.029763228733520553
1116,0.20358893866006633,-0.04995262985312187
1117,0.08857395037771777,-0.010518142673838578
1118,0.8936443035077707,0.09809152942833163
1119,1.4296239067856213,0.2424458764068634
1120,0.6272221613583608,0.49400620963079206
1121,0.422480991427704,0.7315486784338096
1122,-0.44464779285684297,0.7636128433114681
1123,-0.47801655081493555,0.6136650280666742
1124,-0.07417859854212681,0.4941787534858601
1125,0.20222541847490139,-0.12199142904198276
1126,0.3234902033979929,0.04048205964842047
1127,0.4438645022290071,0.07910642122013296
1128,0.2754700049455281,0.2666450682734332
1129,0.20809126280769802,0.09782481547498384
1130,0.3341064420018983,0.1972881316788372
1131,0.6570757304673188,0.44741528685513304
1132,0.4497848804867489,0.222542882795579
1133,0.4173246953365445,0.6456869378821037
1134,0.6908551736522888,0.43762718864566663
1135,0.1084776713915865,0.8387835433205078
1136,-0.25550580439266646,0.43563496574056837
1137,0.42247511580772934,0.5785803019193343
1138,0.1158683110610109,0.3412404700773273
1139,-0.4957420612993206,0.33270675463796984
1140,0.056999210942819414,0.34391305778058184
1141,0.25426919439433493,0.08802931027072701
1142,1.2152918193883497,0.060565710806128506
1143,1.483005998987028,0.4470732034377993
1144,1.7949127266604654,0.6664849093758758
1145,1.4426408603507592,1.1964077907370603
1146,0.7333170756470436,1.2793706359535884
1147,0.7247361035616678,1.4339215710998015
1148,0.9006147711512031,1.509110265331633
1149,-0.05448077114031744,1.5368470578763098
1150,-0.07988671285503034,1.2073595442587226
1151,0.38716474308292353,0.8540696896575782
1152,0.45457684892135913,0.6981635039761197
1153,0.9569824480319826,0.6773006863252395
1154,0.40015695196724616,0.5922146923987074
1155,0.21507271546316903,0.6374525535091164
1156,0.7740700606024841,0.7100241267506231
1157,1.460689296800675,0.679155831224327
1158,1.2516179669495258,0.9180936851833227
1159,-0.058401819755692315,1.0666167296503626
1160,0.0329785412211955,1.0792365375548052
1161,-0.14359278546403542,0.7367277522134688
1162,0.3904047140867949,0.5314222549323443
1163,0.8532458939836409,0.583716277792625
1164,1.2081818699407514,0.6110319059823736
1165,1.740914513604438,0.6400552939775385
1166,1.1701291473373516,1.0082139414881401
1167,0.8554306334575548,1.2874689411693767
1168,0.37086870842376307,1.1579176615944096
1169,0.03776547049613908,1.3173635167362066
1170,-0.5965709907815778,0.8349955187709588
1171,-0.5877770239961682,0.7017469262179484
1172,-0.6201398297322401,0.33400386299727436
1173,-1.4754504489520281,0.09740208381732915
1174,-0.7292280432820851,-0.4199514893962078
1175,-0.7270035230782963,-0.8422349716831894
1176,0.16369753030966597,-0.9209505077196488
1177,0.7139892244498027,-0.7003919171886425
1178,0.5960172992732304,-0.5139135309717296
1179,0.290398293546292,-0.14334026837203595
1180,0.013364330882879525,-0.004846814642025864
1181,0.28362502179167304,0.18721588873987544
1182,-1.3487652482423076,0.22156508199157093
1183,-1.7011770776574364,-0.005320783550410074
1184,-1.8242514709580715,-0.44112199696178483
1185,-0.7008980509500085,-0.747565543563838
1186,-0.013278305838232463,-1.2174510849016986
1187,0.326343649614731,-0.786839802510604
1188,-0.04771354439499021,-0.9253322534188037
1189,0.04137707505489047,-0.6429352451597133
1190,-0.8086597349401785,-0.5804348836826388
1191,-0.7380623308017652,-0.3800947124561088
1192,-0.6560277224121752,-0.38639580342966495
1193,0.2811200257041228,-0.5414160345690765
1194,0.5519918239139026,-0.48480409751764314
1195,-0.3211129810788555,-0.35442569740911867
1196,0.30369262204796893,-0.20375614310538342
1197,0.32102451236743046,0.07704548489343213
1198,0.4199359815936155,0.2905090439825491
1199,0.13902405988180708,0.14271423217968893
1200,0.13071367588309882,0.2720200698146256
1201,1.052199721742667,0.41863610040754107
1202,1.2529391430446317,0.42099215859844
1203,1.2714490038534076,0.6881237924796099
1204,1.9672090348748943,1.0848062727307795
1205,2.0394105442169668,1.3564200626603835
1206,1.183217217631414,1.515576140096613
1207,0.7111270335867154,1.7983539108235103
1208,-0.39154084201368344,1.776026190059741
1209,0.5651090400705581,1.3347653877142753
1210,0.6719299364622522,1.2038923177496152
1211,1.318136291773614,1.157620653386394
1212,1.7042955080801527,1.081551256189522
1213,1.385237436995547,1.0926528703626595
1214,0.5866325422552578,1.4776312203848745
1215,0.37912366879680137,1.3545237709922504
1216,-0.5202439019472732,1.1911504877890513
1217,-0.050070465558190905,0.8479979163928565
1218,-1.1798182092077887,0.5893274018797323
1219,-1.1334625184979181,0.07512831243185125
1220,-2.1964945090835215,-0.236775212445156
1221,-2.567467210224449,-1.050877946518495
1222,-2.0112684661816975,-1.3401982296878407
1223,-1.6033010105232355,-2.0095218950475355
1224,-1.5048997968064461,-2.1999112023420095
1225,-1.1957239388563805,-2.1770831010130522
1226,-1.2083938748457703,-2.2122349303692244
1227,-0.6010055343740516,-2.1618107670681566
1228,-0.1590272555256953,-1.9014384874932722
1229,-0.6253552942541164,-1.6330982027635303
1230,-0.476221556557359,-1.2615322872102104
1231,-0.48229850330128304,-1.0535968587881241
1232,0.48759406250837617,-1.0080638158151551
1233,0.7121687375017217,-0.6325875791387975
1234,1.0648811144028734,-0.16500102360430752
1235,0.7210553343098277,0.07530100985283894
1236,0.9963456706102636,0.5959080556222481
1237,1.1449027037055979,0.5899120174122501
1238,0.9110527008638087,0.937812716481503
1239,1.124219315428641,1.0656815142424574
1240,1.2113995958709023,1.2580041138485711
1241,1.352395833894189,1.367092419530201
1242,1.1631364869595744,1.4947977136129746
1243,0.9808673029998174,1.3332804446340079
1244,-0.13985553384012253,1.578652213865443
1245,0.4704381053453654,1.4305383686010398
1246,-0.025832151256781354,1.0666996707786696
1247,0.44244253235421827,0.7269095640608622
1248,0.6824683561088549,0.5937347698518506
1249,0.8268620473158182,0.7817323350640691
1250,0.9252038011265585,0.5153108242690254
1251,0.7992698345453921,0.6737610799639902
1252,0.10828428033649407,0.8458002479637381
1253,-0.192971833494498,0.7919889869866809
1254,-0.1687185063637002,0.6826768329117427
1255,0.070957474031585,0.3669636710481345
1256,-0.21314676916091013,0.13694272611516903
1257,-0.3896189611285232,0.19030509120617756
1258,-0.929081043667584,-0.09989463249994675
1259,0.2387459927852874,-0.2602130333442053
1260,0.8795224052008624,-0.15094591196719748
1261,1.0609966639869124,-0.026608221767387134
1262,1.625714460961067,0.15716737802853042
1263,1.5293967612507264,0.7341667210355696
1264,1.2641423263729183,1.304406547985832
1265,0.8971176632545536,1.1818522191525787
1266,1.1932137772633267,1.4006253426845117
1267,1.2832628285449292,1.693858096715707
1268,0.8692834603565281,1.4623504767236468
1269,1.211409738779882,1.3701779360013941
1270,1.7910437278346145,1.5975247468216183
1271,2.5730284978962388,1.6592436469379876
1272,2.164186459349047,1.9083834387514964
1273,2.9558716843965938,2.270924560680903
1274,2.4927708139777023,2.6089369974543763
1275,1.8846479721132932,3.0770814622800238
1276,2.375535800561712,2.9248883786457567
1277,2.769129316194229,2.9596663643810817
1278,2.7126976956426883,3.1088942659695706
1279,2.5643416930703093,3.3795267765591808
1280,2.8027277429288757,3.3257888211139774
1281,3.0105166529530503,3.382968953464235
1282,2.4714177736117273,3.6402484811658877
1283,1.7879891262824275,3.716581192108721
1284,0.41233033839060423,3.19709586832365
1285,-0.4174036426508067,2.906002664551064
1286,-0.14202807578754845,2.255789402629102
1287,-0.5546346310897986,1.3312950259063565
1288,-0.3689452342439415,0.8521101154913772
1289,-0.38400866998926453,0.3435356626497119
1290,-0.49617394124056025,0.0840488399773552
1291,-0.3748310965962924,-0.20900920103066958
1292,0.4580585432430946,-0.24834701551963978
1293,0.07815802340064133,-0.29087245423442676
1294,-0.04237942437978038,-0.19765495891876245
1295,0.3105671972100525,0.03552714056716713
1296,-1.0352722621384065,-0.20222960791954614
1297,-0.1730122761716587,0.035461861497729036
1298,-0.2698192641879983,-0.21187198960888054
1299,-0.13625369325600434,-0.3751020520176412
1300,-0.7706503387890405,-0.42443335689168615
1301,-1.8464508585023265,-0.35491939566383
1302,-1.6548550043091592,-0.9056522073552544
1303,-2.5384417125469656,-1.2358862835768207
1304,-1.832752038203827,-1.6444754932228283
1305,-1.103038302333939,-1.8673969438525428
1306,-1.388868533710591,-2.0905428882977883
1307,-1.7596124264317727,-1.980992240598363
1308,-1.7665013584986977,-2.3480158881451754
1309,-1.4287443598384575,-2.222672382924519
1310,-0.8812308500210901,-2.1044554792249435
1311,-0.17183211036085727,-2.09610186097964
1312,0.6716497274594382,-1.5948352932954781
1313,-0.47607933951420217,-1.3212435647948058
1314,-0.27713839800691326,-0.7800458885405036
1315,0.06458504079673821,-0.7213126630000554
1316,0.3026095049825685,-0.45180986067650336
1317,0.8834527278491975,-0.13640595763383467
1318,-0.15655262834366898,0.12433426962106228
1319,-0.2689334458983998,0.32469775251596034
1320,0.15655350822797492,0.2743866707311004
1321,0.6992300180785418,0.3727274768383153
1322,0.8849767527327645,0.3255319097636937
1323,0.632824496099809,0.27671875693933773
1324,0.6982891140553871,0.7689473271167507
1325,0.3808439016430111,0.6506482545828528
1326,-0.02413091174374984,0.6692691040824224
1327,0.16141337812585996,0.4640403106169694
1328,-0.4070771654628851,0.4015195329435024
1329,0.5551955941384543,0.11968230626476639
1330,-0.1362708960755444,0.45561239425057676
1331,-0.050737513725951026,0.11862948433407106
1332,-0.44639455480439977,0.15145844341090012
1333,-0.13730645577739908,0.25103065774557015
1334,-0.19863173418185728,-0.23315294194550423
1335,-0.6591875159800442,-0.12859340943695383
1336,-0.9193342410087354,-0.3244865320502354
1337,-0.7225159207881424,-0.5080838600630279
1338,-1.217739275323841,-0.6888489759216689
1339,-0.5702187852713732,-0.959706737703197
1340,-0.08407226243558195,-0.7577863125736652
1341,0.3379323665184912,-0.7950294002505438
1342,0.5931300976671494,-0.8400557897532278
1343,1.151505457752753,-0.21100457435048342
1344,-0.47239229859262283,-0.024099200691275243
1345,-1.2774107310162561,0.27069412126167597
1346,-0.797587922006785,0.02580185783477408
1347,-1.5491160258595333,-0.11233368501833055
1348,-1.8174962434411168,-0.9084041496298849
1349,-1.7042073389784973,-1.1599029898149238
1350,-1.7084852324793744,-1.597614319623322
1351,-1.4775248151250915,-1.5934815734966135
1352,-0.8943557418917488,-1.7616831864507638
1353,-0.4960965416520826,-1.8631209591716646
1354,-0.08985097545687433,-1.6712459529990862
1355,0.44547128131833846,-1.359215665892471
1356,0.35276952200066714,-0.7556112183827701
1357,-0.8410710424689396,-0.48296206800288144
1358,-0.5399345061161238,-0.31381926122857917
1359,-0.7639274926492842,-0.29532050641737795
1360,-0.7776854807171223,-0.6577166545645596
1361,-0.5147252777772165,-0.8265192093552112
1362,0.2507763517552613,-0.7405858328963199
1363,1.009116705398856,-0.5481570478869892
1364,0.7385390735862112,-0.30469008392748875
1365,0.7942410848899489,0.28407024033596107
1366,0.3912675750671335,0.4758535947477376
1367,0.418373740968766,0.5472931815939371
1368,0.3239619402374678,0.7291622134723107
1369,0.37118401846619264,0.6765643062796982
1370,0.23641918245638777,0.49182326159835915
1371,0.9394162812686835,0.6835693535160526
1372,1.1158450268865776,0.7163003724715525
1373,1.2114846824552477,0.7925151698620324
1374,1.0320176327011794,1.0686861380805854
1375,0.9249327225469367,0.9091963892421081
1376,0.07546165987197338,1.342487968943464
1377,-0.09213295024723657,1.0137333145144378
1378,-0.46810363104666025,0.7769398254284602
1379,-0.294460980480467,0.6192049665058614
1380,0.04562960860206504,0.18771919998082648
1381,0.7952032796842244,0.2648097019770059
1382,0.34143342122596865,0.23268286103288371
1383,-0.2546514113334182,0.2015560879457221
1384,0.022078459770665033,0.17444546293526708
1385,0.08992418459461417,0.14499734790114854
1386,-0.22884892235169887,-0.15702436429970815
1387,-0.4447087789231952,-0.08491088369556779
1388,0.04205930684224136,0.02710575568095039
1389,0.5580075880246737,-0.32366117531533223
1390,0.6549481356040562,0.04549600119800664
1391,0.951331940354086,0.2156972365892623
1392,0.805347905150455,0.4528085724350783
1393,0.8473007211018454,0.6819680153725399
1394,0.3542672549632956,0.7262557932118624
1395,0.5056704287641364,0.7594449151820899
1396,1.1479114854945915,0.9279144923648627
1397,1.0620827699488697,0.9972588777523954
1398,1.7176280697259436,0.9093727119648436
1399,1.23756700286958,1.2989282380412144
1400,1.3794116191900605,1.3737634409140702
1401,1.5565337945783706,1.5389150061245496
1402,1.4610419734349767,1.54580890328129
1403,1.065930534117274,1.6202498599901685
1404,0.6956040441345818,1.554964030902866
1405,0.5252833605148917,1.6842145021765011
1406,0.7541526676026544,1.4773331340382223
1407,0.35384832787687137,1.2991247541732147
1408,0.8355439548298396,1.1802927130114986
1409,0.8107039638478718,0.9985155266910237
1410,0.3272900011659653,0.9049138841120085
1411,-0.31799285733630056,0.8251099483194765
1412,-0.8562995527577097,0.48516862183958864
1413,-1.8834707803923136,0.21705365445595332
1414,-1.5060695828979793,-0.17647236519764317
1415,-1.999413891270548,-0.8408363551263411
1416,-1.8030344416628499,-1.2386350750235484
1417,-2.1550638567382117,-1.814003196339372
1418,-0.7265461634817018,-1.9271436021177903
1419,-1.3143358220928658,-2.0774100724555775
1420,-0.20665310459639846,-2.0309674417503256
1421,-0.7037575950037042,-1.6247024775570835
1422,-1.821827842761564,-1.6983876483113036
1423,-1.1169008555904514,-1.3841782314303357
1424,-0.9083161017223692,-1.6071540049177226
1425,-1.0564305624787642,-1.5350738585975776
1426,-1.3326162337280347,-1.381398285740469
1427,-1.945100395064282,-1.4930792822663286
1428,-1.550258598728153,-1.6307871129029778
1429,-1.399307257354668,-1.907867172167803
1430,-1.1304733719759879,-1.9750614920094771
1431,-0.8274483983521821,-1.7918034211387823
1432,-0.831996672002713,-1.6754861946866275
1433,-1.7522381321093448,-1.7193328373974957
1434,-1.396702661491883,-1.508456311409165
1435,-1.4832879368747633,-1.7214054806945014
1436,-0.5972622296770026,-1.6927860845320064
1437,-0.39671499569697277,-1.5593523436054848
1438,-0.18641921913428008,-1.3907037464360674
1439,-0.37681652996637044,-1.2452061191977077
1440,0.4108057746350925,-0.6895501428593043
1441,0.7870536526915831,-0.5285075900765976
1442,0.9850280573921502,-0.11177960796782094
1443,1.0931387128002144,0.1888770284378287
1444,0.7133451839380728,0.4671314943091883
1445,-0.5841226668445805,0.8524481042666212
1446,-1.5273047326397582,0.6427555480234852
1447,-1.4266753438023763,0.3255275543496473
1448,-2.0774996209847667,-0.31980999896290213
1449,-1.6967941151360189,-0.7829761115831361
1450,-1.9587276361536838,-1.374444403142043
1451,-2.2125833670657005,-1.6215290915495526
1452,-1.9331215533459827,-2.274314345677591
1453,-1.5004259140309828,-2.3710772941681317
1454,-0.8747027404122671,-2.2673020138526265
1455,-1.344439933321663,-2.3705684298745298
1456,-0.5960748431803238,-2.1587674438148343
1457,-0.7629297702394674,-1.7402697654074948
1458,-0.5731010989005112,-1.6143443594917428
1459,-1.2106692557293421,-1.2780050109068875
1460,-0.2046489810086239,-1.023429184087639
1461,0.6384706771276386,-0.9013321168082828
1462,0.7089125753037181,-0.916306808385792
1463,0.926501880513671,-0.09443443747572414
1464,0.5970517436688364,0.01615316510005324
1465,2.014319181155169,0.41117637881465485
1466,0.3759171106518912,0.6286044369197069
1467,0.6366444265220874,0.9821369846487938
1468,0.16029543077337916,0.9672239379977706
1469,-0.9086329168328681,0.8994580566972226
1470,-0.26798000158292734,0.5276925857055662
1471,-0.24852029508777324,0.33809024739330495
1472,-0.5794663693524904,0.24004106574519724
1473,-0.5713704639668339,-0.16782073290993396
1474,-0.44678397911611734,-0.3586346092751297
1475,-0.8517673324656736,-0.546280405985092
1476,-0.7981764294462491,-0.781385798208019
1477,0.24298528409888678,-0.6354926793247562
1478,0.5421960467041125,-0.6703228788120169
1479,0.24559652052721728,-0.4560301399821235
1480,0.2625743922723764,-0.2335865215808786
1481,0.5148513245002924,-0.10255605979556834
1482,0.5058252926088548,0.14742604685535707
1483,0.8150700724835801,0.5089054286283046
1484,0.4772518106350481,0.4470390702584198
1485,0.09710557717808206,0.6263179291777966
1486,0.34372604816512875,0.6532999880168878
1487,-0.10072215518900775,0.8041708447843618
1488,1.2615247886128,0.6454154091221984
1489,1.4212577587139819,0.6641678773173819
1490,0.6450740637300088,1.0026906531552808
1491,0.41780047295184314,0.9214407321255613
1492,0.227599077106555,0.9488253130160256
1493,-0.6079837487000422,0.8980950530892364
1494,-0.31143332933683815,0.49635886574876165
1495,-0.45080894738178,0.301753452303317
1496,0.10278368478808621,0.10786160558255846
1497,-0.6125743692842893,0.00600975480017249
1498,-0.8982306499522146,-0.4076164559897787
1499,-1.8749333103646098,-0.5584104946428499
1500,-2.1125738594922487,-0.9191580971828807
1501,-1.9356736999377666,-1.3788280837047466
1502,-1.6102362406372999,-1.6621255635790797
1503,-2.7028315746807405,-1.954458617804742
1504,-3.171124921950562,-2.59610473280509
1505,-1.8242824978481995,-2.761553696166376
1506,-2.5323798481736173,-3.034852614496694
1507,-1.5975837104923076,-2.957001047361667
1508,-1.4034852705016703,-2.7229404490206512
1509,-0.32955560951475465,-2.696786263217437
1510,-0.14300584929837173,-2.1493445271647356
1511,-0.29437799244059826,-1.8883164815874687
1512,-0.36764153833688046,-1.3163237017114444
1513,-0.11265058596899366,-0.8709807938171987
1514,-1.6723860655391694,-0.9281844264581448
1515,-1.0852246925804119,-0.9323274722266337
1516,-0.43369208282609806,-0.9684305043196765
1517,-0.5077068852927644,-1.0553329931005786
1518,0.43978619130438046,-0.9538950267614004
1519,0.00044187307916253895,-0.5798463232012215
1520,-0.21302805671328964,-0.4826393459286248
1521,0.009843266803815968,-0.3750194689718865
1522,0.3769644388086443,-0.17134430471251966
1523,-0.4309366669768392,-0.22134956649840049
1524,-0.8115202988455388,0.09929875600824722
1525,-0.24403644541670405,-0.35267922189678147
1526,-0.9508358254569101,-0.3450774914640009
1527,-0.8903975161600586,-0.6188128135339075
1528,-0.31074285440339594,-0.5031464005763809
1529,-0.5082497784737954,-0.7334289304453361
1530,0.022201528953661395,-0.6784295968640784
1531,0.1574520429886758,-0.6624405440587279
1532,0.5492228753612599,-0.5012047307534078
1533,0.7429825843190876,-0.2444270834913112
1534,-0.25737305220919376,-0.02299154155415789
1535,-0.6089264514565422,0.0725152833774507
1536,-0.4078403753719146,-0.10510563043546273
1537,-0.36654271718431924,0.019753623290692315
1538,-0.539790146618938,-0.3028966493855377
1539,-1.0913108711565298,-0.4004689713093233
1540,-1.8193086648778403,-0.4549888605616579
1541,-0.4666310640040479,-1.0073217484791355
1542,-0.033551296978314146,-1.0859027441841547
1543,-0.38962389917676454,-0.8476613604894445
1544,0.17062694350476398,-0.6567648541565277
1545,0.38696696735037933,-0.6212684349164369
1546,-0.8300776512661128,-0.4825230383207198
1547,-0.7115901520467913,-0.4119540475139476
1548,-0.3766895279422092,-0.3093029496950345
1549,0.23119677154351556,-0.4883608012427121
1550,-0.5185638754270786,-0.44974161113399597
1551,-0.8814763192964695,-0.24981432815157587
1552,-0.8979243883018763,-0.5091507450210075
1553,-0.27729254970145967,-0.6541962234968085
1554,-0.788005311761126,-0.7962544719739002
1555,-1.5853520649047643,-0.8545513998794404
1556,-1.6002334842950836,-1.0337282564158958
1557,-0.5998468219189023,-1.3017648524208514
1558,-1.5509676546999198,-1.4573636472595677
1559,-0.7994579390849925,-1.4140807424715267
1560,-0.5013715164965417,-1.3613744250488242
1561,0.13895805051236465,-1.347894744707041
1562,0.12390107089178877,-0.84946127315253
1563,-0.5403556252080497,-0.8967283732104233
1564,-0.11442596640470755,-0.6513658963478284
1565,0.23581444902383072,-0.45684235517848665
1566,-0.08069149561610613,-0.24849982538954374
1567,-0.2281121670225811,-0.006658661270824984
1568,-0.3709950330655951,-0.3017971865004886
1569,-0.4856680559564547,-0.11327582112233724
1570,-0.5037442784808516,-0.10538132613795595
1571,-0.049263448468736835,-0.43078026170215006
1572,0.1390664547124323,-0.30996454476428703
1573,-0.11603425697491637,-0.33880901454022033
1574,-0.9710909712033502,-0.3941986465845278
1575,-1.0373482574184467,-0.4678071098077959
1576,-0.668972332471663,-0.4730296780256288
1577,-1.1711754790769382,-0.717904062430765
1578,-1.7245092689621144,-0.7970263611115904
1579,-1.578488257789676,-1.1808229053671582
1580,-1.5686266906490076,-1.4102990629637262
1581,-0.8055786522114443,-1.6237587050317612
1582,-0.14375823939063628,-1.4216851746983563
1583,-0.24347132366707874,-1.638837613317709
1584,0.1279877504406983,-1.1401677485624016
1585,0.7154799071527275,-0.8571896359872363
1586,1.027922400476503,-0.4049976485967584
1587,0.6995419913649342,-0.014598663792693456
1588,0.7244012744678285,0.2951515243770122
1589,0.8506269357612587,0.6908957201200783
1590,0.4160197509275563,0.8249125222297783
1591,1.0105014696958625,0.6109120504049215
1592,1.0462563012171684,1.1895301583558195
1593,0.5243815835272142,1.097749321403387
1594,0.40639067070726576,1.0332706835715348
1595,0.6816680215326125,0.8988222990915828
1596,-0.003747585293676049,0.9957876350549932
1597,-0.08380894447877993,0.7908959117543806
1598,0.27616310123472965,0.6280594848896378
1599,0.4131139248142875,0.5425246999314632
1600,0.9291005395379965,0.2570699490342333
1601,0.49571308908682377,0.27699637717031084
1602,-0.05587651394314636,0.5723916150642757
1603,0.23043516318076374,0.5242149791609844
1604,-0.21556720427386178,0.4380750653962849
1605,0.48535972637456937,0.23358185772914097
1606,1.031879936509055,0.38455260689253823
1607,1.2677181452491921,0.2802479762448718
1608,1.6423731067080263,0.7314957626451891
1609,2.0544518298372294,1.1387430844804765
1610,1.792950300592913,1.4055718433482938
1611,2.03345195014102,1.9677846081611323
1612,2.65848274741663,1.9992942076059625
1613,2.9010984504570896,2.5922212426556204
1614,1.1310823167905881,2.679788232725957
1615,0.9778264002706137,2.637638692273654
1616,0.6538529640844503,2.6438904453466696
1617,0.27637631950106156,2.2801639191879346
1618,0.08245490059419278,1.7759333549113574
1619,-0.4017587622865919,1.3498875099870422
1620,-0.7446029605918096,0.7950838634943717
1621,-0.33061165406989035,0.34760719924621364
1622,-0.34534847361383203,0.14069226211835403
1623,0.004628215295930703,-0.1843793287686265
1624,-0.33482186970764954,-0.30614092147155053
1625,-0.37503358479799276,-0.13691535031009408
1626,-0.26601802627867227,-0.6093979963782902
1627,0.08951744342167613,-0.4593058360580992
1628,0.442468205470057,-0.30059394746786
1629,-0.749138865918691,-0.10710127315148307
1630,-1.1987290927794596,-0.16055954013489995
1631,-0.2881814828066163,-0.2584608692240056
1632,0.03986501896688934,-0.48109530064037803
1633,-0.037719636658061835,-0.2335769463190447
1634,0.31878790077399527,-0.5662304294099669
1635,0.5870118939043659,-0.1914782134682981
1636,0.45735164933613187,0.00627356515223737
1637,0.083812912674945,-0.013883179490739167
1638,0.4768497229764276,0.23351300401751077
1639,0.8460666111566414,0.33439928959082177
1640,1.0207408541782486,0.42430119159054747
1641,0.2432179291428919,0.6600333075371299
1642,0.008087981820257557,0.5921610708666375
1643,0.3516635273841124,0.7531907158712304
1644,-0.03634754821467498,0.5044791622345769
1645,0.02508072843449506,0.3766984386218884
1646,-0.02680597224716631,0.2128995339605365
1647,-0.15293330210006986,0.1664221630365883
1648,-0.3122078661023195,0.19189942345752684
1649,-0.43034744630085736,0.0655567173409199
1650,-0.8845617467251713,-0.30556960936798505
1651,-1.406880215688732,-0.3480759981696396
1652,-0.9825959034601636,-0.7538605733086937
1653,-1.4395857123611089,-1.0914456991518433
1654,-1.4854535358066436,-1.2723275301502548
1655,-0.7047170337280665,-1.3480192872905121
1656,-0.25119596105256575,-1.5276100204739191
1657,-0.9351867286893292,-1.346133665933559
1658,-1.0566552197706176,-1.199611796741105
1659,-0.37624627597730337,-1.1722063054040985
1660,0.10585230335176966,-1.0524392602723092
1661,-0.03577256395461011,-0.7123810046976644
1662,-0.22870819290498792,-0.9115127672141026
1663,-0.4713352792718339,-0.5397492431555468
1664,-0.529463800060361,-0.4061445399020801
1665,0.4551641850164476,-0.35906511808207536
1666,0.011955398551033421,-0.3463785080865248
1667,0.8327309125081686,-0.0449601684094678
1668,-0.39233128912251136,0.0428242246451275
1669,-0.35849795626665854,0.19042752468599417
1670,0.3121594438640397,0.3400778919170069
1671,0.3577078923310441,0.13448910380087337
1672,0.7416531192155936,0.10179409653131094
1673,1.1186663654350222,0.3691933841061807
1674,1.5669782315157763,0.5835066785801742
1675,1.298845256401727,0.9286180937421652
1676,0.6992540517546837,1.1454288945726308
1677,0.9595249065724727,1.2363524811135005
1678,0.9068323614057082,1.1653538875616114
1679,0.11967589678282049,1.4287634034671362
1680,-0.6869668176560096,0.9713960316640495
1681,-1.099113280714778,0.6089227356264627
1682,-0.9681500663405482,0.1552045707912011
1683,-0.9053331033526065,-0.1327397465259877
1684,-1.6504422659658846,-0.6137369856573244
1685,-0.8366351607707887,-0.937458182040777
1686,-1.6939812060550932,-1.1970959759228499
1687,-1.3399436086426628,-1.2513583813809994
1688,-1.8913807002907321,-1.59633606046121
1689,-1.187832571469666,-1.597222295081686
1690,-0.5722583274542389,-1.6100266545580173
1691,0.00761881291932705,-1.6542362260507424
1692,-0.21614029616060154,-1.4096413252920021
1693,-0.392707627055475,-1.0902301359553281
1694,-0.9427313456485341,-1.0264878693227892
1695,-0.017469546130206,-0.9186546273260671
1696,-0.4972859814761154,-0.823334194968559
1697,-0.3596539865523076,-0.6744555359057355
1698,-1.2598958253458472,-0.6919899182945164
1699,-1.6746475780490322,-0.6425446701909309
1700,-1.8201546100289296,-0.9655246486718807
1701,-1.8503647622330393,-1.2894891104849995
1702,-1.125862123181716,-1.6164071555773882
1703,-0.9003743610329918,-1.7572452906809588
1704,-0.0936301627435784,-1.787277666287806
1705,-0.29233790974737317,-1.4379018810216888
1706,0.14167375240070415,-1.2114778778124917
1707,0.47459841765580013,-0.8602850897892955
1708,0.49444047439546257,-0.6061995730152361
1709,0.5139796628310815,-0.38337839706596705
1710,0.019074716661620215,-0.10889521224973014
1711,-0.5372178503005979,0.2024795038325901
1712,-0.2839585933801042,-0.014660337578976945
1713,-1.1791788588952314,0.2350351799250927
1714,-1.554124314519428,-0.4747086780311502
1715,-1.517545898813084,-0.4015797452365156
1716,-1.3658229889317701,-0.9210090155371764
1717,-1.1036974599009421,-1.316293123061583
1718,-0.7921488783874354,-1.461746357370001
1719,0.32200919013570145,-1.3380294803080186
1720,0.3578952801474588,-1.0921903480169959
1721,0.10860092125271291,-0.7411117933532984
1722,1.1783625451846156,-0.3573686768339757
1723,1.1008948308423947,-0.10938668439465818
1724,0.9381326048167739,0.40372403968671183
1725,0.03867198889897557,0.4824982244090277
1726,0.16335719205525273,0.656875006188441
1727,0.27938607436741947,0.6443634286178969
1728,-0.059463570168184515,0.5798616501417648
1729,-0.17398596228078575,0.42353539849182
1730,0.3230647395433512,0.426621437119616
1731,-0.30800093381383525,0.08984522861223149
1732,-0.13204209764890257,0.024015184467447576
1733,0.7974340670178716,0.14041031325756329
1734,1.042192439698625,-0.02601064926694971
1735,0.8915696486220891,0.33355217963291206
1736,0.46150280816922673,0.8032421963607135
1737,0.908407620102433,0.6581535132855237
1738,0.7890989014213418,0.6684130126592518
1739,0.8566743747884452,0.9200198570115417
1740,1.0420344289924255,1.1246855293092866
1741,1.2435242229809924,1.024022870216859
1742,1.7962354386504285,1.2200359235748381
1743,1.3657756636760865,1.3433372403169708
1744,1.4749352489696508,1.6153757291224555
1745,1.2340022266993729,1.7181268561337517
1746,0.7842803312767581,1.940085935697735
1747,0.8602277197584067,1.6309408689331284
1748,-0.4093744326851317,1.339758332946131
1749,-0.3851223974972077,1.3217684066682895
1750,-0.0059383813313104074,0.9089920980848192
1751,-0.5429320109670039,0.541158376516157
1752,-0.5544557036128146,0.3387883538270168
1753,-0.8115996370494458,-0.03649890669074002
1754,-0.824111759889643,-0.4112191880507531
1755,-1.2591379879395714,-0.7199965113402136
1756,-1.847757802002439,-1.0674409928933188
1757,-1.2957696734906508,-1.053955488985336
1758,-1.0612456881294416,-1.38463849160341
1759,-0.10421653450635998,-1.5682879858137833
1760,-0.9897474766778315,-1.4749993125324559
1761,-0.6935154172452794,-1.143983185939011
1762,-1.0451465805585842,-1.0627140406031041
1763,-0.7368128006435342,-1.1401447773864455
1764,-0.04767828335472491,-1.066959542672797
1765,-0.5121607682146286,-1.015551290176471
1766,-0.8759586050476712,-0.8517371631952925
1767,-0.9412656177446823,-1.074196952670143
1768,-1.3513136525070364,-0.9794469237486934
1769,-0.6644818591061286,-0.9995397547606126
1770,-0.04066168834036729,-0.9048433796381964
1771,0.364275358115328,-0.8600981460958462
1772,0.5634926762565787,-0.6640719368714436
1773,0.3238307179642989,-0.5761287303002554
1774,0.48215225481579843,0.11598060774061214
1775,1.1411062686002738,0.08261966036886162
1776,-0.1011830353229818,0.2782391549612064
1777,-0.8355103373831462,0.43288637986908224
1778,-0.11551423763217068,0.18596606976795713
1779,0.0037884897069986063,0.2520398232465206
1780,0.2348864756626653,-0.03981863744267196
1781,1.8128681922918501,0.16388796834027708
1782,1.2094895695133565,0.24688781640259394
1783,1.0789446825929387,0.6565157924530922
1784,1.2264026240288237,0.9950076535656351
1785,0.8919557753190059,1.2554576680713863
1786,-0.21866404823212343,1.1348355926339657
1787,-0.5404912782396449,0.9843026568089234
1788,-1.0749284774750536,0.7452016325123325
1789,-1.3247772261104331,0.34629377043025655
1790,-1.9924662169697875,-0.17857521260642176
1791,-1.61500985771526,-0.7295684528864633
1792,-1.5243110438830907,-1.345453913187532
1793,-0.9277665990363,-1.4603103547368053
1794,-0.6981937966175028,-1.6473895203034516
1795,-0.6391037824490658,-1.7159236894976673
1796,0.03506525396381082,-1.354237659362571
1797,-0.2256123201719945,-1.2555862842849954
1798,-0.3475637319714314,-1.0253548327740598
1799,0.15550743238565917,-0.7022014734866233
1800,-0.024634785008695665,-0.4290668451040149
1801,0.698948598857141,-0.15626478651332135
1802,1.1877605213903693,0.15773443173472712
1803,0.9424838718011431,0.29911731506594746
1804,1.1367924551011928,0.6534464692337759
1805,1.0225760444970051,0.8631725900379281
1806,1.4110957881914141,1.0950146407319747
1807,1.9923346043088879,1.3860478887208587
1808,0.986480693282433,1.596512166692068
1809,1.4935584560255588,1.4800161968663605
1810,1.0585774499187028,1.5068047103778863
1811,0.9865233426366193,1.682596987331746
1812,0.8937496688687467,1.7501067279707478
1813,1.4258040874268036,1.4657743264282599
1814,1.2347627871989089,1.6039017581723476
1815,1.740628272845974,1.8000302544030102
1816,0.9018482531378126,1.5041856071737683
1817,1.2242678821021264,1.7219739377003098
1818,-0.38647313252596915,1.6097636559322663
1819,-0.26956690438557573,1.2323870896595983
1820,0.8373716578958664,0.9326069939019901
1821,1.0537120276579144,0.7532521914125957
1822,0.6222948188180962,0.7339796419392723
1823,-0.02849566639650766,0.9513361476739989
1824,-0.4249900229196567,0.7878408831956434
1825,-0.4424131197049994,0.6129497368061139
1826,0.052581028698198466,0.2390458749420099
1827,0.07991112321788768,0.1580302427362472
1828,0.07834155790044521,0.06427262835065896
1829,-0.29647636734957034,0.07649583223099043
1830,-1.191826095341936,-0.1974303399657632
1831,-0.39446282498232826,-0.1876587286090175
1832,-0.46381823795301064,-0.44396081994712444
1833,-0.32377217456032886,-0.46565983440000763
1834,-0.09409638761874975,-0.5552092835279145
1835,0.09616063147324296,-0.3745883708700752
1836,0.29205686657313923,-0.44371629677467295
1837,0.7688289871047654,-0.2646677864452861
1838,0.7509748939949804,0.004861435061658086
1839,0.6313962382790907,0.4437702453814044
1840,0.508537807721312,0.3090241878175728
1841,1.9089817165848006,0.6860915219695415
1842,1.6702253896123922,1.0270799047025867
1843,0.9695701618685324,1.0983459651284004
1844,1.3212347734330112,1.530353784379963
1845,0.5646069412740585,1.511017581390004
1846,-0.2199617388557274,1.4367879638832588
1847,-0.5047740252813255,1.110358626534414
1848,-0.2937614649814252,0.5875952277350938
1849,0.19144836646181299,0.5697402208252926
1850,-0.6767650875374784,0.16055170919477202
1851,-0.8360826080308594,6.37323508138575e-05
1852,-1.1849679149295322,-0.2568538353476371
1853,-1.5773349427591656,-0.6488794836446872
1854,-1.376839226660579,-0.9754626107780827
1855,-0.7389435899576439,-1.276260581727112
1856,-1.1004551085935304,-1.182511217444944
1857,-0.5501327926407349,-1.4875294125585496
1858,0.21637192757104004,-1.3153988951922384
1859,-0.11730177060744337,-1.1197216888306465
1860,-0.15138801135538135,-0.8901897814003847
1861,-1.1343138897344178,-0.692485163244162
1862,-0.2743561524002896,-0.6353583843444639
1863,-0.480145308387125,-0.4951906312531413
1864,-0.5439808401971076,-0.510800355555485
1865,-0.29764258271244026,-0.6069943346857904
1866,-0.03752285834353932,-0.7078743207264235
1867,0.02471864708374693,-0.45185825811666575
1868,0.5800277187746147,-0.38585265716727934
1869,0.5718170063925352,-0.13600101269064263
1870,0.7459870804947478,0.03961924417272332
1871,0.21660737859372287,0.23966196686187896
1872,-0.4357557766058817,0.16779079822758536
1873,0.27552735795861555,0.5033323530646889
1874,0.9943030780482064,0.24120985377827214
1875,2.2899005298874453,0.435973752491191
1876,1.5767650174305594,0.8141818788886215
1877,1.5839015512776418,1.231161776140033
1878,1.3553029968670374,1.6723081331514351
1879,1.487691597135152,1.8080299288249861
1880,1.644698519492568,1.8173408685408945
1881,1.697838703220089,2.012878072621876
1882,1.5529061159006095,2.10560014782993
1883,0.8693397956228175,2.1856278495460693
1884,0.8821563432292839,2.043867272728728
1885,0.5974200607602094,1.7114380260686042
1886,1.198041656051271,1.5786674862754826
1887,1.2689239078896846,1.4192774195407538
1888,0.331942625346713,1.5145647565079374
1889,-0.38915670038367917,1.3097930778979145
1890,0.975094235188491,0.9772404993458702
1891,0.41554832509122513,0.8364701993078931
1892,-0.33409113198564777,0.8420671912458525
1893,-0.2672340504322411,0.4814655849752658
1894,-0.449612449279071,0.17154320487750357
1895,-0.5071920051374362,0.06449253088620144
1896,-0.7465497558992034,-0.22970469046528025
1897,-0.43096650601689107,-0.35126779161700583
1898,-0.5046581002674145,-0.6497054857286294
1899,-0.4432199689680777,-0.4324473323885873
1900,-1.0363204949129214,-0.687517739473466
1901,-0.6581996430451029,-0.6180582326965185
1902,-0.13846606716005128,-0.7515285155640823
1903,-0.9576508065599149,-0.9596659411890617
1904,-1.848704528630772,-0.8432162266981361
1905,-1.8191017849171571,-0.992069292093499
1906,-0.7129086607559034,-1.5805379432114146
1907,-0.11808075928520259,-1.5012079970100443
1908,0.6645274950579599,-1.2579718647007694
1909,0.37968058550339184,-0.9087818041022534
1910,-0.20909466969537593,-0.770246654239467
1911,0.2293347501352594,-0.024039321102190647
1912,0.7509540100344974,0.11003876749763591
1913,0.16804872266113582,0.15365335492964166
1914,1.7898651076954644,0.6039715048602703
1915,1.8722279258703434,0.5847909972990244
1916,1.6451022000939228,1.1207778404538769
1917,1.9473684976731216,1.4081121772568166
1918,1.6887652044111352,1.5338920233869575
1919,1.425455994161475,1.9996729573743077
1920,2.2874440297162457,2.275810011571886
1921,2.451377953552849,2.4259870139969
1922,2.554166436768754,2.642863038668407
1923,2.348487507165932,2.7594155683348323
1924,1.9191572766556158,2.8266251213719094
1925,1.5996118012163645,3.0035074866736955
1926,1.8033166943858503,2.8023004754077334
1927,2.975809100327031,2.7201368714363348
1928,2.2074547044327133,3.017619499722684
1929,2.0371013142964274,2.8219023246131942
1930,2.3168760895657,3.0089895587160775
1931,0.941581802880243,2.6866767814202337
1932,1.0565596288439738,2.68294297487288
1933,0.5701341443002006,2.49947288091696
1934,0.8049250445756848,1.9550282724867056
1935,1.1615400984266675,1.4548832299521197
1936,1.876720900785038,1.5101930969830957
1937,1.725843342667627,1.6867369223914437
1938,2.2900787902238986,1.7632627803713434
1939,1.9541413053958085,2.0710096850178648
1940,1.9078065030060132,2.1053889820637477
1941,1.8690329418981382,2.3982378704595426
1942,1.7350357749148324,2.4615968063376283
1943,0.6901944306675477,2.459037991306647
1944,0.7212666441379834,2.1595887777419884
1945,0.3113439569280221,1.9272861994585762
1946,0.31696003450236193,1.6987524199408817
1947,0.6149943354062256,1.3510601154170176
1948,1.138587251241047,1.1692834697271106
1949,1.3383979845180995,1.3165743406108936
1950,2.00746515269599,1.1507766814308116
1951,1.23165597994711,1.308885900308464
1952,1.2070492071943342,1.5370909137656215
1953,1.2921942823161843,1.7489050903667318
1954,1.274506070779799,1.645004752534909
1955,1.29286885139556,1.6384052775949725
1956,1.0925599346679942,1.6870727233573286
1957,0.7262438096025717,1.6342597054277213
1958,-0.02822861272575162,1.582580228886533
1959,-0.1713864301669946,1.4564082191768108
1960,0.5414723859781921,0.9293510852948125
1961,0.17902104917235145,0.7830754680588187
1962,0.31668186840342843,0.6205307033426709
1963,0.046280751496995426,0.39275006558120334
1964,-0.43336017099139285,0.33082420885200037
1965,-0.16193917695837476,0.5046703110808509
1966,-0.20677745853229235,0.0845727571270116
1967,0.4390850416767886,0.0833563036009099
1968,0.14445595819069898,-0.02308954091660328
1969,0.4977918893175807,-0.07396147563362915
1970,0.013051774765311866,-0.05046869031528389
1971,0.5631630543360857,0.10408900302466616
1972,0.24353793829001663,-0.03085699375905321
1973,0.4391201634367305,0.35582602096306254
1974,0.7323703848813771,0.354255491156454
1975,0.6008427390870141,0.49539229738620827
1976,0.24330436880189327,0.48580931021798096
1977,0.21051731623535325,0.46158280201875346
1978,0.8518652384674876,0.49399564703028515
1979,0.964852838503741,0.511661071649042
1980,1.6008790239302182,0.5734657498838964
1981,1.3599162060535208,0.9349410452736644
1982,1.0919744885821085,1.297989808290024
1983,1.4025409222891236,1.4863580654450903
1984,1.1224369042051976,1.6258010173766644
1985,1.2946060151277685,1.652821313377033
1986,1.1253347054802287,1.5328408115275811
1987,0.6724021877355617,1.4867242176691327
1988,0.7210750396132503,1.5044638188689656
1989,1.1462288687935456,1.583055311313793
1990,1.0603129298777356,1.214465802507221
1991,0.845977138897982,1.4588194881265513
1992,0.3024031680585658,1.2853884499608907
1993,0.8667876457570273,1.0832873006402794
1994,0.02683611422335642,0.9920703344950843
1995,1.0576128721153712,0.8494223843404441
1996,1.4690513276084087,0.9342363278508631
1997,1.4888416674945684,0.905813777922461
1998,1.4601260422658064,1.2071513953722697
1999,1.0588741721277162,1.4011066666280754
2000,1.1254794748669226,1.4757727630962594
2001,0.24048074915827006,1.3222119801390888
2002,0.10762682174814432,1.639258508673567
2003,0.32191710617629216,1.1820710079540582
2004,0.7301672417961339,0.8669530990195135
2005,0.07861851077534673,0.9027211617865825
2006,0.31003802356434906,0.5198384379063758
2007,0.4428982421974805,0.5575320755522907
2008,1.1916249854334147,0.5489482630756358
2009,0.7608009313781557,0.7278118193579828
2010,0.011224162352188248,0.6696662694283899
2011,-0.01153047033277258,0.6695793671047453
2012,-0.14654508871256855,0.5790176268290287
2013,-0.00800163337431091,0.4382054775863986
2014,0.07662407702837051,0.42561683468156797
2015,0.1720232158134655,0.03155398457313155
2016,0.5937161549019195,-0.008784143634552488
2017,-0.1235521701470738,0.18136965241511616
2018,0.024496953293709735,0.14979858954578673
2019,0.14730657773141614,0.23331261950202992
2020,0.5171199697808994,0.35043563390880716
2021,0.10318320087991657,0.35738715666071164
2022,0.08181522750339118,0.3815037999305331
2023,0.1551430670615978,0.14459526933277567
2024,0.15977817148342913,0.020670462018520214
2025,-0.2287316429422862,0.3869281289808875
2026,0.2752379970058703,0.1250815063851769
2027,0.07676321738782496,-0.1402169129015295
2028,0.7237015810171517,0.18125102319338388
2029,0.019040810228985364,0.29316462311253777
2030,-0.5380822927339528,0.22913404534510085
2031,-0.45735556233919245,0.24741364619549888
2032,-0.21055664556201506,0.034756371265526435
2033,0.17216810927429727,0.010176863129579355
2034,-0.8953865759287085,-0.3207811287764374
2035,-0.40387308190900206,-0.2956442410181332
2036,0.04635940489577186,-0.4051365073771257
2037,0.5533100335733578,-0.5561440010334908
2038,-0.4160355571783338,-0.475845123752339
2039,-0.05700476013924671,-0.18065487775561442
2040,-0.14828156177947832,0.06282098566559291
2041,-0.6798342932224664,-0.07315040621895562
2042,-1.1466973546896775,-0.17503033601334833
2043,-0.58084510019404,-0.3637001886623149
2044,-0.9653851133374609,-0.5416642413722047
2045,-0.6680204891413898,-0.6046639153335274
2046,-0.055849876921015604,-0.6728024630995563
2047,0.8237966140340971,-0.6187107132969883
2048,0.30385028885077947,-0.569165745893103
2049,0.5919277473383737,-0.3519519485754643
2050,1.2927304766141687,0.004111271131757702
2051,0.9163681575891861,0.49112739216978596
2052,1.5043664333325162,0.801233044622366
2053,0.0819217208284069,0.9631046959169367
2054,1.0069026294557577,1.0346394745763656
2055,0.7122355429562715,1.049230188104512
2056,0.9767305652558782,1.2892821056695798
2057,0.4333094001853904,1.0819409833021933
2058,-0.9859687566291427,0.9684685886642126
2059,-1.483854160303621,0.7718319397517828
2060,-2.4462848932259766,0.07443341052941256
2061,-2.5418385950949305,-0.6064608889665931
2062,-1.9751842814857998,-1.4640852046207844
2063,-1.340681078700278,-1.6405580522605394
2064,-0.6727677999716062,-2.059611397028005
2065,-0.6875346090702669,-1.955978362574333
2066,-1.1741558817349997,-1.8542960469274021
2067,-0.8538162729755069,-1.6727721173175192
2068,-0.46830425694136246,-1.5175108832840896
2069,-0.2629080591191898,-1.2660732354895075
2070,-0.36489625248978,-1.112818022379697
2071,0.1466419625673575,-0.8668144202189679
2072,-0.3996364473994016,-0.5452227789291058
2073,-0.4629289012071206,-0.7216901572592133
2074,-0.4577279172606418,-0.384756573176328
2075,-1.0593422203798326,-0.486842275809703
2076,-1.546076332706135,-0.6227840452122305
2077,-2.050750370009932,-0.8363518069007395
2078,-1.7103792993127704,-1.402301502805965
2079,-1.1048637026072656,-1.4965701321085803
2080,-2.2396448521573085,-1.8260427660470475
2081,-0.6997106991291632,-1.7750879267942608
2082,-0.38269755144162737,-2.191819943605104
2083,0.26728538787459394,-1.757651030123451
2084,-0.2280922978305591,-1.2892625354200022
2085,0.21694804629672648,-0.8948230304179682
2086,-0.04082822333172667,-0.7770456873802565
2087,0.40067920323940504,-0.5079611337244742
2088,-0.5546697624732329,-0.12492725013211652
2089,-0.7792612901825815,-0.1271120940213216
2090,-0.753336495641786,-0.37265086793469604
2091,-0.7390399184912376,-0.4327587516830909
2092,-0.31360552133629677,-0.4729575262048002
2093,-0.2934613227731153,-0.5873129871158497
2094,-0.735595373197678,-0.6719395425563532
2095,-0.54198022405964,-0.5097544325181129
2096,-0.9849358422606084,-0.8370916695486603
2097,-0.9657038181271931,-0.7954960414434791
2098,-0.20305878198350347,-1.018964755044006
2099,0.6715296278641655,-0.9201579519552167
2100,0.4781417705853463,-0.5427340703136385
2101,0.2283685813139085,-0.31228311574862966
2102,0.6167160976902735,-0.1911684131087169
2103,0.9313339663904743,0.26519747451502834
2104,-0.3059928555333757,0.45368885968436945
2105,-0.3815636716993824,0.3568123322935564
2106,-0.1349062051164987,0.29953479877054084
2107,-0.1459475467194881,0.197525873610232
2108,0.022444565855554908,-0.14084221248734802
2109,-0.645173849532025,-0.1502867439929202
2110,-1.0401418228005805,-0.01603150278627999
2111,-1.2432780024823655,-0.5793246865023546
2112,-0.600796145404429,-0.7728016825649113
2113,-0.2837349592515641,-0.9835690981363755
2114,-0.0623230030911462,-0.8901173476573164
2115,0.09053805793846263,-0.658274146179301
2116,0.5770445251927123,-0.3859071247816034
2117,1.2084906753441063,-0.021673437222351516
2118,1.1609917035159447,-0.007900117681834212
2119,1.3089301397706747,0.7527576071801233
2120,0.7415465161575402,0.6933292721138925
2121,0.10211971737516037,1.0303875776836342
2122,0.42126817750689893,0.8923353357853017
2123,0.9305239911294021,0.9177868107752575
2124,0.8862501561605043,0.8128169900978972
2125,0.34650288021282716,0.8473815321616093
2126,0.4002974209966833,0.7659823334697324
2127,0.09740218013488412,0.9497881755435699
2128,0.19344848048313368,0.7795102480546581
2129,-0.3491389352184021,0.6082853347782193
2130,-0.047266917406630235,0.3782354159378907
2131,0.0823138162412775,0.2973878335514236
2132,-0.3557436131042696,0.15889478683381714
2133,-0.06457002421025068,0.04796642517437734
2134,-0.018055256366178284,-0.11571456743322517
2135,0.06092597058629075,-0.11775913299400159
2136,0.11061267838762287,-0.16764905634234356
2137,0.6267154772091346,0.0450925208818494
2138,0.8769353732737762,-0.015095080475537426
2139,0.43818545173727935,0.4558541782325797
2140,1.6625481924981649,0.4034548209754661
2141,2.6720313944214156,0.9368899167573332
2142,2.872876697971882,1.468107727869214
2143,1.904971894271671,2.0560805222807934
2144,0.8864848537922756,2.072940679575948
2145,1.2435275030077113,2.3859764715525555
2146,0.3665319329485616,2.0959546727471925
2147,0.15211141664676794,1.8503255841013568
2148,-0.015234035871000582,1.4998412906690688
2149,0.06907668376409055,1.0339153904205363
2150,0.1024995875794056,0.848443740537431
2151,-0.22067853226511688,0.5610165980441882
2152,0.5258172188528131,0.3406154300881749
2153,0.826004726304396,0.29502476059191896
2154,0.8144625753016543,0.31357794862126326
2155,0.7489402250386823,0.38379735026234335
2156,0.7968282704232875,0.6578792875245792
2157,0.20703581698087123,0.7376069274058908
2158,0.018398378546844448,0.5076725629069976
2159,0.34267361137025926,0.8023408361258666
2160,-0.261030259727594,0.46774357746301554
2161,0.32814485565701845,0.39695318278409614
2162,0.41750295631881945,0.3532525378735832
2163,0.27471815946505845,0.4218733591181788
2164,0.5324849269312089,0.27414587916925004
2165,1.130971582571685,0.42404864616038085
2166,1.3790781179910845,0.5530228631619963
2167,1.4489596309733799,0.6934729478010733
2168,1.0308197650360629,1.0233784192964341
2169,1.2469493818585848,1.305003015255867
2170,1.0217205315397955,1.5745652161555124
2171,0.8246541766740004,1.5070023631627458
2172,1.640009304653434,1.518526446307504
2173,1.8176998160925537,1.602357290228585
2174,-0.07068172586399366,1.597103344162889
2175,-0.01405258703202425,1.3809730733436172
2176,0.19057703184631664,1.290987287071455
2177,0.7208575955699232,0.9124805706775377
2178,0.7024869616482237,0.7729904125776664
2179,1.2079662817002277,0.7954125602919985
2180,0.5814716835136156,0.7219030109684742
2181,0.3083004007329209,0.8157121103222323
2182,0.5415230828607741,0.9060861823328329
2183,0.1913059868470873,0.8499317913726463
2184,0.027778780105771114,0.7213348876423914
2185,0.21792582431715654,0.5799746024321959
2186,0.679506990362753,0.35535395540611525
2187,0.9200912689038582,0.48362937627619657
2188,0.837010953426174,0.7098110000031198
2189,0.7686921238889203,0.9557794254825618
2190,0.3435119666630433,0.831190083060604
2191,0.6125557169449649,0.9455983140573951
2192,0.9903913463464882,0.5709952945233983
2193,0.8730161006278875,0.7684023513673556
2194,1.0317984246646514,1.0026568618272313
2195,0.9056368654206209,0.9312704490565635
2196,1.049164699205288,1.1913065998742935
2197,1.0437783875892912,1.164290398438988
2198,0.7542435246689514,1.4289003731518357
2199,0.9420039875818649,1.2312178716629822
2200,0.5988644161859804,1.2545589926846805
2201,0.40939809018553547,1.3642394696395255
2202,-0.03560201782398424,0.8340938167745842
2203,-0.42504211738414643,0.7435800345798136
2204,-0.05549496984239059,0.6238317189316589
2205,-0.08528530862565988,0.4899785994283322
2206,-0.7818489842653851,0.13545480699986417
2207,-1.1309955892057721,-0.3431734724081926
2208,-1.3178079790021568,-0.48261781506544993
2209,-0.7320902493425879,-0.7008562345573356
2210,-0.21812194700162443,-0.9559205021502448
2211,-0.47404252346143255,-0.908816591088245
2212,-0.15557925221331478,-0.81373147346352
2213,0.055743235404525665,-0.7747015914892947
2214,-0.3828515075834935,-0.5598461428363345
2215,0.7258724879086257,-0.36384808431338156
2216,0.31416489899146577,-0.27455981632167625
2217,-0.21372936551910737,-0.16353920929348126
2218,0.8755462791742553,0.031740118761045336
2219,0.3587622508465209,0.2750190687122221
2220,0.6441464135043771,0.4397141491594021
2221,0.3925558247908829,0.4716126610144442
2222,0.8817942983437291,0.6027094406348698
2223,0.3239765497973437,0.8350416044203032
2224,-1.1169760640992594,0.5609301596484185
2225,-0.9368324548574143,0.645122992816319
2226,-1.1028697643989998,-0.22990367062421718
2227,-0.3070114676715374,-0.43501863143605535
2228,-0.8153587413873674,-0.530633144105326
2229,-1.267750016641474,-0.628508235061695
2230,-0.5172476709592244,-1.104050944111516
2231,0.1696285205808984,-0.8990659594404803
2232,0.6779034042107267,-0.8931313904531601
2233,0.26978802447626865,-0.5049362887409184
2234,-0.7994262743175021,-0.36816770043583513
2235,-0.6273996903574354,-0.35589812496179274
2236,-0.41652782151877993,-0.3825388962607178
2237,-0.20318502172165961,-0.3448954442088841
2238,-0.2817731988391775,-0.35124043745776135
2239,0.2561130987444834,-0.3287317559282778
2240,1.00253030133728,-0.35028227712898774
2241,0.15936633414668158,-0.05800436515497272
2242,0.7472198060496963,0.1290880845194523
2243,1.1070708695914206,0.46685655962900413
2244,0.4726684980359532,0.3231167686336836
2245,0.23575496776990087,0.7769707128457141
2246,-0.39857224936880153,0.6441358532128896
2247,-0.32104530929360664,0.49134770341185446
2248,0.2950952153465572,0.2888734147796799
2249,0.38167278596326043,0.18354002766944905
2250,0.46722316524737884,0.0317310268877245
2251,0.9595306642338305,0.4193890760383506
2252,1.9428763093732917,0.5152418194681273
2253,2.378415150620693,0.7627406583827221
2254,1.7302620159108242,1.3161511535306691
2255,1.1085079174409183,1.7662989318872448
2256,1.4722134365565154,1.802045001383631
2257,1.5830600648341953,1.976707681284863
2258,0.3215743876192845,2.0211118144039415
2259,0.3265701066490279,1.8482458488476776
2260,1.1405756944322893,1.5639562330232113
2261,0.6466571307666718,1.2792398550205761
2262,-0.22646372694532596,1.2381719727106784
2263,-0.013878193602138175,0.9433511471732575
2264,0.37234996384658986,0.8095176177569043
2265,0.97364505780663,0.7101525102117517
2266,0.32400774848703295,0.6392673111898325
2267,0.03634595701055904,0.3950393399540679
2268,0.012881169857481735,0.684624548811428
2269,-0.35542161308507536,0.20050375520213543
2270,-0.12121240995744326,0.08050091435978846
2271,-0.7193067499205118,-0.07501613948033906
2272,-0.3139266647043522,-0.3470802154463973
2273,0.10108853869395232,-0.2015808452589457
2274,-0.6635375280496886,-0.4545762437491001
2275,-0.5301542996614726,-0.29667816787398227
2276,-0.36182158213406657,-0.4746240472141065
2277,-0.6562303028829539,-0.4169448800677427
2278,-0.2668108044974591,-0.49145148396505656
2279,0.4480739112997867,-0.4396949097558772
2280,0.025429375597673946,-0.3852712294540638
2281,0.6409022826725064,-0.150483214956534
2282,0.129281020571203,0.12145401914311998
2283,0.447205382945775,0.08522337687607615
2284,0.5668043208708442,0.34016547231184374
2285,0.6610312118553394,0.3135899302233209
2286,0.29611105949654365,0.4592266911444066
2287,1.0326585273467792,0.6547120329538451
2288,1.3427670923549566,0.643359544870788
2289,0.7729768086636595,1.1617639728549847
2290,0.41084889010244097,0.7839564127213486
2291,-0.2064039371506293,0.9514346278602318
2292,0.5879864378967778,0.6694182291029478
2293,0.08359875803047619,0.7392823608913588
2294,-0.3828401034413396,0.46742731540983473
2295,-0.7236121078832924,0.21274156248698817
2296,-0.6141840964905582,0.040850411254302506
2297,-0.923947710231585,-0.1253889711396195
2298,-1.6171709983140112,-0.46670001677195566
2299,-0.6280445548320459,-0.949575080442951
2300,-0.7674769785928315,-0.9478028590680461
2301,-0.5256437511821344,-1.190414718907406
2302,-0.7336090482399419,-0.9263227593049455
2303,-0.2488369762310783,-1.0107943949484302
2304,-1.2359669222005754,-0.7102161280574091
2305,-0.16613154161772103,-0.8340068113228766
2306,-0.5504357580780608,-1.1315572469637563
2307,0.04492140949203589,-0.7299675173466468
2308,0.4421175528622857,-0.42810351407060854
2309,0.05180740739733382,-0.4721483418521703
2310,-0.43098889519568995,-0.35199251970732903
2311,-0.7616345103343961,-0.22093370057764314
2312,-0.9925801396243248,-0.29513501557453986
2313,-0.45160117537689115,-0.5840454733763691
2314,0.14340430207190458,-0.640352100174442
2315,0.4797039207434712,-0.5568014882227518
2316,-0.06594102888298208,-0.47186313420763387
2317,0.10666009013115184,-0.10708416059854615
2318,-0.1256833935284477,-0.03262725330463612
2319,-0.47796088575462115,-0.11901574716561172
2320,-0.0829002954762674,-0.05499821148820146
2321,0.42436833670205504,-0.1478364046733327
2322,0.27205470268104914,-0.18858088462998582
2323,0.06430248762040691,-0.0818884255603772
2324,-0.46077870099721296,-0.06493579170016785
2325,-0.5046903103721719,-0.15081792530786498
2326,-0.47514478146694233,-0.02657206554150783
2327,-0.5239366536353603,-0.17879580082283636
2328,-0.30260254248164603,-0.25757649593365756
2329,-0.34780611209537066,-0.5046485718739977
2330,-0.12689249725816307,-0.457481965850646
2331,-0.47912682590909467,-0.5115876769132167
2332,0.7540743312231317,-0.4378859912845528
2333,1.3138677122850309,-0.44239966246441753
2334,1.9385045043017501,0.029882804293409754
2335,1.9944743277407748,0.6434079229238332
2336,1.7410593802063776,1.2231595214008704
2337,0.8044649261656217,1.6182507552648446
2338,1.3728829547061712,1.6089762238595642
2339,1.4862062841501575,1.8447450830586405
2340,1.091432874794785,1.8883490953394775
2341,1.4302190121118314,1.7400840234002986
2342,1.1353669908540396,1.7022041320084171
2343,1.2597199810658721,1.8253982009582193
2344,1.8286872455542034,1.7451963482014545
2345,1.535562712813085,1.9763974736203405
2346,0.6545778449363185,1.54028701544966
2347,-0.1072365602261971,1.5727391607848427
2348,0.6085800715818744,1.6819838015002768
2349,1.5386536457851634,1.350127258129582
2350,1.186319296103889,1.3728918558806436
2351,0.6965034150301362,1.287707560321428
2352,-0.40159849753330096,1.2598808642157138
2353,-0.45148516002224737,1.009620283511891
2354,-0.6700409465900424,0.648659125487125
2355,-0.4552138137910293,0.16650691853415622
2356,-0.127794484809347,0.08086194102710902
2357,0.20602721255165285,-0.09129472869215167
2358,1.0545087930387813,-0.18858137754513832
2359,0.3270765318339149,0.12848969206637997
2360,0.2841095502389977,0.08264626788384205
2361,0.33634017897010343,0.4559792044628995
2362,-0.7800752832785339,0.4632234473837734
2363,-1.5549807670915665,0.15588413577397942
2364,-1.1463678353744222,-0.29266729097419336
2365,-0.14034308361319217,-0.5533347802922991
2366,0.7091733937101354,-0.6656613647211129
2367,0.19986963221241483,-0.525914548077146
2368,0.4155658977722703,-0.42817526409495477
2369,0.27247570096953905,-0.1364402033287443
2370,-0.7034810217752487,-0.01030098115100763
2371,-0.8228061018491977,0.1415701553289897
2372,-1.214897730777515,-0.10672410380445974
2373,-1.3628777907453429,-0.34957142149783005
2374,-0.6061676413436654,-0.7554524995652222
2375,-0.18598858619736508,-0.8546781010890565
2376,0.0968287103796975,-0.825390841707791
2377,-0.08249400474273443,-0.8835769284302223
2378,-0.3488187368491315,-0.7994237912574063
2379,0.022090451002509465,-0.5007789880250676
2380,0.27346958195586885,-0.3513846979302734
2381,0.3534966368516069,-0.21991190264822733
2382,0.9850191264283706,-0.32800180959705283
2383,1.1958619903488237,0.2593612234892728
2384,1.2151190606714524,0.5745238460582798
2385,1.6976001026214282,0.9180368470490656
2386,1.0377895868479106,1.3172813063206275
2387,0.5466591358312106,1.3052444476162544
2388,0.053669405294232975,1.2548857676315999
2389,-0.571949704704381,1.145561679271932
2390,-0.3396771623609813,0.8797127945398562
2391,-0.5312352584058349,0.5928776277350714
2392,-0.2924218337645449,-0.015887734812974674
2393,0.23078186077207596,-0.24088445073481557
2394,1.4556585012321075,-0.1995728407950615
2395,1.049103211703552,-0.08467805124049232
2396,1.4606396452367263,0.3550996415204435
2397,1.1978340190260728,0.7022355563458288
2398,1.5100845686592206,1.1119145513906419
2399,1.3110498642997686,1.2897911496750594
2400,1.3972947862100893,1.5876478802296459
2401,0.2787369654325109,1.6700823642901041
2402,0.07308494209609258,1.5246744602273956
2403,0.43041351186196125,1.2461202414856627
2404,0.34146862261323874,1.094995162232006
2405,-0.3393654251533862,0.8568312659366271
2406,-0.07042615629356669,0.5244889356757423
2407,0.2614190205242884,0.33095504901724304
2408,-0.7120802876303548,0.1506250995934167
2409,-0.0074379619141123786,0.01192336484969505
2410,0.23189456330752628,-0.08932552021841358
2411,0.568053480760568,0.08735367247886713
2412,0.11298184127563528,-0.0019508181455043586
2413,0.08188429076706753,0.11337833185912596
2414,0.0705097220949656,0.24105814804180747
2415,0.1064132998313828,0.02979364761499917
2416,0.17497666405406367,0.10375502704615969
2417,0.5998415382439818,0.23578793581653906
2418,0.7205514493932679,0.44567118428863284
2419,0.500627356492335,0.42706306509427006
2420,-0.28752136806023987,0.40427575114359665
2421,0.053345040645702606,0.39618374701226233
2422,-0.11715273806037166,0.3670632533363548
2423,-0.03640253125930191,0.1536127631121637
2424,0.44039866950490547,0.2284910574382831
2425,0.08683551859461744,0.24983275049462822
2426,-0.8462502516243305,0.09548457278217665
2427,-0.6129342415695189,-0.13944764173914823
2428,-0.3541724248038524,-0.17246159017668325
2429,-0.15581174239620763,-0.20306764443303915
2430,0.23120901424414897,-0.4921076475104168
2431,0.0927520449104995,-0.35546641189851014
2432,-0.37638361028197787,-0.25391574947653794
2433,-1.0176325447957777,-0.25350925060808965
2434,-1.0323583844241155,-0.1052246788734631
2435,-0.5081863329854353,-0.7868796151446222
2436,-0.18635375632012946,-0.5268408956966711
2437,-0.20793010829694827,-0.8433532418981222
2438,0.5605879644721683,-0.4651562400906121
2439,0.40752934639851857,-0.33576662805769614
2440,0.17481779397544972,-0.20117160367211995
2441,-0.11136487759165098,-0.24440104420306644
2442,-0.0738874036694766,0.13060462182504806
2443,-0.7157868966133161,-0.11717210106356518
2444,-0.905235093730288,0.01675914273943703
2445,-1.2093946196028071,-0.4262260074200117
2446,-0.8271490920691589,-0.5739296669842097
2447,-1.1140992935453888,-0.8276539218199893
2448,-1.0772202652833134,-1.1669902232467908
2449,-0.7403727503271101,-1.0431256340282256
2450,-1.2100181338794405,-1.240461670750445
2451,-1.2260003755893365,-1.3904720380582956
2452,-0.5695823369648353,-1.2634310454378272
2453,-0.2847377446774466,-1.3578198095306127
2454,0.37663489461942073,-1.234923714285329
2455,0.042943352122606845,-0.7430355893116024
2456,0.5548596167150366,-0.6311311042351945
2457,0.9699607193492175,0.02377770537434687
2458,0.9488738592667048,0.1364782141289463
2459,0.3343915308226089,0.20929187834479887
2460,0.9324310885849191,0.5466635779495803
2461,-0.13823755044351857,0.8941193586218836
2462,-0.41148448483732836,0.8733046780885395
2463,-0.3858373714143969,0.2175217653263929
2464,0.08754361382051498,0.21601775551259106
2465,0.6881497343950066,0.2704093736482749
2466,0.854372529752552,-0.0460225922700683
2467,0.25454842090725377,0.30091521081075884
2468,0.18470134390296325,0.6954771153927259
2469,0.31870144704233955,0.5153867353953404
2470,0.3288729586777741,0.6948382650395383
2471,-0.10598623007866938,0.3823653044260609
2472,-0.3458588133866383,0.3578710304875914
2473,-0.5868491322615469,0.219748592447668
2474,-0.5560872378632425,0.150718806953197
2475,-0.383545440100959,-0.2746673100479121
2476,-0.2471684792459621,-0.3151849919613609
2477,-0.29179553422274096,-0.5350064101836899
2478,-0.8000586622286073,-0.5603904640186985
2479,-0.44371168154955737,-0.8238632332587001
2480,-0.09392609754576375,-0.393702359642558
2481,1.0769087841352492,-0.5046921327015833
2482,0.6709890107776862,-0.12094100673766928
2483,0.5133766657300737,0.0362192523419551
2484,1.1574108014596167,0.41990007612910907
2485,0.6159960126564921,0.5155070663827951
2486,0.5447246836431918,0.8159926572544511
2487,0.23399431604787596,0.6783693247445287
2488,0.9579114364357655,0.8608744395694516
2489,0.5641591934600843,0.940953631051054
2490,0.8504477712795416,0.93427800385038
2491,1.5529608225334564,1.2524449037233343
2492,1.1457817278224305,1.1505771030002552
2493,1.7603982198619827,1.3414122577926733
2494,1.5176794258880961,1.444930244963324
2495,2.0889089832298784,1.5773442581158816
2496,2.0571402979031697,2.0781604169734447
2497,1.458651017496385,2.072334513484077
2498,0.5266254999505219,2.1629355447299177
2499,0.08263118125914463,2.0250844692146424
2500,1.1821872331989216,1.8248503025020737
2501,1.253576716145991,1.4925523801255416
2502,0.9309891467526252,1.3562823935549506
2503,0.6665219745564605,1.31584207217273
2504,0.8622072593409698,1.2836585075917466
2505,0.3876948897602969,1.3178033241776304
2506,-1.5207722895975735,0.9552708155450158
2507,-2.174138419055858,0.5567444834875706
2508,-2.310202880420505,-0.16290843071807828
2509,-2.381565946194629,-1.0179233340605176
2510,-1.5498173797732828,-1.5652069482570226
2511,-1.2473148214588132,-1.8769805034268228
2512,-1.1425628975308084,-2.2259918100355094
2513,-1.3106616199074266,-1.984989645515852
2514,-0.5375068290772913,-1.7484267872009183
2515,-1.0392267066298717,-1.8676944194861111
2516,-1.561233395268081,-1.950604012422823
2517,-1.5630760637653596,-1.4793632667817695
2518,-2.4951239246184214,-1.8750272844680687
2519,-1.8042521707339154,-1.8006171048770792
2520,-1.792163580256522,-2.1668051406540445
2521,-1.3859477189771388,-2.2408657228351205
2522,-1.3016613302615474,-1.942033361620528
2523,0.192340549626547,-2.053239022846543
2524,0.13642358760241033,-1.684016650940553
2525,0.26549707888362056,-1.4571680093524007
2526,-0.5213669680224196,-0.8557723078505303
2527,0.04226928712612622,-0.7137731073649423
2528,-0.736853036442078,-0.2704635267520711
2529,-0.47167848767930587,-0.38742530286234245
2530,-1.7953962439974067,-0.5229857127558779
2531,-2.076416058296531,-0.4916961606205855
2532,-1.7936448374390406,-1.2340478665312429
2533,-1.1533416644279997,-1.640159882437889
2534,0.121579735766821,-1.7372387723579938
2535,0.0023013589179744875,-1.522484956941913
2536,1.3562888403768198,-1.1258547459808772
2537,1.0598513671659555,-0.6302468206407273
2538,1.6014466363766682,0.07561962106350768
2539,1.2003833094475584,0.5619130968244297
2540,1.6762961087827002,1.210545902239079
2541,1.4858087769694694,1.3896690212147496
2542,1.1770337276346252,1.2712227389951765
2543,1.3483657345071016,1.828654441040664
2544,1.6278676852924379,1.7881878275513072
2545,1.8015113162898861,1.9005977720618037
2546,0.8179311370764357,1.9760760103677684
2547,1.6186135943311173,1.974353203356919
2548,0.7275066648061963,2.2526337027985868
2549,0.7214113602671449,1.86210933008968
2550,1.967076192603697,1.6237176063295136
2551,1.4398472200212922,1.9079908745193586
2552,1.0519263241229042,1.9021027133121255
2553,0.32305861364784005,1.6044044389960284
2554,0.5774279691203255,1.526473415555362
2555,0.45492192862265496,1.2495430234690308
2556,0.6086798527782153,1.0877142665246553
2557,0.2640364366522103,0.9998729118656177
2558,0.3832954881434285,0.8058800315324293
2559,0.07288589924918339,0.5717153298171437
2560,-0.6501601515016142,0.4900105156977652
2561,-0.4175814243101227,0.23350664915562988
2562,0.19531491061632159,0.06908681419611738
2563,-0.0937730955428489,-0.28856008268697686
2564,-0.4196118475829246,-0.17570022197785698
2565,-0.5944209843474932,-0.24047583688997412
2566,-0.4533942520202271,-0.42590278423543154
2567,-0.8243130395306025,-0.35236347202508306
2568,-0.683480033550226,-0.5248790980854668
2569,-1.5655245465897951,-0.8093526785515692
2570,-0.7194120902947349,-0.9242744022140348
2571,-0.6886933091901694,-1.0844116044976622
2572,-1.1779103251669267,-1.1991251055560068
2573,-1.3602535800147832,-1.2284360257791005
2574,-0.632269707271409,-1.389770494921031
2575,-0.37647749832787586,-1.298316176497064
2576,-0.2326910314737476,-1.1840511919713306
2577,-0.829842770853691,-0.9860822794313543
2578,-0.0250490842961182,-0.8917711583479344
2579,0.5017790122786431,-0.5933448238574044
2580,0.05414522362733095,-0.3680542103830089
2581,1.1273904679846363,-0.12928819088530455
2582,0.18150660350390052,0.1908731935124827
2583,0.256453261672499,0.3537081182509498
2584,0.19158785679716334,0.28046531580829054
2585,-0.3915369042362214,0.443284384300066
2586,-0.15001064310086157,0.18723175616180718
2587,-0.0633553358500898,0.016044992506012073
2588,-0.7528174765803474,-0.2147980429441589
2589,-0.7170087698464778,-0.27996922662394486
2590,-0.8425280070333926,-0.6160944656837142
2591,-0.8337041203203477,-0.6465477691561385
2592,-0.8572011433385243,-0.706044031487207
2593,0.024637056611025245,-0.9445190018560208
2594,0.3116292031884619,-0.6366957784194187
2595,0.6046803313692617,-0.6229507001077241
2596,0.8059824520836557,-0.34498694025375837
2597,0.3885692904858173,-0.018477662501589942
2598,1.4276629541538028,0.31811555398782265
2599,2.531654461471457,0.6770388076717775
2600,2.333653656417887,1.0708089050648502
2601,2.8283642303899224,1.7422351283523858
2602,2.5285336867162274,2.173039280495185
2603,2.468584062024768,2.8097370428189126
2604,2.12420473369029,2.942161939588851
2605,2.051694707707269,2.836913155570598
2606,1.8040638234103423,3.051624395148136
2607,1.0770489883331853,2.82267443607397
2608,1.0016632704653903,2.520583059970371
2609,0.3316010132091462,2.2714828042500113
2610,0.09287634369753077,2.0528459438395728
2611,0.6348345669353774,1.727123386964042
2612,0.40073183940944895,1.1073817802309016
2613,-0.642102869473615,0.9182787025315481
2614,0.7937050276017047,0.5543964330886213
2615,0.44837767071903467,0.529006528059951
2616,0.7530230210700034,0.32752311799546624
2617,0.6181455988263492,0.513964698043294
2618,-0.7280684252775655,0.57306337316929
2619,0.37622819922210765,0.4068559805302066
2620,1.0748791430595008,0.33203831692106767
2621,1.7419452765477617,0.6180082133863471
2622,1.6874199330442237,0.91486841377818
2623,1.7721984710844843,1.211726544352751
2624,1.20035749212615,1.5904961158264674
2625,0.8083148220511974,1.5765637809883797
2626,0.8941934018280618,1.6593138378880856
2627,1.826545729904391,1.8454119016550377
2628,0.009934708316617781,1.625248416730927
2629,-0.2984568636312031,1.5262408589745236
2630,-0.17998523962556626,1.224009423864451
2631,-0.6945032248782208,0.7924316177434736
2632,-1.2529312178166296,0.30096104461123097
2633,-1.6314946621440274,-0.33169497465796105
2634,-0.4703932881958852,-0.833283691687271
2635,0.05171806380154468,-0.8536275981474011
2636,0.21129999425584375,-0.9394025663304613
2637,0.3050938722704116,-0.6913726666017995
2638,0.4816768473474316,-0.40164720182784636
2639,0.3219854634323405,-0.06254496660075243
2640,-0.055938907331518226,-0.1616817865954027
2641,-1.0019050011903192,-0.09544118206810873
2642,-0.8150520479113056,-0.2023600677469531
2643,-0.7741763131160957,-0.105202417391591
2644,0.04289560454738661,-0.4718925761241934
2645,-0.42986849857649206,-0.4812741204723166
2646,-0.5709025602103011,-0.6369516900357722
2647,-0.3778364411725097,-0.6362284698899806
2648,-0.5218676035834833,-0.6103743794300837
2649,-0.8108883215239512,-0.549125275806455
2650,-1.3877712620590945,-0.7302458738021133
2651,-1.6332765018651334,-0.8665370603454324
2652,-2.1795037867330658,-1.1307626243445572
2653,-2.3750703279305316,-1.4980268027312351
2654,-1.9628141771777265,-2.034934582607524
2655,-0.6978939095409894,-2.2468743998032084
2656,-1.5820652871564775,-2.242818338649024
2657,-1.7744313220852812,-2.106120207217531
2658,-2.0219741278348033,-2.1404760870092123
2659,-1.0516147688277797,-2.1476083032187616
2660,-0.670648329478247,-2.103234589571173
2661,-0.7479991650620567,-1.9490296550216872
2662,-1.1425687034992933,-1.7663113698606967
2663,-1.4540284115095021,-1.5456725523789845
2664,-1.7705353822650585,-1.5567770671566803
2665,-1.1707250275371743,-1.7123494091431952
2666,-1.3829097983669996,-1.7734971362908891
2667,-1.8809547062926164,-1.7525508618080514
2668,-1.207180005370114,-1.9396398672583794
2669,-0.26853845603363746,-1.9215464748922828
2670,-0.1720162390026881,-1.8185052775495132
2671,0.6497045233529605,-1.35205490487875
2672,1.6875819155497438,-0.9105115843210477
2673,0.6875389545255539,-0.1656635402140117
2674,0.7554684962681086,0.39083704055723856
2675,1.65725693982714,0.6042732133773884
2676,0.2826991706851705,0.9059338245592233
2677,-0.3448333449642742,0.9279582623052957
2678,-0.21751308887538826,0.8540034690346588
2679,0.16041828486136708,0.5762658369524581
2680,-0.07998882413114511,0.43161068102602634
2681,-0.6054258434241542,0.3861008866044849
2682,-0.3921391735464712,0.04095085816363573
2683,-0.6435151581434145,-0.32294154789797147
2684,-0.6742528596066752,-0.42842452920884133
2685,-0.12145179361908542,-0.5630688917373086
2686,-0.11277249916189122,-0.4920698495200103
2687,-0.618934597132559,-0.4246474167115657
2688,0.23149090901311173,-0.45751488247570926
2689,0.49593238525444855,-0.5400154926452014
2690,0.38468913263892907,-0.4396261604506726
2691,0.04524772208736081,-0.13894740632937477
2692,0.13469881075370882,0.1427460812389144
2693,0.4477755748193694,0.2953758502154775
2694,-0.5134605829224059,0.2764720543729293
2695,0.24356109819357807,0.06463414584416192
2696,0.6788817014435389,0.27973026186264727
2697,0.3374699856704592,0.22329675454938833
2698,-0.3455015383141558,0.3321904325414305
2699,-0.0853881585283766,0.17282780530387504
2700,-0.7849353165052512,0.18599626478875556
2701,-1.45315676476618,-0.0659507786552723
2702,-0.8688620829782451,-0.3556400904714127
2703,0.392126322582447,-0.7022525333336564
2704,0.10161711350605003,-0.683896037152178
2705,1.2000004754929448,-0.5234886244479376
2706,1.4479874197535376,0.02265250997698333
2707,0.44161931825615713,0.44985943604408396
2708,0.8461202759438777,0.5755535646387528
2709,1.0160780846302424,0.7085458818037234
2710,1.283718545084723,1.0345607424759609
2711,0.5582616437671376,1.09106926021393
2712,0.4521027438994035,1.1344654305468538
2713,-0.07020270761089978,1.0323013394321392
2714,-0.6023657550388815,0.8848359983937643
2715,-1.2435015466850698,0.5887925790440082
2716,-1.049956557785724,-0.1009770074323331
2717,-0.25697638949426177,-0.3791411916256758
2718,-0.7503874289248492,-0.4693724261258041
2719,-0.1646768438653808,-0.8148510348532012
2720,-0.7336049143411678,-0.5563588707169631
2721,-0.4274729208118345,-0.7263787026624535
2722,-1.0913034572490783,-0.7124642057335654
2723,-1.723048011167487,-0.8585018371602351
2724,-1.2321951391154107,-1.0548422341564971
2725,-0.9679936076553286,-1.2332997847626075
2726,-1.7317699951811207,-1.3879585585921057
2727,-0.809706903330462,-1.5986375331049025
2728,-0.6015428672759692,-1.7014324097838842
2729,-0.8460340096218338,-1.6193489395967122
2730,-0.6073045554971631,-1.4950116628547656
2731,-0.781745618358686,-1.118252086667136
2732,-0.30516318733214,-1.291012816830608
2733,0.545189609366657,-0.9960977476615983
2734,0.011934374623798238,-0.6455226051228835
2735,0.27546093309357816,-0.6236489993820914
2736,-0.5233733656770723,-0.10931784136827485
2737,-0.8746689579553869,-0.18687573795795495
2738,-0.09871906631997372,-0.14521894839506438
2739,0.17673404925718647,-0.2794823917963317
2740,0.629024399797952,-0.1506508445600282
2741,0.8261521805704669,-0.044725648161695955
2742,0.9690469414663929,7.33590921705718e-05
2743,1.3786117163920057,0.6373414088941469
2744,1.140242126988721,0.6689230789708169
2745,0.9406564001460318,1.0960196510155524
2746,0.7516604728536854,1.1348399651678152
2747,0.742885410477723,1.294895725198661
2748,1.3061354217481134,1.222235257011831
2749,0.8984783583448804,1.47987171592737
2750,0.31836783284635606,1.2235483305344086
2751,0.2617864659251278,1.0471539111905308
2752,0.6454510772458596,1.1451442051541725
2753,0.8656494810148674,0.9394039543032633
2754,1.6357900744087464,0.8103310003779403
2755,1.2942733667430417,1.0439653906317066
2756,0.9609217661310894,1.2292650117713881
2757,0.6528240124114858,1.2320229988992895
2758,0.7517731458204049,1.2933923679860209
2759,-0.07537036505890944,1.2933988012763689
2760,0.030476356715071956,0.8968274704803466
2761,0.907173607320296,0.8931324089990714
2762,1.3678488684556616,0.8553235971836872
2763,0.4632763435014549,0.9580454969750156
2764,1.6740868215477303,0.9168172217084333
2765,2.557667090921018,1.1482169315781905
2766,1.516110634447796,1.466748581769608
2767,1.7145017902272621,1.9425175547291225
2768,1.2369545050503414,1.958342384790741
2769,0.1154511861031709,2.2781255364692976
2770,-0.31112266156620816,1.8193878740056553
2771,-0.6222993767788176,1.3490509099033843
2772,-0.5204804044851894,0.7503973340279115
2773,-0.87808214558137,0.4599818003609223
2774,-0.9915989330105093,-0.22939777166365505
2775,-0.6650185029639902,-0.5337685196892161
2776,-1.3591478431632475,-0.5281462454585597
2777,-1.7833187357090492,-0.9056392374986777
2778,-1.8824165270892423,-1.3073638592357884
2779,-1.7420932836373024,-1.6351725086371058
2780,-1.8119012312297906,-1.7300534560737175
2781,-1.8753129806820112,-2.071286820625005
2782,-1.8708924366994832,-2.2018153358984383
2783,-2.2747858367048686,-2.231438178386683
2784,-2.2652612356081914,-2.634719056710882
2785,-1.6620799698543598,-2.48906458040036
2786,-1.7500422822443222,-2.5365014710914293
2787,-1.6691592918793523,-2.6623153352122557
2788,-2.221162187073536,-2.5303996161760782
2789,-0.9469003101271104,-2.4631034873554865
2790,-0.3713521829096669,-2.553250734399154
2791,0.07865220412294564,-1.8361293414413913
2792,0.7800778054445044,-1.5504545854423022
2793,0.7426129227424352,-1.102922711104041
2794,-0.06511268286419539,-0.6562368534190187
2795,-0.38855813474411477,-0.03349738879593066
2796,-1.2021307243134294,-0.1901756833573084
2797,-0.7891239380259111,-0.3175737356515488
2798,1.1209898880559142,-0.17624397827798913
2799,0.8104344992852571,0.10545089858356294
2800,0.9426637242541099,0.12272399311924181
2801,0.7030747113329935,0.32410123704395094
2802,0.6429942479892848,0.35145200671309096
2803,0.4397780361360442,0.7601351969090532
2804,0.3051289042628816,0.8502109579093632
2805,-0.5482692464082474,0.6561316088682084
2806,0.338499041037707,0.4695671225261643
2807,-0.09424000414339591,0.5323882954015648
2808,0.11823688980723364,0.28237500137805316
2809,0.03967593992687897,0.3484121035959747
2810,-0.6247376497200654,0.15686641551261607
2811,-0.3723309875952659,-0.00010608087324797191
2812,-0.8869238241757246,-0.29712601241451286
2813,-0.8390602199172656,-0.4088775377038178
2814,-0.11502025843230125,-0.4660944855905215
2815,-1.1063989335613174,-0.6825731034201921
2816,-1.1318182666209269,-0.9002938656659643
2817,-1.4166403141558357,-0.8928066158735821
2818,-1.6537299386633382,-1.3313681876186134
2819,-2.492797065895045,-1.6166648518108997
2820,-1.8323054074881895,-1.8283000779311525
2821,0.10373896503083067,-2.109798302601452
2822,0.3389115388393023,-1.7663204552069394
2823,0.2831763112232233,-1.4515876014870117
2824,0.6984380707217865,-0.6990004451304681
2825,0.25708187385944353,-0.6511398262673274
2826,-0.8742970607004604,-0.38437025137384506
2827,-1.0692872252283154,-0.12045505238710644
2828,-1.4285471913072836,-0.2631316269348213
2829,-1.393395495116357,-0.7307734621085559
2830,-0.9342733178878383,-0.9113744821030159
2831,-1.077870329788005,-1.019461494391158
2832,-0.6147582627416123,-1.2245643902657068
2833,-0.6117770015332828,-1.352658110938022
2834,-0.8283480316000787,-1.2468995449113405
2835,-1.045037100768659,-1.1167206741311542
2836,-0.6219653048977448,-0.9237939569854929
2837,-1.0675620037991507,-1.0426779705961482
2838,-0.9565374578468094,-0.9336653405846455
2839,-0.9970966505154527,-1.2958052699839446
2840,-1.841448974436207,-1.2838987121428427
2841,-0.755238963847271,-1.4759514370638525
2842,-0.5167557362605368,-1.4063274414857512
2843,-0.18094616909730094,-1.3430856047035944
2844,-0.35725126630981574,-1.2433800193891176
2845,-0.9853805980756934,-0.9554339829052989
2846,-0.7714749198678859,-0.7398411515974974
2847,-1.3918561599534114,-0.9185901928432485
2848,-0.3265370684204988,-0.9926343114474919
2849,-0.8222240474271585,-1.0150236943412398
2850,-1.2051072124981599,-1.029229190562092
2851,-0.7505374760454477,-1.1890377219663253
2852,-0.7361042118056493,-1.1574654321257671
2853,-0.3713273743231457,-0.9222421519452328
2854,-0.7200313288523614,-1.114530522232344
2855,-1.6747996314622666,-1.0069856392346344
2856,-1.3461280411105627,-1.0573397170792393
2857,0.14758518754045236,-1.046432640066544
2858,0.9296885231839469,-0.8849803655641181
2859,0.3632872096236438,-0.7217772760473375
2860,0.3223699986807546,-0.21778557421993222
2861,0.403719562348453,-0.1728717049926276
2862,0.1818127958542422,-0.0921240691822317
2863,0.34716630532396886,0.11738801452217965
2864,-0.47725036206107835,0.29545222386290176
2865,-0.19383979580085361,0.26733514699441696
2866,-0.21388628722129951,-0.06821982064146422
2867,-0.1491586159550771,-0.06650508954534984
2868,0.4416173669129974,-0.18125974756495788
2869,-0.43632823158989675,0.036326911127943576
2870,-0.5552947088273092,0.030817745486643372
2871,-1.1650101016444088,-0.2979729642930339
2872,-0.8808022269393021,-0.2991480801983353
2873,-1.1529963270349657,-0.6320621390089745
2874,-0.33799577390652313,-0.8809174271408233
2875,-0.04126475431262804,-0.8079267679005887
2876,-0.9217425896909288,-0.8533619623203685
2877,-1.1185489429209208,-0.9521710217932295
2878,-0.5448606110643603,-0.9827047820874895
2879,0.037393922972399844,-1.0174797365522068
2880,0.5013119485701553,-0.8679207901969509
2881,0.8169939453257559,-0.4772338218648912
2882,0.36976239155322554,-0.2924873797460311
2883,0.1773016417696985,0.12961898125931126
2884,-0.06000286408235989,0.23230710179116476
2885,-0.4885255343552607,0.337499952546924
2886,-0.467140688492647,0.07705188914449076
2887,-0.5036346200156196,-0.08694479725785967
2888,-0.05817301881172126,-0.3719973728198176
2889,-0.2964458626931976,-0.43044969763066776
2890,-0.47372040064105503,-0.18792042646326293
2891,-0.2983256196473606,-0.31226523743707996
2892,-0.27834847180239186,-0.35569189880691104
2893,-0.6879758865981633,-0.609460844403609
2894,-0.36542118509461496,-0.4807567394341487
2895,-0.028957928453636452,-0.600006205070033
2896,0.4223609624389106,-0.5079984235749851
2897,-0.3914385650656263,-0.35000757319896214
2898,0.009207436495300148,-0.17240239058647758
2899,0.3503313346514516,-0.00774635857239897
2900,-0.2231975085452892,-0.2102142409742121
2901,-0.8839730487333229,0.07021927681108868
2902,-0.7940700920461504,-0.24207793375143352
2903,-1.0219335859921934,-0.47206647728437673
2904,-0.5834445883683691,-0.5243642989102973
2905,-1.072744706169778,-0.7192830724949437
2906,-1.5863756085837541,-0.8187337025479752
2907,-1.9927680046389729,-1.2895273861841712
2908,-1.4703628901041663,-1.612160757037068
2909,-0.6373275481233569,-1.6675516598178364
2910,-0.48243874702689765,-1.5465152816576293
2911,-0.3685190312753865,-1.3903086575809898
2912,-0.715164987686678,-1.3298754081306114
2913,-1.2288586371174395,-1.1537347752401679
2914,-1.1458047381060406,-1.225370657977153
2915,-1.2442363488303345,-1.2903429020544357
2916,-2.414679912869048,-1.4063500842016035
2917,-1.4500283320731973,-1.5347949691715181
2918,-1.4872248392405856,-1.8544626139932066
2919,-1.8133023280380172,-1.9504180143757672
2920,-0.6537574589124233,-1.8375450644510065
2921,-0.39701679586593985,-1.8566677189105583
2922,0.621421343429518,-1.5185153234774766
2923,0.33014755816658115,-0.9173625340686228
2924,0.5496506139522186,-0.7498676865984374
2925,0.6925394979503473,-0.42211332025680803
2926,-0.4153955139380624,0.1688490434805599
2927,-0.37004380426554145,0.12419527384853442
2928,-1.140149813343101,-0.08573986981709532
2929,-0.6737873270040771,-0.20354689018502803
2930,-0.896432060868849,-0.4883939199448678
2931,-0.271608211407001,-0.7856089982755118
2932,0.26144999169158334,-0.7108695126522795
2933,-0.043850153111458914,-0.5368855692158663
2934,-0.7242612978556534,-0.38566509364553714
2935,-0.9118214162339378,-0.5614451388553479
2936,-0.7443363241013184,-0.5548452458893253
2937,-0.1171847646704312,-0.8286336274358594
2938,0.16630190162851927,-0.7522694254378248
2939,0.9072380429990495,-0.2859961057768031
2940,0.9601734395300265,-0.09503061501275231
2941,0.3686960153390852,0.2677073542856967
2942,0.21648933155637717,0.44117088589225684
2943,0.679427017971155,0.32307821453269703
2944,0.0996621693257062,0.46831678107466757
2945,0.11907136272805167,0.44678131635521867
2946,0.5946114950570073,0.701035422575177
2947,0.6060278364012086,0.4596489623230399
2948,0.969670382157828,0.6442361637263907
2949,0.517781059419759,0.7256984914320188
2950,0.9439414570487019,0.673986720368102
2951,0.5368913920053715,0.7221796024764496
2952,0.42450265481947475,0.8186608397543399
2953,0.4960538359704818,0.7695260938880315
2954,1.1553879638711213,0.7431786689344343
2955,-0.014795918966504711,0.9056690017399248
2956,-1.0461902685917464,0.6980539614672745
2957,-0.6628661112703221,0.36717623261719556
2958,-0.6230454236686047,0.23260704791419584
2959,-0.4578808690670625,-0.3208795808550343
2960,-0.4392179126873103,-0.19793813657429882
2961,-0.06391988225432818,-0.542207498154564
2962,-0.01159639613070215,-0.3231439787815311
2963,-0.8252997505303258,-0.3749454931768194
2964,-0.7769786751601176,-0.6123329374050601
2965,-0.23951424256932646,-0.5250136399628774
2966,-0.3408561884434027,-0.6244883444898413
2967,-1.2220266305223093,-0.2908047548137445
2968,-2.701578023629587,-0.6327818542095739
2969,-2.4838365942396075,-1.2615168761087698
2970,-2.845646109713705,-1.9528973947216801
2971,-2.506052495566847,-2.3011144671917223
2972,-2.0900362946505395,-2.836541038544848
2973,-1.7438541822094518,-3.06827521165216
2974,-1.523948278799581,-2.8419854418280557
2975,-1.4868512097313387,-2.5304939938219997
2976,-0.9256825296366789,-2.8405833608371562
2977,-0.5890815916020904,-2.4127290974859075
2978,-1.1141328524456189,-2.120900142588196
2979,-0.34040493910055863,-1.7372691837530843
2980,-0.2566713896587351,-1.4213871674718546
2981,-0.676904952165354,-0.9801151267862712
2982,0.5478458718552748,-0.813207430379974
2983,0.5878229982570674,-0.8314506351603836
2984,1.000957612428589,-0.22220733920912442
2985,-0.1264083426119676,0.22896318994203263
2986,0.22466190133049865,0.33464755118385214
2987,-0.08617913990862927,0.3641204397866523
2988,0.035428322786672906,0.43666896524978915
2989,-0.28403594854787034,0.1513829909818834
2990,-0.9009110572814427,0.07147287560366714
2991,-0.7468243454034027,-0.11693627142300457
2992,-0.894705614977816,-0.23851259896773264
2993,-0.6776375651249902,-0.6282349980204154
2994,-0.9647751754259695,-0.7393313611997608
2995,-0.7261395277071184,-1.044822694881307
2996,-0.6479755723979644,-0.8581504991481358
2997,-0.3782560162242322,-0.7995522342556713
2998,-0.12585830045152877,-0.9960593619411943
2999,-0.2894457077066832,-0.8587077786614096
3000,-0.33839166221378536,-0.6716250195161118
3001,-0.20527446009626757,-0.7153898046225196
3002,-1.35956728300748,-0.6481428667794413
3003,-1.2328885136773127,-0.49964511569997344
3004,-1.7333497323002427,-0.7401161528636664
3005,-2.137637054869947,-1.0618889759662973
3006,-2.3011942751220524,-1.555241289696125
3007,-2.642492849253555,-2.1866613619953905
3008,-1.6354450650000094,-2.1552791559416233
3009,-0.3905958412654669,-2.3746248298645924
3010,0.1306279196449056,-2.1549347171075133
3011,-0.15056040297960674,-1.6518610752350924
3012,-0.21044878331654454,-1.2794032825381731
3013,0.809035953949252,-0.9541230082533608
3014,1.0038789998526534,-0.5699913441850478
3015,1.628180733777967,-0.07239959809024266
3016,2.256087784556948,0.6186922755121895
3017,2.495392264245499,0.9458123676904446
3018,2.751780103908625,1.6094646732544151
3019,1.045267085060307,2.0375443111209743
3020,0.0910852122133208,2.290209558250288
3021,0.4079424093558192,2.122272391219091
3022,0.8558222877023708,1.8173419717853982
3023,-0.020808376668627237,1.4460815497111106
3024,-1.0918076005307429,1.1909108948943865
3025,-1.1481657275006663,0.5165231055151175
3026,-0.685182132043273,0.18125489166148348
3027,-0.42814135709190443,-0.13690790767908817
3028,0.036615189896304516,-0.3318864348404421
3029,1.234202544567492,-0.38224389221158217
3030,0.6709591807468438,-0.282995392305562
3031,1.1836738548180867,0.02768811660019084
3032,0.7911300044069224,0.3850458904109577
3033,0.8079373215556969,0.6229350382009728
3034,-0.32220852548671164,0.6555771914778421
3035,1.1338773306024188,0.9279708631857484
3036,1.5481073117043112,0.834387010919165
3037,1.3776752858390602,0.9995459411806461
3038,1.8000458201064526,1.1263637076218576
3039,2.3091255171622684,1.6015723571173897
3040,2.8062983365895673,2.0474527996777225
3041,2.1832606437602613,2.1834228152910726
3042,1.8370637681313815,2.5625365320829228
3043,0.70815559814515,2.6177767132636176
3044,-0.08106247907220472,2.5583649371609027
3045,0.16007340966472072,1.9719332978580455
3046,-0.23350761334003578,1.4200785118035777
3047,-1.211979505814215,0.9839244516814964
3048,-1.6164664485987938,0.3090997308483827
3049,-1.6812540613079776,-0.12851391307513665
3050,-0.5381341732152228,-0.9013305712803901
3051,-0.8218099945600159,-1.1488303018685164
3052,-0.5451147042269529,-1.0628663851092761
3053,-1.1125074725028778,-1.2281576330073485
3054,-0.5858820309601981,-0.9502506757167672
3055,-0.6861030574283846,-0.825566601870895
3056,-0.44494361064003274,-1.0301653013107244
3057,-0.0625157460506147,-1.013118282583558
3058,-0.5307246939512514,-0.9170938942152143
3059,-0.2070346098012919,-0.5684988265227247
3060,0.14696298272187558,-0.6233213380688855
3061,0.4686803074131485,-0.4040532458155276
3062,0.2639733736362897,-0.32581912500669996
3063,0.2800486230061733,-0.06248361586744572
3064,1.0370375621241192,0.13512193114058832
3065,0.12724716638836067,0.2858745361943227
3066,0.18155310634591926,0.6986884789336801
3067,0.554487731177735,0.5395415837324207
3068,0.3419254342187211,0.5232009265416012
3069,1.3279242289831994,0.4536203233599264
3070,1.9514445907078204,0.8653035499378221
3071,1.115780401942912,1.1194907150674964
3072,1.3827078405381095,1.3318713615536637
3073,1.6842979009158408,1.2827286431462326
3074,1.3470882059742457,1.6005633984546197
3075,1.2148525077804524,1.7184581850496616
3076,0.9360923545772745,1.6400908138855763
3077,1.539388436425001,1.5001578762486987
3078,1.5465552203038269,1.7070914663434256
3079,1.3566730051862264,2.054947126460225
3080,1.2602963780909344,1.9053653546500708
3081,0.8604544029598205,1.8598925662151724
3082,1.4195303282440013,1.7044194488091957
3083,1.7773507377172437,1.8046196939854227
3084,0.9351845547087891,1.8111690012427861
3085,0.09139424350058521,1.702725583048597
3086,0.8998321867263678,1.6098043510313256
3087,0.14191823008635046,1.2155602424864236
3088,-0.38390297631480125,1.1654155102910198
3089,0.49417669407696824,0.8530897735336104
3090,0.9362726565717772,0.5642284988592197
3091,0.6953355304522375,0.6808762082584724
3092,0.7728377637653905,0.7810208866062542
3093,0.017817145421464793,0.7114628183140123
3094,0.19753057436022597,0.7953337239642675
3095,-0.1301004110358503,0.4930348647756271
3096,-0.1787420800623171,0.26101369615348324
3097,1.4575394176152943,0.5121810594326948
3098,1.770518282118362,0.3795067089234215
3099,1.2836111222432045,0.671069485283903
3100,1.7337385193137296,1.001983817041791
3101,1.7397027909599556,1.3748462916819162
3102,2.1395644655793498,1.8087121819659269
3103,2.122005114054633,1.8306319101077024
3104,2.4717845117662183,2.309791029168349
3105,2.168486829615397,2.4018269491796644
3106,2.0987984793945125,2.7202191080876355
3107,2.2210594119551255,2.7016336799575393
3108,2.153021229591546,2.8673203575432167
3109,1.7087920902704128,2.6877783100030572
3110,1.3167629244284487,2.9066122872634392
3111,2.080013472326227,2.7335927825454505
3112,2.0340174119264587,2.8319489712171073
3113,1.3992741314676456,2.430104075181924
3114,2.21429429641815,2.6351871589706537
3115,1.821735805232875,2.270339935237953
3116,1.902425597276237,2.3950675462532156
3117,1.8591240142464487,2.456800628501043
3118,1.5621596900603887,2.4754549332039137
3119,2.4232472318337765,2.316657765681023
3120,1.8196938515655792,2.3230203571727457
3121,1.9084949346952305,2.240293821003236
3122,1.6526487282449107,2.6362194536715555
3123,1.3596919084473524,2.4318744638523015
3124,1.49411375178499,2.370814037703402
3125,0.352953313471634,2.3004285330817833
3126,0.22475007434466152,1.8722256628006786
3127,0.01360742170481928,1.6531527391101415
3128,0.1699716899368699,1.043412449988794
3129,0.275571629976142,0.7904895127626875
3130,0.40569971567214663,0.689199654639612
3131,1.1840731530539537,0.44048387662283706
3132,0.9349149584050166,0.4986582177727601
3133,0.9222304611788398,0.7644642703411734
3134,0.613161528997436,0.9042338669311855
3135,1.3237820568025866,0.7521290672184485
3136,1.5975703612163157,1.2291787016073776
3137,0.9624799299190199,1.2913278886935144
3138,0.46357492837568887,1.5321894064690038
3139,-0.2680367944009096,1.1831338894751038
3140,-0.004037507529683599,1.2821823658314373
3141,-0.0018736079942697087,0.7801135082494001
3142,-0.2549456378272721,0.4384994545006825
3143,0.27562075264965774,0.35115394930361654
3144,0.5797704495708897,0.06724933038573855
3145,-0.42373105427237767,0.25243202053991637
3146,-0.3735058357660118,0.13589263761509385
3147,-1.0375932765477893,0.08163525110771584
3148,-0.5942755495386147,-0.1270339560860888
3149,-0.5813728894932284,-0.3023107584484963
3150,-0.06975843900233931,-0.6416556703966793
3151,-0.3965009055245743,-0.5318115539119909
3152,-0.3916906293079228,-0.5401897347338106
3153,-0.19685143977574313,-0.4730333874672872
3154,-0.8789812481129704,-0.47185258632000293
3155,-0.9252344837997862,-0.6134399912703283
3156,-1.2624007969195319,-0.9040540115249618
3157,0.020162965546122652,-0.9847711334629754
3158,-0.5902426533557767,-1.071533428978458
3159,-0.5444560059493176,-0.829442287883833
3160,-0.18573489005782995,-0.841360041550928
3161,0.026644461829479625,-0.643359995813844
3162,-0.5584724093352397,-0.36470095928304874
3163,-0.6076502129267334,-0.6111964788232658
3164,0.4148025010673862,-0.604808368501566
3165,-0.08260763030743044,-0.3596610555620254
3166,0.49725290286963525,-0.2167708642544643
3167,-0.0322200768294229,-0.23172207215866658
3168,0.4371600447592886,0.07767105346259207
3169,-0.020433669588209347,0.09739051986553685
3170,-0.5322277149214819,0.12259416264976719
3171,-0.7767273683200241,0.09930310668909867
3172,0.5007918843307838,-0.23989277176820895
3173,0.46177480555759465,-0.2279850206337825
3174,0.5600883985292108,0.028385541465766426
3175,0.7676767384909365,0.3618331019000481
3176,0.24996083758087423,0.35478234901895517
3177,0.2544954716316019,0.40728367469734233
3178,-0.769090849449266,0.2982195933041465
3179,-0.8649272218642692,0.0785034721760152
3180,-0.5133986300149296,-0.0052038362420293825
3181,-0.30028408038839055,-0.3265334191502999
3182,-0.5760814333512749,-0.46837776050477076
3183,-0.38830620164038465,-0.5045324322571202
3184,-1.0363426169306962,-0.5676261774306267
3185,-1.3357653966186598,-0.6192895300030907
3186,-0.8150160608385523,-0.6045699984962118
3187,-0.5570994483102665,-1.0456642496947632
3188,-0.38703153929927486,-0.8990073967185022
3189,0.26972423722428523,-0.9416649026523827
3190,0.23854500924665883,-0.9450677317754133
3191,0.06513306426048056,-0.4795237764738983
3192,0.8459361579560716,-0.15721841274092574
3193,0.5910183776398322,0.0816979352425079
3194,0.8085463986552784,0.24473790889927366
3195,0.8751330063336078,0.521674739134496
3196,1.466375977524119,0.8719647039647674
3197,1.445295522135095,0.9877408782603135
3198,0.7731337329368092,1.3433197860311832
3199,1.6925463066557036,1.419580375302602
3200,0.9245917535196012,1.515490036960667
3201,0.21072974778619596,1.3797492334459132
3202,0.5458466272941785,1.5285627762210134
3203,0.5766865392412758,1.294973262714175
3204,0.05466268927394606,0.981563473999325
3205,0.7927155072397744,0.9191999279044097
3206,0.6932798231883662,0.5948436338936561
3207,0.43504601852749897,0.8377868559895183
3208,-0.273898048857048,0.6186753656270672
3209,-0.14255169062550926,0.7960185509022332
3210,-0.2644926624768581,0.32140090168253965
3211,-1.2897286596335273,0.025895518452860006
3212,-1.3253745880664127,-0.15932669690807882
3213,-0.6995284849419572,-0.6120251500286034
3214,-0.7044882968760986,-0.9717766331465929
3215,-0.6347842154588687,-0.7896554463446521
3216,-1.1584891754533568,-0.7997573585871883
3217,-1.4562729312609206,-1.1470114180042985
3218,-1.3616020851647364,-1.0066689128240218
3219,-1.5988872123149644,-1.3945891879102414
3220,-1.635792720126333,-1.5830603146540974
3221,-1.1680333981318964,-1.9431036494077152
3222,-0.4738591933034851,-1.7152839796111283
3223,0.6950648820509004,-1.6047328506627672
3224,0.3601197643363498,-1.2195459003580567
3225,0.03161067628171049,-0.5193779506308249
3226,-0.18881935895857785,-0.45861010522981077
3227,0.2638690167077144,-0.34856705441625396
3228,0.46132936016748705,-0.14971658081941464
3229,0.39223169871707136,0.25995271744739856
3230,-0.6101413452215882,0.28492177269303126
3231,-1.0024047457801173,0.21405299186815477
3232,-0.6761298547843491,-0.011345681270010885
3233,-0.8409141761168953,-0.3476665610539861
3234,0.44476296220592293,-0.5509212847601297
3235,0.5715542391475187,-0.47568446860165686
3236,0.5697067345432557,-0.31839748623012815
3237,0.2836402343476047,0.0005035679405175422
3238,0.13288927466443154,0.19292010819447225
3239,0.23499712550581456,0.22526278692540316
3240,0.14248871750157346,0.3842577479294226
3241,0.7138298627974659,0.2876446613274702
3242,-0.6095230963008232,0.27848998453571955
3243,-0.6002270806615875,0.18234565430106123
3244,-0.22841427993505567,0.2520699638851838
3245,-0.7649922698793771,0.03015540299928869
3246,-1.2775917529802563,-0.3885524969336451
3247,-1.4453683427952722,-0.6010722911691128
3248,-0.4837360459838506,-0.9165301588212242
3249,-0.36374131144242444,-0.9939441359275626
3250,-1.086921899906829,-1.1159515232762605
3251,-0.3864189527672879,-1.0061567384954206
3252,-0.10109596600525077,-0.8189458306511782
3253,-0.013703619127337984,-0.9002589775394799
3254,0.882255311483429,-0.44510730595215914
3255,0.3699216708828555,-0.0480196457530882
3256,-0.6800579958974604,-0.2221192603587533
3257,-0.7129844282646214,-0.015713545037821533
3258,-1.223671810860236,-0.2025177194286885
3259,-0.6230310637668083,-0.3566751236638861
3260,0.02882088411572013,-0.6329873183545257
3261,-0.7562204601268309,-0.819280933188676
3262,-0.41010570947371944,-0.7323612319244333
3263,-0.9754259940453294,-0.7749667061170321
3264,-0.1862969321801165,-0.5302949775886232
3265,-0.583166176826552,-0.6500485801091902
3266,0.4409715054464102,-0.8209958706471907
3267,0.18192890235197154,-0.2528793535754369
3268,0.1439269798295287,-0.44627547513665344
3269,0.048634553184954105,-0.21431768673494528
3270,-0.7513055421369496,-0.2363125737213059
3271,-0.4372981050962241,-0.1562163829529074
3272,-0.47029278965763316,-0.2600674361639703
3273,-0.7757813381273037,-0.43648635153570897
3274,-1.2760282132380196,-0.40199570303437093
3275,-0.43157836917293035,-0.6828030716699299
3276,-0.6461051887688961,-0.9026118246031897
3277,-0.2957210416960856,-0.6731401690950953
3278,-0.41864956708101375,-0.5435884552764658
3279,-1.5736410201454312,-0.9944766662010218
3280,-1.375461915245144,-0.9007382337828261
3281,-0.5106423679404637,-0.8824077877274632
3282,-0.25470977776051396,-1.0966017562599613
3283,-0.3000427088076881,-0.8458698932263475
3284,-0.5241267852761117,-0.953543512079753
3285,-0.5526498244233184,-0.7730093618894948
3286,-0.7542635708773342,-0.6369145765268073
3287,-0.2120049224206276,-0.6883678669796738
3288,-0.3736308450249341,-0.9170441645993618
3289,0.4944553409700304,-0.43798045058767676
3290,0.19933667075376632,-0.24120128987828754
3291,0.2358607573374114,-0.3983378994351
3292,0.34288535239691004,-0.25566177936971723
3293,-0.6628463103083108,0.09449695525873344
3294,-0.004523910215029733,-0.033125152102470655
3295,0.7051104765300023,-0.07171942607715667
3296,0.12341845590891173,0.13859579288852264
3297,-0.3542441554763118,0.11429687339790731
3298,-1.1158140226321454,0.07885272220119624
3299,-0.3652071698636167,-0.19286488914997002
3300,-0.3146913625551893,-0.4092510904494444
3301,-0.5637433590727317,-0.3523214992754913
3302,-0.16697109118078834,-0.5772864589267868
3303,0.4369510793380728,-0.5268356915846828
3304,0.6298724046265192,-0.29825886935523116
3305,0.5258046348938773,-0.045734641483753606
3306,0.38263646469454493,0.15426857839805982
3307,0.9794673726574332,0.350661418897403
3308,-0.04133074433612058,0.610504308150672
3309,0.29718311773070305,0.49303456659232103
3310,-0.0998701670233055,0.5993763916879414
3311,-0.4099756978294044,0.2275915082597498
3312,-0.004227329954431501,0.26968329487576653
3313,-0.6607855328126835,0.2013394905694913
3314,-0.7617614507899997,0.040445688662531815
3315,-0.2706732515244514,-0.41455312694846846
3316,-0.0966977763776586,-0.32435680238095965
3317,-0.5497415028076418,-0.5485309496273372
3318,-0.48554274827529637,-0.17300965167279303
3319,-0.6109087492103181,-0.32414964462107276
3320,0.24354451861115037,-0.5843675771355674
3321,0.905309163424111,-0.5232891936740758
3322,0.6314897670759094,-0.2540763212658887
3323,-0.28240361706363254,-0.08700386676522318
3324,-0.20531432086611304,0.26396586093437174
3325,-0.6886821168423723,0.1154781420132811
3326,-0.01926576272336844,-0.16928821044419978
3327,-0.003981469240095649,0.04109460768716233
3328,-0.7904758093718373,-0.20013233147904685
3329,-0.6314740746412466,-0.2842578427973184
3330,-0.9484481508285466,-0.4778705199810623
3331,-1.594060293507508,-0.5981832954015454
3332,-1.7856647710333544,-1.0219195821291946
3333,-1.9657400529010616,-1.3766341736568455
3334,-2.182307411610889,-1.7397416845530422
3335,-2.6419240119883165,-1.8125206355640238
3336,-2.052046011092585,-2.50289979159331
3337,-1.8363887751703287,-2.657881008245672
3338,-0.9988044147966169,-2.5443488300262276
3339,-0.9514099828539992,-2.6494557611003997
3340,-1.4680517121362868,-2.121240003650629
3341,-1.0320285298357939,-1.99711218420898
3342,-1.024315779126593,-1.851602817785733
3343,0.49168195855762686,-1.818054901780623
3344,0.32850858529429,-1.2868533708564027
3345,-0.45337154021899395,-0.8395386420208075
3346,-1.0404828388139717,-0.7107291925357968
3347,-1.4361103208318446,-0.6389870153403957
3348,-1.5048817990814432,-0.6849374076532355
3349,-1.256422191956638,-1.2235404902703788
3350,-1.35813554797114,-1.3401453580906648
3351,-1.4048707969993282,-1.5399155592330318
3352,-1.4887335736903793,-1.57866947053686
3353,-1.0228199132091573,-1.7066007834423509
3354,-0.8490601014149335,-1.6721351298455658
3355,-1.5529429694133952,-1.4697539714943526
3356,-1.1479016275570961,-1.8570797962770504
3357,-0.5579311862869583,-1.7673828125950932
3358,-0.3610903261316439,-1.4074443800229821
3359,-0.4400369105749067,-1.1680760141031183
3360,-0.8820167533576762,-1.1333754403936083
3361,-0.5746948586593902,-1.1593224122635282
3362,-0.16936619369834224,-0.6819551839402764
3363,0.1944725812914064,-0.5914625809826608
3364,-0.05479937730982073,-0.5834658500379626
3365,-0.5886082803898133,-0.3486176081277507
3366,-0.6134672856114813,-0.35568940114578423
3367,-0.4660372602871045,-0.6201212977426229
3368,-0.7356336650414466,-0.5540186730046724
3369,-1.50563631156878,-0.7839642048372346
3370,-1.4872033630323327,-0.8895998079949546
3371,-0.6392001874717917,-1.2113888726641733
3372,-0.17898637364284828,-1.2028183197775635
3373,-0.01297106061840574,-1.0189665892693796
3374,-0.36267413262304976,-0.9346283132870555
3375,0.9517428181990618,-0.7812390817270132
3376,0.995134562105336,-0.2753953675016831
3377,0.3980101929571988,-0.05276220109715987
3378,0.6414856524354601,0.18982833996247395
3379,0.20932309812965497,0.46582636362735114
3380,1.1004719204416045,0.6184296661081995
3381,1.6356872635059243,0.7473586214147273
3382,0.6935868558337438,0.9056208067049862
3383,0.5454117029969886,1.016961883020979
3384,0.3698768111101019,1.0933268499107271
3385,-0.27679900968471055,1.1267693233084064
3386,0.1252994725765743,0.8018733114144667
3387,-0.03253324730081376,0.7010331522546582
3388,-0.4220817149971817,0.47048392970411346
3389,0.20609337665914002,0.1273898384340274
3390,-0.1618512544725986,-0.11132836576253499
3391,0.09968355339841013,-0.09095877150038537
3392,0.8044771796985715,0.15085397506415235
3393,0.5517964171369396,0.0962274250378175
3394,0.5350169521664608,0.2606033364466968
3395,0.17030215935887272,0.4999233568328384
3396,0.5469522117608848,0.4218601855376527
3397,-0.019353037831483722,0.5845258843706224
3398,0.3489332723761479,0.35901831323895406
3399,0.34795056203110875,0.49354862802436233
3400,-0.04957139424717513,0.31482428405778184
3401,-0.16670984111777856,0.3559520295492631
3402,0.3851547176641924,0.2626198131084481
3403,0.06094884179128861,0.16801881285229847
3404,-0.09801386150489325,0.23208229452002185
3405,0.2274053761468018,0.1703975867783906
3406,0.9177720023996697,0.10882793687526715
3407,1.1659114691064818,0.4083475390726627
3408,0.8432070288984264,0.6508090277743116
3409,0.9665744946847233,0.9445487730573281
3410,0.8190163516056961,0.9850159357914805
3411,1.0704158803604935,1.032536799951983
3412,0.7191946001076618,1.3853194586265885
3413,1.5798200878260988,1.2128251674248804
3414,1.62317152234758,1.2989372524110945
3415,2.29005249765013,1.4650028213475927
3416,2.1869636234186673,1.7694587767079943
3417,1.5827003688342223,2.2343277374565766
3418,1.5990851321641326,2.30714799788017
3419,1.359756044746092,2.283255648981276
3420,0.12817331915129218,2.007841789631543
3421,0.5604576423870246,1.8588014399957022
3422,0.9450647524943313,1.4808834854848762
3423,0.04060566521140922,1.3678201120855227
3424,0.6971810294155087,1.224600473776861
3425,0.5029032521341121,1.070427396579908
3426,0.8567806788838767,0.9300781376389238
3427,0.7204908450998441,0.8197998692916418
3428,0.3635369842526554,0.6365905968695589
3429,0.691999583766018,0.9839528059903319
3430,-0.33892241770505666,0.611658284133979
3431,-0.3812366236664625,0.5369694930502102
3432,0.09709810025079675,0.4376424899262136
3433,-0.4151561642052891,0.1561584645676112
3434,0.23427800763549755,0.02273754873754954
3435,0.6946887338621124,-0.0059534923918639
3436,0.24859103369238728,0.10768582059240836
3437,0.42669224026871067,0.18425794583288982
3438,0.6288190011029763,0.3530329565327609
3439,0.3602627969077529,0.3690190043539164
3440,0.5192596870223066,0.442134219491041
3441,0.27044294215455206,0.6897687512910561
3442,0.9920986947958749,0.5492276389975526
3443,1.3807330257565633,0.7221985952920985
3444,0.3758425937074569,0.9058503051109829
3445,0.46812495713633806,0.9894974206853162
3446,0.8351578408193494,0.888035763401456
3447,0.9384779833336321,0.7490672202930645
3448,0.2439464753356473,0.8166410356646212
3449,-0.5040559679229879,0.8463201664161937
3450,-0.9442470574895302,0.6932485666971225
3451,-1.7385411922667737,0.12254194503828496
3452,-1.155304300628991,-0.2048628408294636
3453,-0.5791661477065566,-0.587262247555746
3454,-0.6448525542700331,-1.0935470600226387
3455,-0.6163179816988518,-1.0708345736541032
3456,-1.1935220279904832,-1.1314684398857526
3457,-0.413202114481439,-1.0455476005568833
3458,-0.8376966135074507,-1.151461859123009
3459,-0.4449245642268419,-1.0351725701728476
3460,0.277737507106749,-1.143926089757034
3461,1.1533528553168422,-0.8883632626007829
3462,1.1717996952601557,-0.2740782339719613
3463,1.5340404642972594,0.1966289682750597
3464,0.7435120788422872,0.4526344583512093
3465,-0.1671112033473701,1.1346305518746993
3466,0.1397797290506692,0.7826048831174712
3467,1.0446914908139822,0.9271342120406618
3468,0.3257533464551059,0.9548326153496951
3469,0.35086871144534093,0.8972820469699393
3470,-0.061630526926113226,0.595089653255311
3471,0.22082998619543173,0.6856139451055827
3472,-0.2222584735775141,0.35353686965984554
3473,1.4237286974988193,0.24381774079202723
3474,0.6254972789840751,0.31799082035292714
3475,0.454263191662221,0.7199293190738342
3476,0.7334221576412199,0.5332213492147518
3477,0.8256402967649021,0.7355435261113304
3478,1.4735434341993237,0.9077969416203313
3479,0.7226238652870497,0.9624482705231084
3480,1.367901284148504,1.1853940406622752
3481,1.433885070042341,1.322499991470366
3482,1.2614248662844094,1.5078561839444897
3483,0.29625614974721964,1.661609401642927
3484,1.1012101841986488,1.3842790417842432
3485,-0.15408506054117338,1.3349423206712008
3486,0.6975193920867353,1.0393655463788245
3487,0.590203878827588,0.8895911194018163
3488,0.8458375681797634,0.7612237712648274
3489,-0.425436584546037,0.7006794727564578
3490,-0.9079837530169502,0.5555594517209768
3491,-1.259561918285151,0.3417336456296771
3492,-2.2257205126181416,-0.15860043108824623
3493,-1.4461456525253726,-0.7479981708329088
3494,-1.8513608899199507,-1.3212431341935216
3495,-1.9355415599398675,-1.5920570025246854
3496,-1.7255204778437403,-1.8121911086482934
3497,-1.2384801249293338,-1.9384426669746269
3498,-0.9672976270332753,-2.2140297866221705
3499,-0.7328826813791228,-1.985345775019782
3500,-0.11414766035084487,-1.7447923424146732
3501,-0.5187457823365185,-1.3420873972564356
3502,-0.9358307259452632,-1.1950319326668233
3503,-1.2503264114286252,-1.2575365172018262
3504,-0.6605151458748977,-1.2053247278241865
3505,-0.9053786605580902,-0.96069070897214
3506,-0.06983526158527442,-1.0588712971779006
3507,-0.18543695490040918,-0.9703162699064922
3508,0.9353336877950567,-0.7160827968437073
3509,0.602922735342514,-0.35755768420267514
3510,1.1196699558736347,-0.1532785919534208
3511,0.9064458355715723,0.16413622276034856
3512,0.9614883208277839,0.6167681660482515
3513,1.3167843151028649,0.8401325470165879
3514,-0.031701742984608365,1.027639900993091
3515,0.07595478110100158,1.0335363043764436
3516,-0.13290450371480003,0.8655493931500167
3517,-0.09604268426592065,0.6333169033707494
3518,0.28352314099069803,0.6405111003156156
3519,0.6733438739992029,0.4586119962618236
3520,1.6304569358619079,0.3730236646341974
3521,1.5944327700847893,0.6328494068567508
3522,1.0343997754117353,0.9616058700004214
3523,1.9058632151579022,1.2699809873857821
3524,1.8498485476262787,1.6067802567902274
3525,1.0984684944848064,1.9608860074309844
3526,1.1820838093843877,1.9842148290226231
3527,1.46071003990723,1.9618319669413145
3528,1.6528137801268352,1.8836097041637112
3529,1.4646880795174912,1.7522554304330533
3530,1.1736431536161682,1.9037528518857156
3531,1.615100715345499,1.9815473212204862
3532,1.3309105003223927,1.854408633350688
3533,0.6752068453300923,1.8277946601787736
3534,0.20817304289271563,1.882364947514804
3535,0.30752433190086353,1.438754694505463
3536,0.9324790088226708,1.2134114267194092
3537,0.5693966190738722,0.969101313010369
3538,0.8339385071143066,1.0391719645246098
3539,0.8602741931198,0.9830671231012024
3540,1.184742429505948,0.9679192725129651
3541,1.8424613877515221,1.0451674244765428
3542,1.0387395163225832,1.3915085717425257
3543,1.9876120656826766,1.41798662574591
3544,1.8820559804800063,1.7635957046920345
3545,1.388024084233648,2.005518237171368
3546,0.05468201556454329,1.9206328758248266
3547,-0.3255575365084636,1.6373235230416396
3548,-0.2416045713908468,1.4471819432658568
3549,-0.024097128484845656,0.8896484735992309
3550,-0.08532149340903576,0.4827867409210429
3551,-0.7355439405998588,0.23976266166767238
3552,-1.8354346480492443,-0.08793197074648945
3553,-2.1084087803055542,-0.6135898735335641
3554,-1.7455805298442564,-1.0591979994974086
3555,-1.2410537326785709,-1.5345656727562194
3556,-1.5697126011931406,-1.8825092511939039
3557,-0.9122618527647806,-1.7201536487136262
3558,-0.4116188990307721,-1.6933626055354134
3559,-0.7055385931585239,-1.5213639272959458
3560,-0.965347531515319,-1.4774552826379417
3561,-0.6297329293911014,-1.1988175222913078
3562,-0.6401700029995345,-1.183004977629174
3563,0.30560368130063875,-1.1185827468752316
3564,0.047273872682453824,-0.9371840145601198
3565,-0.3142677507781961,-0.4136123165328441
3566,1.0769387460296755,-0.41850025159146026
3567,0.7375030491430797,-0.031338128768716354
3568,1.0865334487006784,0.2722283628209767
3569,1.4480118909398498,0.5149208208283961
3570,1.030382282684718,0.8069591492688383
3571,1.3234531883461842,1.0691035638283415
3572,0.893578891897282,1.3237812257780597
3573,1.2166192227659203,1.5148520346326317
3574,1.7626187458825637,1.6589343647144033
3575,1.2137248238185425,1.4791394886919578
3576,0.8337712295131898,1.6922270605701208
3577,0.4471100906633114,1.7110030047158529
3578,0.255911826658309,1.6964613359967462
3579,0.5581390393884521,1.1441797159279097
3580,0.7528860445213262,1.0730292402259762
3581,0.886537178792627,0.9524342132055691
3582,1.1718174327970514,1.0405065113610839
3583,1.37062214618224,1.0726660737635
3584,2.427780911284786,1.19766145122704
3585,1.7226123598650027,1.618312409232237
3586,0.5971715404485228,1.5968621655581585
3587,0.7809982517244485,1.965742298911708
3588,1.4787311489965822,1.7392741563203318
3589,0.9375266243303061,1.404988819284707
3590,1.1922881961505194,1.5041228449586739
3591,1.6927992956237004,1.6813235639547477
3592,1.2415342785240941,1.6665443734918686
3593,0.8755229319016068,1.5876337154545632
3594,1.0901026612355413,1.6671550884811013
3595,1.1291213469440984,1.8752231405006912
3596,1.0431516154086866,1.467256008227369
3597,-0.4558825096885998,1.4699735096630309
3598,-0.04984188226419292,1.0373866325706413
3599,-0.987078143711873,0.8893757640487352
3600,-1.4513172003317418,0.4131251773935368
3601,-1.93803936639869,-0.0631286630421618
3602,-1.9626785557083324,-0.819918890823359
3603,-2.055383048227015,-1.4919958880558668
3604,-0.9589279293347753,-1.8065206901218005
3605,-0.3688871032702938,-2.0615906746992194
3606,-0.2740671561306528,-1.9107835062890353
3607,-0.4475727961205328,-1.5344546815573392
3608,-0.20511821061047866,-1.2741454799385914
3609,-0.3582782994739831,-0.8728450066781223
3610,-0.24828287214122577,-0.7032731292816587
3611,0.8467707959170598,-0.5022158369460021
3612,0.626532894192529,-0.3680326022542116
3613,0.42037628613816846,-0.08129504129096639
3614,-0.12374225353781214,0.18856683607959157
3615,-1.5386554138746782,0.08227094550616507
3616,-1.3267298769751885,-0.11444930114782273
3617,-1.9410758325495352,-0.47638580785329643
3618,-1.6186324658105142,-0.9091167499869852
3619,-0.7870218443298641,-1.4108361402270113
3620,-0.14163189289517694,-1.4260525417378234
3621,-0.3615122478723023,-1.3762770153808719
3622,0.1283946993302844,-1.2278086667464951
3623,0.9830813217532447,-0.8686193484773416
3624,0.8108447500377549,-0.3348376518203864
3625,0.23967328820756056,-0.07282331073887935
3626,0.0065832514725934765,0.013370631530318783
3627,0.28081210922129035,0.21162561112109424
3628,0.4239485942016123,0.38024649331019583
3629,0.47349453654127377,0.49442456873890234
3630,0.3944199573275383,0.5065227782235865
3631,1.0963722727149725,0.6035372394863016
3632,0.8576706469667009,0.6099337551296987
3633,0.7249133528795324,0.9273235194045165
3634,1.1818646061324456,0.8546902036093184
3635,0.6795405792645464,1.0167416619119412
3636,0.18257282244970624,0.9881693552169861
3637,0.1358311759719616,0.9369279240925962
3638,2.071077538324271,0.8956926100398358
3639,2.15735591152827,1.0991334882627668
3640,1.241593926169144,1.2649719251673637
3641,0.36591683071904446,1.4948169224982264
3642,0.02689246426779059,1.446733821546556
3643,-0.04509510422092708,1.2543877469826052
3644,-0.18489335907015478,0.9532453088550278
3645,-0.3524374687094159,0.5697189564260932
3646,0.37415354433072634,0.2936181851147567
3647,-0.6406758639558067,0.1149389716517374
3648,0.09384408540926217,-0.05960391180544634
3649,0.14271690640139403,-0.05576953233789096
3650,0.6479896413583085,0.013865540812064425
3651,0.8886286418626231,-0.03360610867436789
3652,0.6979393180679732,0.4615530314166813
3653,-0.5518359700278502,0.2578149801194275
3654,-0.9263840301810558,0.49915111772852483
3655,-0.7376493907932772,0.08929965237366405
3656,-0.8996984926577849,-0.3112721025149614
3657,-0.652968892184607,-0.7173824657933163
3658,0.2564781425332639,-0.6975082970613895
3659,-0.1387573756188831,-0.5604823770059608
3660,0.0384323628845578,-0.5330942905991642
3661,-0.22843477965583367,-0.45226141352141574
3662,0.5041590865196657,-0.30813713222174194
3663,0.2580651515359281,-0.16169637559854808
3664,0.658475997031206,-0.02618379866698059
3665,1.222996600898078,0.2210084451827029
3666,0.6896415163397462,0.35447574392586234
3667,0.08708661684153983,0.525832939846388
3668,-0.0433342712956717,0.605316252583149
3669,-1.002803746076752,0.5461415268685682
3670,-1.39296630967848,0.2039711803380766
3671,-0.9581214512781955,-0.09212810118228555
3672,-1.237372296479795,-0.7093734668681232
3673,-1.7040276806291625,-0.9253457221283453
3674,-1.4738851235318746,-1.1567937108842712
3675,-0.7057973889842766,-1.465884656851779
3676,-0.5452024453581121,-1.47996479956386
3677,-0.19486545094361346,-1.3574026938748036
3678,0.3352043136568456,-1.0136434554324614
3679,-0.7488315016167021,-0.9111099883064243
3680,-1.4140137108328106,-0.8746827288234599
3681,-1.019187276901264,-0.8726727139854792
3682,-0.9230421264617384,-0.8548392469266649
3683,-0.544258052046533,-1.1688636442181037
3684,-1.4973814085174861,-1.2674239836864085
3685,-1.4572706704631895,-1.2029317893064815
3686,-1.0435964390598078,-1.4810085556809214
3687,-2.0701996265093436,-1.4552831412705025
3688,-1.7670727316371313,-1.6601890581278727
3689,-1.48275113312333,-1.8403746217511103
3690,-0.7691188374474855,-2.028057892611597
3691,-1.119164615972835,-1.9534210114134944
3692,-0.8837082712065086,-2.245146315249084
3693,-1.22879043291641,-1.7944829920228693
3694,-0.6001742014404133,-1.577667170355663
3695,-0.18977384398840855,-1.3652295315201723
3696,-0.4234245756685828,-1.3017725691365127
3697,-0.07127914556737865,-1.1538478693238778
3698,0.00013776626664050736,-0.7337785820487135
3699,-0.30513062597865925,-0.24595594495408546
3700,0.49497552516313603,-0.3984525196870889
3701,0.2787239665442666,-0.16846719459273501
3702,0.04068401679041385,-0.06134455378641135
3703,0.5212586028013678,0.260138481375249
3704,0.08442540289467469,0.17919716385954526
3705,-0.20449337615913724,0.0350425495582041
3706,-0.06993213682345514,0.19803988371470072
3707,0.003029845231988598,0.15611521129137598
3708,0.4795812255730423,-0.018498129522697124
3709,0.5847057810706806,0.07423320181895277
3710,0.29904653164829265,0.3660716945241197
3711,-0.24820015085756605,0.3982552646480045
3712,-0.32680844616081095,0.3385706935996473
3713,-0.6593159054908526,0.015606926392745066
3714,-0.13700609053966786,0.09993052913413039
3715,-0.33952686667256327,-0.18368934836310916
3716,-0.8345297339565416,-0.2243726254960042
3717,-0.21118107336532452,-0.44727821680898827
3718,-0.09878266560313077,-0.49002202446343807
3719,-0.7977739605384113,-0.5729196571030291
3720,-0.6604252847967009,-0.63373649229465
3721,-0.6601949069416259,-0.5959474584501555
3722,-0.24023518407833305,-0.9188792508794585
3723,-0.043645719814929,-0.6658801699681327
3724,-0.06342526312966508,-0.6196398752268176
3725,-0.035363958909480714,-0.40265431794024376
3726,0.00492868677682715,-0.454165382491903
3727,0.3661986432851655,-0.21608182317472133
3728,0.33286357818044005,-0.06886661641780902
3729,0.4053049461395798,0.24750825655250488
3730,-0.1886876000789273,0.07719374262849238
3731,0.17687968089786357,0.21739890161045577
3732,0.9508151143528184,0.2958751209089659
3733,0.7192104214504818,0.23794975451211514
3734,1.0148051602237993,0.5791916971288577
3735,0.021666757002083932,0.6452125879299759
3736,0.6127926042346207,0.7743129324517017
3737,0.8576359864458135,0.7716475193766906
3738,0.2414918116167005,0.9621044635523355
3739,0.15332730222551133,0.6810666395879189
3740,-0.48950662049462484,0.5707901612308045
3741,-0.44275672051876297,0.41066259402798555
3742,-0.1068488264545425,0.4020319894061517
3743,0.7012008561074842,-0.011876172894080952
3744,-0.12702391682607575,0.03296371697053328
3745,-0.7738995206329691,-0.12022983558520293
3746,-0.35316760720636753,-0.12030466545449724
3747,-0.60956981977999,-0.22724084366296984
3748,-0.4022356333142543,-0.4403331017931015
3749,-0.774590478235431,-0.3950250821865958
3750,-0.6439771685871505,-0.5357611836259217
3751,0.5148304704400168,-0.7791903384553418
3752,0.10941003344711767,-0.46711543667932753
3753,-0.8149027175922567,-0.4697283868613841
3754,-0.2493666348038014,-0.4650874503753263
3755,-0.9424696492654848,-0.6216987696072892
3756,-0.5546110572265369,-0.6396301845610272
3757,-1.1657376690290882,-0.6982326763924304
3758,-1.590766262036703,-0.7020999385668293
3759,-1.480594754147576,-1.0528928854063702
3760,-0.8317648248832119,-1.3848357479639297
3761,-0.6483514199272878,-1.1817887576940371
3762,-0.9387825261779456,-1.2426669513017776
3763,-0.5478601771480401,-1.3573522943854175
3764,0.0015103179457327403,-1.0738792028242727
3765,-0.7489213424447639,-0.8946717602512706
3766,-1.1291937022222125,-1.0336304398194918
3767,-2.002964956915127,-0.871472437102629
3768,-1.9604809318616079,-1.4516917893843853
3769,-2.6227099433318872,-1.7468297035670493
3770,-2.6892247796258526,-2.0086536258747447
3771,-2.16797711642528,-2.587228320878349
3772,-1.49558342354264,-2.867018821447707
3773,-1.8580705058083422,-2.6092181132175147
3774,-1.6759515991802818,-2.5400630172482974
3775,-1.734275633363334,-2.5832872696428897
3776,-0.666284602235343,-2.4229482507422246
3777,0.1028095293093311,-2.167880535237215
3778,0.22337575668792553,-1.7373140811347454
3779,0.2892830794480602,-1.2693169338129786
3780,0.7551872705040481,-0.8567354700622772
3781,0.7094604220907891,-0.2722811461481039
3782,-0.05246654909610825,0.18133258639841526
3783,0.9407634377435544,0.36575691820881484
3784,1.1333324036884163,0.6745443977563458
3785,1.1185707856410436,0.881956069910599
3786,0.585313094101467,0.7519601431989237
3787,-0.7538870189857159,0.889751605789254
3788,-0.6327304724055471,0.5916548878892527
3789,-0.5871604677520088,0.35478865714350605
3790,-0.811762194240084,-0.12063325114370528
3791,0.18222486476966465,-0.14309956858359324
3792,-0.9668604969489891,-0.27812584261342005
3793,-0.7981320642969676,-0.530667562184813
3794,-0.826979978122256,-0.8508650160002602
3795,-1.5254663659903078,-0.7078319895594222
3796,-1.4738429571806608,-1.0181120929963265
3797,-1.5045599622380335,-1.2597567473813696
3798,-0.9091787313377134,-1.2776683334057004
3799,-0.18568951268307268,-1.5261254283758687
3800,0.5090906038132543,-1.4614791093765716
3801,0.3693398087744828,-0.9122709298247234
3802,-0.17701859175247833,-0.4654584182227056
3803,-0.5176424597595845,-0.3205055770393336
3804,-0.7646454015558166,-0.345508509887447
3805,-0.5007796004204783,-0.43777057835992517
3806,-0.5096540520463433,-0.5061291957736617
3807,-0.3024102334793589,-0.5980899882285758
3808,-0.1723369866064348,-0.3978538615761413
3809,-0.5214299399651685,-0.38689564645163166
3810,-0.30862033874483985,-0.4927634166248497
3811,-0.7534761628258692,-0.5616940230459825
3812,0.1564044982474036,-0.6462843160120278
3813,-0.2356863561329055,-0.45775122627543213
3814,-0.4324509737644251,-0.37508884218279803
3815,0.16900540081679263,-0.49643311779058424
3816,0.8684247838800673,-0.3824716852112626
3817,0.5081527000117851,-0.15276709488393123
3818,0.13534421830899374,0.11473969644653415
3819,0.5216378332383553,0.2738327468958285
3820,1.5873201183614873,0.6086536219841444
3821,1.0289473809341132,0.7274440250492564
3822,1.0982260120892398,0.9058927093444797
3823,0.5410614179727806,1.0907165539614276
3824,0.5465587671416449,1.3569846184541232
3825,0.9401732579249821,1.1042607212963684
3826,1.0547869779833834,1.1552622252891502
3827,1.7600879725151364,1.1319905004781186
3828,1.5029137412979703,1.4672979665883967
3829,0.6180379112675976,1.5539190488972023
3830,-0.026692742650998233,1.389754894837183
3831,0.5965158742058517,1.3033100483866962
3832,0.819429204300116,0.9164408152094636
3833,0.6350870347774527,0.8873100825088707
3834,-0.2284904713340488,0.8765799616087
3835,-0.5721443286537656,0.7181217337862117
3836,-0.08953146397369569,0.5199998873481119
3837,-0.8498477992671315,0.09938458561605443
3838,-1.5657590880567902,-0.29407450140424324
3839,-1.8189164695707323,-0.6265058312178609
3840,-0.7823466770378049,-1.0652584286525482
3841,-0.7787784512351177,-1.4063858343210893
3842,-1.3760744850934492,-1.2529627449445535
3843,-0.9555821075095835,-1.345957598616078
3844,-0.6019036964363687,-1.5024121599989224
3845,-0.25608156311284486,-1.2629456542754782
3846,-0.946334329253409,-1.2728470224216526
3847,-0.38609125239633046,-1.1034400293090851
3848,0.05039999965045026,-0.854941575434644
3849,-0.4929793762157248,-0.6854676417336776
3850,-0.7638794124256552,-0.8650882130464281
3851,-2.234800677309155,-0.5945565004801113
3852,-1.8721421654695003,-1.05835737255367
3853,-1.6166183867981216,-1.353910470503047
3854,-1.033997451999629,-1.6681425277811524
3855,-0.9718762334981035,-1.7190817291686389
3856,-1.7190211941056468,-1.7519318329601874
3857,-1.6781963174806767,-1.8858150838140657
3858,-1.8260834556329986,-1.936700722933323
3859,-0.7923467946668556,-2.029631877318155
3860,-0.7850088416619257,-2.0913688520969465
3861,-0.7291945104270263,-1.893599501993921
3862,0.23929253058457378,-1.4499533844072283
3863,0.6357077649193217,-1.339203995898148
3864,0.5943356866961115,-0.83102026178194
3865,0.3739740027386582,-0.43270366753432876
3866,0.5685930612706563,0.06412702364919666
3867,-0.22770826150936657,0.15080827450583822
3868,0.3445402994862485,0.34150851955881395
3869,0.354625545502991,0.32176062621706214
3870,-0.9551111066240662,0.3604932546212811
3871,-0.5067403861568265,0.23576298515975996
3872,0.1631165091423435,0.0023841910010442904
3873,0.3924682898370248,-0.23431397424226136
3874,-0.0013276953665001994,-0.25495825116413684
3875,0.04313032696517735,-0.05973799985817371
3876,-0.4785512500217552,0.025146240875248256
3877,-0.10882758777502204,-0.021498742061133454
3878,-0.2853891150002437,-0.13021896435070202
3879,0.28778355341985945,0.017377630898535806
3880,0.2576566413939509,-0.14793408771555067
3881,0.7157830777818152,-0.04124634597781532
3882,0.40564441030077253,0.10635885897884374
3883,-0.2091645739498899,0.1694706415834908
3884,-0.33192548228567625,0.38463262656227576
3885,-0.20820841796866016,0.07468834586491194
3886,0.8448938748387838,0.13326938168078994
3887,0.10684611476289022,0.17204323565031654
3888,0.1726124591489789,-0.0091486170211528
3889,0.20902942003950248,0.17999228250416438
3890,-0.21022514326433456,0.44084762798371047
3891,1.5271052768937452,0.2339036088359528
3892,1.487181408538628,0.30511519274305754
3893,0.645375350438129,0.7830051826704895
3894,0.17828564899989982,1.0337657857132965
3895,-0.8496722860439037,0.8671960098534024
3896,-0.7019562288985707,0.6863041580629333
3897,-1.2085201305335844,-0.07614748396925108
3898,-1.1142526439422222,-0.23221112720489523
3899,-2.0024905177829746,-0.49272835470514675
3900,-2.0843353768806807,-1.1432644646207484
3901,-1.6715715124626622,-1.4282290377064528
3902,-2.172523166913367,-1.9386861917270053
3903,-1.4436554915380166,-2.0094519005528677
3904,-1.1566920476033755,-2.1407364644938474
3905,-1.131860636695665,-2.171017983878932
3906,-0.7565355118160714,-2.0084724531950298
3907,-0.8365060717730235,-1.9926848036891025
3908,-0.826380398748305,-1.6761046188410473
3909,-1.0832441186907467,-1.4557777272005292
3910,0.07346746603977085,-1.204858707837304
3911,0.4583362831430553,-0.8847059364008711
3912,0.9395703353612656,-0.9296396817822206
3913,1.6424112608165333,-0.23382777903518134
3914,1.4986115586905455,0.16120916823863246
3915,1.6544701505895332,0.7536811289834728
3916,2.305762939266248,1.1939840715127858
3917,2.770610962597647,1.8717221650012499
3918,3.0285557873423525,2.208453433392957
3919,3.250948831855892,2.795074939707961
3920,2.92211330162594,3.4393187633005042
3921,2.6652164485179193,3.5382698392404763
3922,2.4517994107224954,3.4124410977525153
3923,1.029528815446162,3.4845537135410174
3924,1.1216329805106766,3.212725015719492
3925,0.9215149767141768,3.016545292378018
3926,0.8246253184854214,2.4478677025922653
3927,1.0788483052538844,1.9601535224915378
3928,0.909180135255406,1.955287198093603
3929,0.27684766238548847,1.5175218031422466
3930,-0.1813976157927858,1.417330697991965
3931,0.05457349710391224,0.8642931653158294
3932,0.5004761699463025,0.6126941283967648
3933,0.3866875531679247,0.5745161503910672
3934,0.7919946313606941,0.528884029553057
3935,1.0076848795504565,0.4514628935665838
3936,2.313455178837477,0.8257513061047221
3937,2.598317237789857,1.1739904091931272
3938,2.238395349357841,1.6695384563330504
3939,0.7553342953059503,2.1988494483205447
3940,0.134518505256164,2.0015241915328597
3941,-0.35630154063750086,1.7577850251195224
3942,-0.626663430316404,1.1108811350059722
3943,-0.36586379342016523,0.9098026681943572
3944,0.20316644225737832,0.5985284069628269
3945,0.20956107407931718,0.2065853729939227
3946,0.808112382722095,0.0718933153232236
3947,0.8221043377248176,0.27645252770597967
3948,-0.31518126727183127,0.5149308698402042
3949,0.2765511147313755,0.39174160637620237
3950,0.17521337112751356,0.38905202128363153
3951,0.12069359429485385,0.41495165693082686
3952,0.17121493205949698,0.37383427135435954
3953,0.1252949028718076,0.3575825651092755
3954,1.0669786497590452,0.22079428937376971
3955,1.145242915273576,0.3577539098344432
3956,1.578926900653566,0.7452237700495179
3957,1.207584313249846,1.0589812963740715
3958,1.21600751589308,1.030510536123673
3959,0.2679764708132026,1.255004888792942
3960,-0.30985079281149563,1.4433335286125761
3961,0.08203351783909651,0.8831312827122926
3962,-0.5977484594971112,0.9068521338566944
3963,-0.29572185551278535,0.5098803288962882
3964,-0.49039412879783256,0.16019229738391563
3965,-1.5051262947061848,-0.13919553849471983
3966,-0.5378089453330697,-0.42326213351518555
3967,-0.37505667063439435,-0.6997973833797738
3968,-1.0880048706054741,-0.5792137375130437
3969,-0.3498834472345098,-0.8109571216559764
3970,0.4604054366355542,-0.7755318563342617
3971,1.0445863736154584,-0.6296173640342472
3972,0.8190617533574481,-0.11713536175116371
3973,0.17873418340876987,0.05237959411424144
3974,0.1611892975800103,0.48425007019121047
3975,1.1253871944450073,0.3979842270785964
3976,1.3165259919098227,0.5284389712167515
3977,0.8547105475947269,0.9157440104137103
3978,0.9166693216835637,0.8373836615798488
3979,0.6706497663211898,1.1121381723263104
3980,0.6600940671095227,1.0203075423700434
3981,0.6395546758570408,1.2195949704842093
3982,0.07705647900904386,0.9264674036395171
3983,0.04774770762510311,0.9760713014957874
3984,0.6422114976053224,0.7813578234869853
3985,0.5514033641974861,0.5883061317996849
3986,1.452635843995049,0.6131456569930107
3987,1.4119348870395592,0.8415654505374196
3988,1.669572393955436,1.0868605921986658
3989,1.0576214300455857,1.172135098793703
3990,0.2644677457793831,1.4308733029496128
3991,0.5971967858044502,1.507352999890107
3992,0.021015240462902405,1.137627523516055
3993,0.16970084538120164,1.0296764298034593
3994,-1.146162117744,0.584457202878714
3995,-0.574861658114874,0.3044047616254469
3996,-0.5891925395453094,-0.10546473763653574
3997,-0.8100379016851896,-0.3027624910062473
3998,-1.0331438135468511,-0.5205190731653434
3999,-0.3683670038429529,-0.7473278156768026
4000,0.06475472984149913,-0.8922683562177309
4001,-0.277653938950262,-0.9151118036674682
4002,-0.6562184826130826,-0.5721664622798099
4003,0.17908409435193962,-0.6916221008160416
4004,-0.07874769951063855,-0.6122852453113005
4005,-0.08281928020585173,-0.44800845944522066
4006,-0.0952546711465105,-0.23704055615933903
4007,-0.9260203695347133,-0.18518967042391843
4008,-0.1291905747164841,-0.14666401563300777
4009,0.13764990722107168,-0.4299873966389642
4010,-0.6509276943181996,-0.36041069400086134
4011,-0.7986117876595524,-0.39257077343066327
4012,-0.3438783877415744,-0.4942194516506153
4013,-0.8470963272119953,-0.6867001401484605
4014,-0.5270306727505505,-0.658205849470512
4015,-0.7183380733767624,-0.9929805723663061
4016,-0.6741371870333915,-0.7984349193226011
4017,-0.7468184773251917,-0.6557505524569796
4018,-1.2910967942322549,-0.7981626264208621
4019,-1.4812216140789776,-1.2648120181842315
4020,-1.2495457662196108,-1.0913435958855022
4021,-0.4500477694126712,-1.4887579845357142
4022,-0.6225678207881525,-1.2175654429995724
4023,-0.6083822572888976,-1.3329905409924903
4024,-0.7747977706981778,-1.1411937290902707
4025,-0.8077966558364674,-1.223188402790347
4026,-1.7403620437131093,-1.0543821395675783
4027,-1.2329731357969387,-1.2977791493156443
4028,-1.5586927109020452,-1.204761631597163
4029,-1.0441454137641384,-1.327629038735884
4030,-0.8899048141137297,-1.5269464419733438
4031,-0.6706633258703543,-1.693221475862749
4032,-1.9037609812885055,-1.5210142138202838
4033,-2.0422428542502526,-1.6410863716740072
4034,-1.6123912372828635,-1.7230274901419873
4035,-1.4547721489666643,-1.701553829115174
4036,-1.5495689389607112,-1.8467710515417672
4037,-1.3816082071111042,-2.0260567582603626
4038,-1.539175874945976,-2.174379908703235
4039,-1.3210148868332852,-2.0764991872754104
4040,-0.16982440310559296,-2.066683468192722
4041,0.0229320843249854,-1.42710913640955
4042,0.8339245361084315,-1.2806765286161617
4043,0.5919752245012148,-0.7715697804374578
4044,-0.0035865710444278414,-0.43298727082769256
4045,0.2879111210762279,-0.03556523809791583
4046,0.748218504491038,0.10431864115216974
4047,-0.24325916704903047,0.1599183234223945
4048,-0.9417626664455722,0.17098219217490118
4049,-0.8274666538609345,0.10333427718211478
4050,-1.1820111073081498,-0.4250860092312181
4051,-1.7574292591474203,-0.5796225057130312
4052,-1.626028644077932,-0.8859315116552112
4053,-1.1049737751698057,-1.1781502611331311
4054,-0.758413133146817,-1.5374502577318028
4055,0.15735502581973082,-1.451995249998005
4056,0.2221660761197389,-1.256263654698869
4057,-0.23715534720942363,-1.0254558238062603
4058,0.1571858200557098,-0.900123366846623
4059,0.04006768968102929,-0.5772030353462363
4060,-0.07877016777831945,-0.31879409453590096
4061,-0.22050878886457476,-0.3126187577250661
4062,-0.7293996208392928,-0.03468470893928381
4063,-0.550946770301997,-0.46202906902591456
4064,-0.0067800272349473,-0.3293545392970292
4065,-0.10686741792603002,-0.669048806110345
4066,-1.1446852460782113,-0.26787040543812335
4067,-0.8143905091936723,-0.4394947643371253
4068,-1.1667090613716657,-0.6186641073599903
4069,-1.2313177044366959,-1.2071489882843498
4070,-1.4059205780867803,-1.1058135515951149
4071,-1.1087461922287007,-1.0639277035134693
4072,-0.43275885765227706,-1.330278795424761
4073,-0.7930397197000887,-1.396979914682421
4074,-0.724327361925453,-1.3984522506384442
4075,-0.22811069347412344,-1.1363941980601184
4076,0.625075321396239,-1.0278507492749642
4077,1.1625200365075252,-0.7553223200763352
4078,0.47574514487599207,-0.14631250068399101
4079,0.412658717502915,0.1228417100105281
4080,0.020816963403624607,0.2872700032175276
4081,-0.14150476635023843,0.3531677674443726
4082,-1.0705396891025634,0.2715563790422013
4083,-0.9761500887588831,0.03254972968285216
4084,-1.3905368499696198,-0.6552699045662856
4085,-1.5768028078385166,-0.581226842832977
4086,-1.1659464562136097,-0.9545044738775575
4087,-0.5393150510403064,-1.2385316926394463
4088,0.622494793388418,-1.1336642522213747
4089,0.10223855730750024,-1.1389127135651917
4090,0.5044069525475868,-0.8216207113028743
4091,-0.3752909618382788,-0.42030520749827993
4092,-0.2787844594403565,-0.32707538732244784
4093,0.5159983814431665,-0.20436703461615205
4094,0.3606986882227566,-0.08171332126186764
4095,0.9551519048183716,0.0949423212398757
4096,0.6423213074592072,0.4959490540157385
4097,0.15916634168876756,0.4003100988233561
4098,-0.053205288692408786,0.5164286794446791
4099,0.4185086960725531,0.4442293083818052
4100,0.12458170135573209,0.3234422930930516
4101,1.3249239747726254,0.5230879033174762
4102,0.29080830783066597,0.5818822792298682
4103,0.9241258540040241,0.4185497651947073
4104,1.2815781692064787,0.9525934502977995
4105,1.7726368398870893,0.7506525872220187
4106,2.3215866436538977,1.339973194223523
4107,2.752984672791605,1.7412199175794254
4108,1.5377799282122275,2.031382874594218
4109,1.848709801580954,2.23484518216658
4110,2.2944976148581966,2.4516000050619713
4111,2.5537472844329976,2.8134835678669012
4112,2.567976964333735,2.860114281681747
4113,1.6593057240934364,2.926071051535045
4114,1.6660943463565854,2.819424057506905
4115,0.049325505615139334,2.898811292379437
4116,-0.41386351931179977,2.181620018284283
4117,-0.050685619277582576,1.5436675380261227
4118,-0.9305824746341325,1.1486658311200053
4119,-0.8614999301241403,0.5587007140253315
4120,-1.1188560171343322,0.22464000351956764
4121,-1.6963674866109586,-0.4226854730437044
4122,-1.9846389181394517,-0.9868304722669702
4123,-1.7935823279056682,-1.2253077848935368
4124,-0.9517455530448354,-1.7482075314094618
4125,-0.38791431199056536,-1.909170207393988
4126,-0.26915821949288554,-1.83484915631589
4127,-0.05909611013818637,-1.3500912711677313
4128,-0.3440714094824035,-1.1342846768809132
4129,-0.15356831722672482,-0.9979050621428086
4130,0.4997206047577183,-0.7721439403189946
4131,0.04747667738287586,-0.43672081618115705
4132,0.02815049536836546,-0.17896562024434126
4133,0.41662836008039256,-0.17640388025533096
4134,0.4490378092200749,0.06471617627251172
4135,1.0635801162236145,0.3150654523177252
4136,0.33844476016816005,0.2846217421244086
4137,0.5133340084440947,0.5053375860865851
4138,0.7602381570852639,0.631645629775456
4139,0.35665255037316895,0.5043852719590253
4140,1.6708631325906216,0.8429010515654689
4141,0.995506462307054,0.93474798060664
4142,0.6365879081970153,1.198914942570226
4143,0.24401125637722126,0.9654734253362789
4144,0.4018231991858562,1.0896735736178076
4145,0.736048361044441,0.8587820936137195
4146,0.5736962369767743,0.7487465092538753
4147,-0.4380832809120041,0.8246215447635858
4148,0.03167975828824641,0.6313874252488382
4149,0.08399522560828135,0.40240220520643627
4150,0.27101243283875615,0.49484790914633325
4151,0.08894206325206389,0.31568060807831877
4152,0.14391983961950489,0.21822148909931566
4153,-0.31982969166598024,0.06668711507955907
4154,0.19089249952635048,0.3322427057001123
4155,0.5043041940358385,0.11978102921255121
4156,0.7106731501862185,0.09284222626545119
4157,1.01035695371285,0.2932669290910221
4158,0.6708626642009435,0.3665212270245822
4159,-0.23522521406375782,0.5876456398292291
4160,-1.2072533341602119,0.4348983189799853
4161,-0.7929743963945293,0.14693059960071125
4162,-0.5516078325575906,-0.16404888970384549
4163,-2.132412561932208,-0.520290589898677
4164,-2.8210111377960123,-0.8067398609682752
4165,-2.7020621877880835,-1.3373010428276957
4166,-1.6118024572692329,-1.916325879017264
4167,-2.2296754411420845,-2.442310465364793
4168,-2.0473485815726016,-2.62049676493194
4169,-1.4068057406416348,-2.8005848664387134
4170,-0.20558834654895433,-2.5148407792087144
4171,-0.6068742920931732,-2.4037221215533227
4172,-0.6113418466190084,-1.9443023897895166
4173,-0.48930954688642697,-1.4540125572628129
4174,-0.6280857622545475,-1.159699698570758
4175,0.12273594970657394,-0.8675803765174328
4176,0.5478935929294513,-0.6113210601871318
4177,0.5302287582976809,-0.38667506064176904
4178,-0.24608539265856735,-0.18703213689715986
4179,-0.04820681285002521,0.1574835317037105
4180,0.6154859495668191,0.2617353949717048
4181,0.4059407632942596,0.29686226558775697
4182,1.0528157326451588,0.40154374256337044
4183,1.1050933738399302,0.5839568182209725
4184,0.1674479130716611,0.6599630026146565
4185,0.6812499221950673,0.6342347829070099
4186,-0.28414908485688306,0.7413756578667937
4187,-0.7883159033374652,0.6147210191537169
4188,-1.4723104901345798,0.45001489042252685
4189,-1.3538328428139152,-0.16312497266520803
4190,-0.7115053243533782,-0.6367398866265344
4191,0.15544515013236113,-0.6712178094385433
4192,0.3427273592897113,-0.9402652806930247
4193,0.6645355631279901,-0.6888258771918798
4194,0.6093490162939065,-0.4953029737137
4195,0.8440810515091932,-0.03768438977911228
4196,-0.504404024602717,0.2783562092937332
4197,0.09413108105047718,0.2101773552038969
4198,-0.09545429565917884,0.289202229733141
4199,0.48009897345922825,0.24386585808719782
4200,0.5672178433826769,0.22418045694378597
4201,0.35346890821611443,0.3139238297681343
4202,0.31126853781521213,0.5177318963687358
4203,0.027928303771036035,0.3903330499855071
4204,0.11867301676908994,0.2700840192521127
4205,-0.6435963419552979,0.5070640982622581
4206,0.030838805587826274,0.022680423754317253
4207,-0.6106872585186912,-0.23651644753733717
4208,-0.5663622949598309,-0.1751923550318529
4209,-0.7428865337389163,-0.2569917584871967
4210,-1.084835626718819,-0.5156037583279178
4211,-1.1868975785088154,-0.7458163891442882
4212,-0.6393180160892773,-0.7677257770887278
4213,-1.032171334828016,-0.918893023979632
4214,-0.7763536557514796,-1.0674686686912693
4215,-1.1277665286814695,-1.3006202113489393
4216,-0.9220802017008526,-1.0941719624731985
4217,-0.5799614537752409,-1.2254461238341652
4218,-0.6565356421546613,-1.270481477153001
4219,-0.23967001848889843,-1.2666302433076762
4220,-0.5391643804186593,-1.0560093225125802
4221,-1.0861438006211708,-0.9892005776480881
4222,-0.581431201642745,-0.8782213430659167
4223,-1.748113157611081,-0.9808126437779687
4224,-2.185455364354515,-1.2973125944058987
4225,-2.080677002783059,-1.4274471162102502
4226,-1.2018893006106297,-1.9633815866983442
4227,-0.5657583859247537,-1.809817552870909
4228,-0.6088470079811469,-1.9345788141099232
4229,-0.790540299537382,-1.6909777135164565
4230,-0.8822270155677722,-1.273955509913098
4231,-0.879224640417008,-1.3605836869401935
4232,-0.8244248766139631,-1.1631864305166415
4233,-0.8451173422648064,-1.1726407986727505
4234,-1.650942081799789,-1.0779809640177078
4235,-1.9091741852090358,-1.253440040612626
4236,-1.340861352249182,-1.6718822190584377
4237,-0.943962037346584,-1.6428058077800423
4238,-0.9697216417058764,-1.5371349235797558
4239,-1.1689217999321528,-1.7508705141807326
4240,-0.570029789136912,-1.3321765408286512
4241,-0.2780967564323174,-1.462988152777697
4242,0.09465825081426509,-0.9160674615920213
4243,-0.3038264677601552,-0.9574422542393822
4244,-0.05467524121969534,-0.7665998611856772
4245,-1.0534978654853315,-0.5833275054890618
4246,-0.6253340690833766,-0.6565178024115417
4247,0.09771981367746847,-0.5992216943350138
4248,0.9084235934525805,-0.6492102235526567
4249,0.5560667665474383,-0.1227190430581317
4250,0.9271838452138152,0.11044850605188769
4251,1.7121502899858196,0.2822969600468379
4252,0.9199220269828523,0.6576491107652325
4253,0.8706173225076543,0.989755976804867
4254,0.5785982133205895,1.1883813325914063
4255,-0.25698858101146577,1.1025364238930437
4256,0.5557342307681333,1.241288028659536
4257,0.993518264065521,0.8250191509043213
4258,1.2492031497224785,0.9897813649959292
4259,1.2224943793939453,0.933377046055264
4260,0.95777630390215,1.1767580029025748
4261,0.5869252923971922,1.3549072836549034
4262,0.8430072427162842,1.1373871043271173
4263,0.9888584814597539,1.2047139625647934
4264,1.292690858210795,1.1803735670923217
4265,1.6949253055693516,1.4399271889765026
4266,0.6577420074371421,1.386246204717354
4267,1.0591658968597204,1.577435683902102
4268,0.3341163552085828,1.2461070161791687
4269,0.5765846450399869,1.339477329942813
4270,0.2403447485164642,0.9392670296088573
4271,1.117027246523823,0.9309392625540859
4272,0.8534281371966925,1.0179669428040024
4273,0.6803621888628625,1.1710786117725704
4274,0.3060276307632105,1.0449593262178278
4275,-0.11573765012354748,0.9264419253417217
4276,-0.6295514882246985,0.6223646605319043
4277,-0.8111801849159321,0.31315547501521085
4278,-1.098635766907694,0.22995580586872597
4279,-0.6925448529713756,-0.3396745136214391
4280,-1.4518857462927859,-0.664018381033407
4281,-1.1311510701189795,-0.7996812491640326
4282,-0.3411228456202355,-1.083124658757021
4283,-0.6836040488488218,-1.3012980647550145
4284,-1.6268803335457234,-1.2501760164505404
4285,-1.9146937044961558,-1.2993940387945546
4286,-1.7854289382867046,-1.4279610004114633
4287,-1.4929942425612581,-1.6181277673799492
4288,-1.0004667388337363,-1.8765784384216893
4289,-1.5292501559816378,-1.9732701997249784
4290,-1.5311394606255808,-1.9038472591317832
4291,-1.442204816247007,-1.939365283207115
4292,-2.0188742378558207,-1.9550135747146888
4293,-2.1828853017742693,-1.9845514602262133
4294,-1.8572019668096986,-2.2779829096509476
4295,-1.5800673066229456,-2.3960354155711183
4296,-1.8909930085179039,-2.6117386140921113
4297,-2.3709413556920573,-2.407577939619641
4298,-2.3345380206622766,-2.6726095940845793
4299,-2.7406235614054424,-2.663395394188505
4300,-1.456757802613248,-2.921006907290238
4301,-0.30915780011004296,-2.7423176489996557
4302,-0.49014739491533643,-2.4415785118208073
4303,-1.0080156301138572,-2.155374730623705
4304,-0.48945532187723056,-1.6214288577533607
4305,-0.43374170271969936,-1.4675237256168896
4306,-0.3598083836235367,-1.1607878967248142
4307,0.010455662107694942,-0.8567421118754039
4308,0.12373852255578835,-0.6125436177590452
4309,0.7622541439145804,-0.4931463676882497
4310,0.0335824427843984,-0.14087280864901258
4311,-0.07203014374913784,0.09347379738150749
4312,-0.31237370169881756,0.1522963816660174
4313,0.13937361638211956,0.17145805267528852
4314,0.5608598667902512,-0.030945883919976616
4315,1.1332585231825307,0.13924860736862993
4316,1.3552489331560769,0.45898899746990046
4317,0.8702702348728575,0.7056401357790965
4318,0.04911000879956533,0.8524952367057488
4319,0.2865453718253315,0.8927035799461215
4320,-0.7507283126708268,0.7880781166643263
4321,-0.7390832980229255,0.4684454737763714
4322,-0.14703887016645717,0.17139966258070782
4323,0.05981722020229908,-0.03887696397730938
4324,-0.13060802128954163,-0.19695811415083692
4325,-0.2584652150670613,-0.08074065469948134
4326,-0.6177663590324642,-0.26037873000101275
4327,-0.07379667687839461,-0.24295535636440696
4328,-0.6527282285963765,-0.31301197770616074
4329,-0.5836580766873398,-0.22123124370990438
4330,0.09416111214464581,-0.5962363602686483
4331,-0.13681505100015073,-0.4156287929657243
4332,-0.09680302856237594,-0.3888936889358513
4333,-0.20409658149085577,-0.3870216363298697
4334,-0.22269774671276737,-0.3781840881681489
4335,-0.03731867213321824,-0.38844566833989047
4336,-0.3951089878944424,-0.142742116762281
4337,-0.966030051552887,-0.37566429145123187
4338,-1.1025818883339498,-0.4620933636673689
4339,-0.5236080972523125,-0.8224208711656209
4340,-0.9743356650264784,-0.6710554633813328
4341,-1.344909582782861,-0.7914196142330314
4342,-1.4556249625170565,-0.9327962373398158
4343,-1.0221130963057647,-1.3768506490939638
4344,-1.4143654857001395,-1.3394365984252294
4345,-0.47167232314474916,-1.4429433539762095
4346,0.01189285657228086,-1.4918208347806339
4347,-0.23042363415880346,-1.11146497203711
4348,-0.4027082028425146,-0.8163128512368719
4349,-0.18849849706870997,-0.7616117402706046
4350,0.1703284800498375,-0.755027592249901
4351,0.8749037247150906,-0.4364782410057606
4352,1.0335676346316567,-0.058344402150916
4353,0.21831991396128866,0.235423364025372
4354,0.16471789588173769,0.3402947321338155
4355,0.644122610783922,0.17024712840830702
4356,0.9941288806082788,0.43922361672191923
4357,0.07346985305994583,0.6905177744118904
4358,0.6292337807256516,0.6448071762857719
4359,0.9822185724990354,0.6400042822487453
4360,0.8166992884733281,0.849240577536027
4361,1.0051497204822615,0.8004461640752562
4362,0.4973556177947879,0.943890320796273
4363,0.3538844279546158,0.9332897556143566
4364,0.9059351713212881,0.8983119615125857
4365,0.4932788290216618,0.9095190514709313
4366,0.9108150691223799,0.9187978427430199
4367,0.7405873062704293,0.9842538785752429
4368,1.1454374751792786,0.9619683179736257
4369,1.190521239836263,1.1146820336141974
4370,0.6942692095887418,1.10118418462572
4371,0.5175166527012234,0.9300416608554226
4372,1.082939774645894,0.9922647601015139
4373,1.0234534055992124,0.9765132826000574
4374,1.384193117524665,1.0954457730717877
4375,1.770431330626447,1.3094982867195455
4376,2.343507536136974,1.518379341270901
4377,2.3624307829970834,2.108863215166405
4378,3.1260597720096492,2.253608640906008
4379,3.5139431688277822,2.67245201478888
4380,3.2020541143998984,3.120672804337303
4381,2.2894458174100163,3.5167098501127785
4382,1.26675419115733,3.394838965874093
4383,1.1192905542473404,3.159078846877345
4384,1.959658304851832,3.030161454428988
4385,2.5080992868229792,2.6069760154611905
4386,2.75804895302454,2.620124989382176
4387,2.410388303926403,2.992495466193404
4388,2.3008643448736876,3.261242929728994
4389,1.6581644844297923,3.0548210053018523
4390,1.088129666733914,3.1219461407178235
4391,1.6074283829944003,2.7892105783429653
4392,1.006272405243229,2.5685899910747065
4393,1.2803150401621488,2.2633916116229518
4394,1.8179903172978105,2.1215867143333127
4395,1.8794242508309373,1.8484017770270533
4396,1.420745843493197,2.239875019770459
4397,1.7960037565987201,2.062128245537228
4398,2.0736718499588354,2.189899405614722
4399,1.342630176830575,2.3370983388655677
4400,0.5085543628061404,2.0856309960112918
4401,0.006734727427831057,2.178147486068523
4402,-0.33969369766650076,1.6191493066862492
4403,0.2643991910520073,1.225238175839985
4404,0.3493054461188084,0.7573916578303849
4405,-0.13685203119681053,0.5554649732881077
4406,0.16647775304810472,0.2852123523836599
4407,0.24983120615168086,0.14365091594252627
4408,-0.635026137161011,0.10001418964739267
4409,1.0367408163079224,0.14648800329998957
4410,0.3357024909258848,-0.11067621071840852
4411,0.5742827395110504,0.4655219107033207
4412,0.4071439106494565,0.36326777020446954
4413,0.44933884807636876,0.424248045939699
4414,0.2937073866687296,0.5325990234466279
4415,0.4635881194612345,0.6794355456154585
4416,0.07164693270025108,0.39305179229985066
4417,0.8111623264361445,0.47427197413797356
4418,0.38719173879269536,0.5349447067097206
4419,0.7751355239911107,0.5437501713860696
4420,0.6684648436566988,0.5936300979575098
4421,0.8051786827176408,0.8633555851266683
4422,1.0749065263700046,0.6317280496791684
4423,0.8112226584076532,0.9122053257720854
4424,1.6612925510970695,1.051980507320282
4425,0.2383316531580539,1.1694135992643788
4426,-0.05674108921498409,1.2077085294261056
4427,0.3793717093865119,0.8719903606512953
4428,0.21971160489941866,0.7820738831654033
4429,0.42251582363761464,0.8465765911074155
4430,0.4835562574864329,0.6240542250405833
4431,-0.021734527578797357,0.5993389391513392
4432,-0.3064532743182695,0.40436985267042025
4433,-0.518426186457298,0.4585901492730333
4434,-1.730598167012054,0.20417876792988393
4435,-2.003574071178058,-0.3837921104107706
4436,-1.333315315009181,-0.8479068433248185
4437,-0.382697713471305,-1.1478461374270477
4438,-1.1014351341676054,-1.7365846698433602
4439,-1.2388814150235878,-1.4392554419796875
4440,-1.5085115751522922,-1.5637655745809542
4441,-1.3125400623764512,-1.4092968030715949
4442,-0.16265542314700104,-1.2545860100939554
4443,0.3446583079477005,-1.1228575026465315
4444,0.5563339388441062,-1.1599881168246333
4445,-0.08983449995485793,-0.6545139121393713
4446,-0.06212922148119575,-0.3789102699422296
4447,-0.7316187413733741,-0.35393968855717
4448,-0.11625002336314663,0.017819830665889463
4449,-0.2683582087448633,-0.13548293402686123
4450,-0.455297051044093,-0.35710845659074414
4451,0.3767948921367688,-0.260570570666092
4452,0.8093981486697328,-0.16617769666674598
4453,0.7696329487242931,-0.06086268083035416
4454,1.1620979272689937,0.12398182080716147
4455,1.393332641261369,0.6538135289075526
4456,1.1941149838032035,0.891296287808468
4457,0.639427746939477,1.2728575033003906
4458,1.1329223439646419,1.3313986535770441
4459,1.4853346190632786,1.306487232972869
4460,1.1066658771440954,1.4798716528220617
4461,0.89708783083587,1.6173951511283515
4462,0.2940011597485339,1.5013934578592587
4463,1.3024508927914822,1.3116182311888547
4464,1.2927431648766834,1.2629319961056065
4465,1.0712362466673744,1.3207770541524473
4466,-0.22988732947937954,1.465243702093904
4467,0.6363606084075902,1.179476544396764
4468,-0.004246604494188287,1.0815178042057094
4469,0.7422972204178303,0.6674985459963892
4470,-0.4190047901564754,0.7711457972621357
4471,-0.6356374995565626,0.3836607436401885
4472,-0.8242086881881938,0.30464726492503796
4473,-0.322217892872729,-0.20551640422643563
4474,-0.4264575696910257,-0.35722989455812626
4475,-0.6176549046897807,-0.5106122659031895
4476,0.3935488832858469,-0.5413554142997153
4477,0.16322749203078415,-0.4760646974444282
4478,0.24063379613265642,-0.2462777527152909
4479,0.3921304131048988,-0.05385898657992254
4480,0.40353304378631893,-0.15053799478798793
4481,0.2566190756572937,0.05045221234262609
4482,0.41654422074832476,0.2699961267660979
4483,-0.6706131061679024,0.23636381227683256
4484,-1.2980315901171775,0.27431853697448794
4485,-1.6149676449541184,-0.4148275728490839
4486,-0.8583943522715177,-0.3501083654690982
4487,-1.1453779655259684,-0.8324317946269283
4488,-1.2181565449205531,-1.0067267074350794
4489,-0.7525005465255682,-0.9978335220449837
4490,0.35547755777991036,-1.338719338092224
4491,0.1998127695138837,-1.1486705359749068
4492,-0.7014176262540156,-0.6937769488343501
4493,0.011652674700327778,-0.6325514984033913
4494,-0.379979068667581,-0.4328322291608166
4495,-0.7156450515973894,-0.3725631603229036
4496,-1.0756168793435026,-0.4758146652984014
4497,-0.7998402807123685,-0.809315097239515
4498,-0.5726540598535336,-0.7743120017294975
4499,-0.3310749817373896,-0.914166381221334
4500,-1.5148090439468218,-0.7284718022944257
4501,-0.8469481630657862,-0.9649243381397432
4502,-0.766195628604486,-1.0697421047821547
4503,-0.5483726801487707,-1.1461733140953756
4504,-0.32022718423211805,-0.9065732891019488
4505,-0.16405898410066236,-0.846793439799596
4506,0.007740286444176176,-0.7551940886620653
4507,0.4393824111184462,-0.5513287238435896
4508,-0.17965517688288177,-0.337609183558226
4509,0.3112012813199998,-0.27486064356903084
4510,0.43415844209444737,-0.028362632647312702
4511,-0.3682156830705189,0.048727907026768366
4512,-0.7619809035141003,0.10517151581421601
4513,-1.082624297392416,-0.12766536800758385
4514,-0.7424649116013406,-0.5919456474093732
4515,-1.3428856201181467,-0.7598979557208236
4516,0.026096300127653273,-0.8229918489139266
4517,-0.23794601212376554,-0.80862926189501
4518,-0.2586102685197681,-0.7382836449777805
4519,-0.13258590803905348,-0.7468833181750397
4520,0.10847655523686568,-0.5110535979270122
4521,0.12064089275732275,-0.3838318564879162
4522,0.11511636900547922,-0.3038316486703194
4523,-0.5898716092451723,-0.19557178574993964
4524,-0.41166522732533983,-0.3256503269924621
4525,0.3784011666852567,-0.24430986019211148
4526,0.16834275708444893,-0.22604932565265928
4527,-0.6174796749211952,-0.045187681266827213
4528,-0.06532415994349043,-0.17421528743111167
4529,0.39816482712800666,-0.20850113397180797
4530,0.5968033654882029,0.06436012875868227
4531,0.4872644650821327,0.1605610705934405
4532,1.0689612482531403,0.3851556439403193
4533,1.2638018862298612,0.5000904827665694
4534,0.863282916656402,0.7823429761179543
4535,0.8261857007067711,0.7147629095757085
4536,1.8648545179370009,1.0381462677013362
4537,1.7106238547757127,1.3844160127580474
4538,1.6639483188110944,1.6605297755818642
4539,1.32387777630327,1.730369151113757
4540,1.2723599199336941,2.0562813780745754
4541,1.4256918899536382,1.970708273123769
4542,1.3256934634865092,1.7451695169548953
4543,0.8603573332490271,1.8877760176654672
4544,1.4839442463798342,2.009020541351453
4545,2.2464375548645514,1.7747589413593683
4546,1.7714897268347232,1.8917226799371747
4547,1.7231608720202434,2.087694251552635
4548,1.7675838801127,2.329251340326482
4549,0.2381792930330047,2.101134578964197
4550,0.35334979338622713,2.1120252672340487
4551,-0.027551685376584673,1.7655659887345536
4552,0.48119839201342507,1.431192444262035
4553,0.5921274718254108,1.0944019893629595
4554,0.23771174978420065,0.9312830694629657
4555,0.33900678216410823,0.7048677752952871
4556,0.5911113379059237,0.7152917953251365
4557,-1.077169872797367,0.6812832339444695
4558,-0.8197690696087473,0.24948897436871925
4559,-1.0776500461249339,0.028315869861854442
4560,-1.3028589089071363,-0.3676423804339194
4561,-2.406685877915221,-0.9127751324033957
4562,-1.4674410445471426,-1.2170859777562253
4563,-1.037285310816847,-1.8006468170345462
4564,-0.460470870185527,-1.7278361772648185
4565,-0.43944830586364075,-1.5810390357719157
4566,-0.3536985752376993,-1.3763587306061336
4567,-0.7340536440551138,-1.0586930133493335
4568,-1.0258006734480742,-0.9830209530414116
4569,-0.8084280883713569,-0.9736038759372871
4570,-0.6237914039700219,-0.868410431441343
4571,0.024002082367607924,-0.6947324102434638
4572,-0.1095211884948192,-0.813176580600307
4573,-0.7611587488646994,-0.61562501958355
4574,-1.0893009212343108,-0.4971686416981157
4575,-0.48958515558250965,-0.7674148104888293
4576,-0.9285866986647716,-0.7786798993198754
4577,-1.7577870289647575,-0.8126255761401078
4578,-1.1680245366791664,-1.1037209609256424
4579,-1.1586422501041873,-1.134619131162794
4580,-1.5809175375806845,-1.429417068105494
4581,-1.4055871547513386,-1.5700853452737105
4582,-1.596901777809107,-1.6041745763478903
4583,-1.8852267928415114,-1.7849358677668703
4584,-2.4538097121044893,-2.1474969374280732
4585,-2.1965590337022314,-2.1761758368915807
4586,-1.1389622588183088,-2.2267495745550487
4587,-0.5009749295607138,-2.234895067892613
4588,-0.9637616623772661,-2.1270808686338625
4589,-0.5030284188559437,-1.8613963804058304
4590,0.09372293132479559,-1.673103399947089
4591,0.23404267760298303,-1.127759473832553
4592,0.24418544596542702,-0.7914875177692853
4593,-0.13831349627308728,-0.3548259283693375
4594,0.7143219353920072,-0.11329418644427876
4595,0.29924474075953184,0.08540541898755694
4596,0.30925684443852436,0.2738213950018081
4597,0.2032557111687166,0.49041469013743727
4598,-0.789091481723099,0.3497384761040252
4599,0.14334426587320057,0.2724659205632597
4600,-0.8765657967713507,-0.03864490709581696
4601,-1.1218867799279884,0.029986489334415556
4602,-0.3620505330847771,-0.4937261753747433
4603,-0.18657696633338988,-0.667613135492833
4604,-0.36009954363181884,-0.6678228511432165
4605,-0.15109859246459034,-0.45001691513668535
4606,-0.6718302748106373,-0.4162020635062528
4607,-0.301275660029018,-0.6578944201084398
4608,0.47161710857009825,-0.5978051408718548
4609,-0.10700520372020118,-0.38147118214092995
4610,-0.3946683141951064,-0.21275909950011618
4611,-0.16570270231578918,-0.21221947050285433
4612,-0.8130512811083842,-0.19599105902977576
4613,-1.48139428107747,-0.5112809136758121
4614,-1.8291948981710697,-0.6795758105653787
4615,-1.6350135130623653,-1.0058863361402568
4616,-2.090934526854172,-1.3782034903710103
4617,-1.078106469136195,-1.7464355448272466
4618,-1.2702490963879074,-1.8326628256935131
4619,-1.5894418733393283,-1.9463705066250965
4620,-1.3134673119345095,-2.063206840230157
4621,-0.9302330133225045,-1.6607234305784226
4622,-0.2839558950139557,-1.758560946212021
4623,-0.48822920773305956,-1.7491373519215803
4624,-0.23338785321640157,-1.3869883549690691
4625,-0.6557854107802071,-1.1349082561471828
4626,0.48648658094907254,-0.7018256788168635
4627,0.6103280111412123,-0.32033058507125534
4628,0.45503137991255077,-0.21368366214312695
4629,-0.5766129327801036,-0.033993312428487396
4630,0.10363666363324632,0.14760816858186993
4631,-0.434423877432485,-0.07661811314610002
4632,0.13317024906072086,0.1829088296641642
4633,0.16499222959650517,-0.0911300296351415
4634,0.1465782081552301,-0.13630729062984323
4635,0.051996477254484294,-0.10751320519086932
4636,-0.016432273495039038,0.01800809183660474
4637,-0.10190397984661842,0.039892904731060205
4638,0.46979445702953837,0.21538640628990324
4639,0.7606537840516164,0.19197688828912438
4640,0.8306302372950282,0.3519352081085877
4641,0.7494765609148634,0.6194402885930865
4642,0.9005086897534523,0.5483152413956291
4643,0.6525052956732912,0.624671788338303
4644,0.41495512016682534,0.779592739649099
4645,0.9293809794230239,0.9788429073445345
4646,1.3248599361956575,0.8512273602741964
4647,1.6330366444039983,1.1270956571591704
4648,1.5124730076007933,1.2652079317286504
4649,1.0311825958238607,1.4539265822693055
4650,0.8480493424445885,1.4624048934113287
4651,1.0220105510390214,1.3419814263409373
4652,0.724585601391372,1.4956864111857957
4653,0.736918247319206,1.3023754914522305
4654,0.3420399881643018,1.383032882825797
4655,0.5525082011627748,1.0077143463634957
4656,0.41273531379886097,0.9979857353985311
4657,0.7273895701204955,0.9821265009239414
4658,0.33041340160397564,0.9933233935010033
4659,0.013647814754522055,0.6917103041765228
4660,-0.2688493421928856,0.38089659906879914
4661,-0.5194091626127527,0.34783965282995033
4662,-0.062585189030906,0.322935764006843
4663,-0.752422236332863,-0.0311723931429308
4664,-0.477984801931781,-0.0278908994511905
4665,-0.4038898576604788,-0.3382108673209514
4666,-0.12784395632471618,-0.4224164766933841
4667,-1.0132587744146937,-0.5550628168902015
4668,-1.185465867565776,-0.5116899447880354
4669,-0.759370482760777,-0.9024173910751196
4670,-1.681705333262933,-1.0840694670918631
4671,-2.2117920756059224,-1.1900968330699937
4672,-1.8667764351414478,-1.4855433964742906
4673,-1.7730441018511174,-1.875326999131178
4674,-2.0409051512348104,-2.202312104855327
4675,-2.27678636953884,-2.4351759549109224
4676,-1.4384545600625593,-2.339447903226631
4677,-0.4483178796643461,-2.3230786072790535
4678,-0.35254866841956245,-2.0640021863676234
4679,-0.9275179950962421,-1.8730909132545335
4680,-0.20429701871071684,-1.4643829594598246
4681,0.6409151934795363,-1.290585096427578
4682,0.9269006570041396,-0.7290211786877936
4683,0.5631513159254595,-0.36774475376907656
4684,1.4299232732119802,0.091375304826669
4685,1.111937192120252,0.6466435970518503
4686,0.18498700865045842,0.6971048337482398
4687,-0.33979270401659434,0.988449217420636
4688,-0.4862608062027414,0.8198153261027065
4689,-0.8184744488121387,0.5246123593621705
4690,-1.211115664345509,0.08590990375122301
4691,-0.8308916917521102,-0.10541667364874158
4692,-0.7596997757380822,-0.7466119991975636
4693,-2.0280799822452926,-0.8095947091841514
4694,-1.5355624736872406,-1.185122564144561
4695,-1.3901420194112646,-1.5073902924495504
4696,-0.47227783846825744,-1.367891757977241
4697,0.2312547076543261,-1.7606243038518858
4698,0.6910309724348701,-1.329523482398128
4699,1.01609025919403,-0.5847179318006911
4700,1.56466795720212,-0.32677948667718426
4701,0.5969041141488707,0.27712894599745624
4702,0.9462892830603284,0.6665692323626927
4703,0.9324337449300737,0.8209269837356616
4704,1.2657379495743795,0.9834304311231717
4705,1.3807130353418353,1.2429230745435826
4706,0.5359517602674074,1.323880669413752
4707,0.6476975820320553,1.1748033217167368
4708,0.16150217394292213,1.1684900698262852
4709,-0.21004471399256486,1.1304888436217349
4710,-0.35922847110943745,0.8212403322266447
4711,-0.95632059037882,0.38286988218210266
4712,-0.42093620452462155,0.03650071740134742
4713,-0.7082011803901159,-0.1059159805976773
4714,-0.09345640013275003,-0.29893961640403677
4715,-0.6026582161620637,-0.5843316663291825
4716,-0.15718168360472531,-0.4740869147657759
4717,-0.6502801200379137,-0.465946984808898
4718,-0.18687259761715017,-0.5625170299047265
4719,-0.805603024757708,-0.519658095316924
4720,-0.9076300408905991,-0.43360652849615744
4721,-1.3325399706120489,-0.6271086302111105
4722,-0.9284601848709332,-0.8741820035410602
4723,-0.9224452983804724,-1.0120717844940628
4724,-1.391577624700141,-1.1537635641148576
4725,-1.2266950097342482,-1.2379465925394493
4726,-0.958205239665481,-1.4422242604285709
4727,-0.48922802705429586,-1.4400995399365129
4728,-0.5947351933273116,-1.235684562833243
4729,-0.04115285970131638,-1.1770529575092563
4730,-0.22656138131826362,-1.061876164545613
4731,-0.43659882835164326,-1.0055172037112579
4732,-0.6891253699808249,-0.68995932646926
4733,0.3744509435669435,-0.370591348320253
4734,0.3197387730732953,-0.3947511135242944
4735,0.026821562841600123,-0.4087913059055667
4736,0.5102514924679613,-0.06114699067179021
4737,-0.5371238351203491,0.01757297290703408
4738,0.20364861758090733,0.07058161045193814
4739,-0.10997574255176672,0.1483813631439752
4740,1.1023971032552347,0.3701201537430989
4741,1.722310154868767,0.15316952597438224
4742,2.0181668437770828,0.7180724258486183
4743,1.465573910285427,1.3036488727966713
4744,1.4221697692189834,1.509559357158977
4745,1.857267886682887,1.675653833467958
4746,1.4024225952773859,2.1121510918713704
4747,0.5436078340930487,1.915097998166283
4748,-0.8314643487045976,1.6856965952540448
4749,-0.6830460397343997,1.134451262737524
4750,-0.4189926660780048,0.817446599520297
4751,0.2890598714578598,0.45995967456481857
4752,-1.0258321937826747,-0.09321229472794232
4753,-1.1166461355557988,-0.12615972102371326
4754,-1.35608092923723,-0.3997649811851286
4755,0.24062407304043476,-0.9458949147180649
4756,-0.19839026603375226,-0.7546275132717235
4757,-0.21278057259731026,-0.7515096673357533
4758,0.6377830410184236,-0.5896265633005894
4759,0.32986805179073336,-0.1492047797676787
4760,-0.2903943867361283,-0.06165021331347598
4761,0.3690191139441906,0.09841968438407117
4762,0.6492953475776493,-0.14184759369535116
4763,1.2434555802219247,0.2258009457420766
4764,1.435696804667136,0.6800303681559513
4765,0.5644327614730017,0.8673639191807689
4766,0.5622136196490979,1.0307680137985389
4767,0.8738449539385406,1.15444642298416
4768,0.5081555508505134,0.9644876773961736
4769,0.5538400966304429,0.9094671299691517
4770,1.633731546079999,1.0946697939457084
4771,1.2901539074489976,1.2175199800332577
4772,0.8711166483768712,1.1559331726203212
4773,0.08727855179387056,1.4135775215256428
4774,-0.07372600577143094,1.2341041501143275
4775,-0.7019985167370428,0.9109472104992373
4776,-0.028479532897978468,0.5561589611368449
4777,0.46403761609523636,0.0675431762718256
4778,-0.20684567917941107,0.32951545746852773
4779,-0.06580606196092144,0.10328497549158837
4780,-0.2947881984139546,0.21162692947085052
4781,0.15200473336790093,0.0043044386481570565
4782,-0.03497606116404622,-0.024891323606335135
4783,-0.49054026165024717,-0.21875191123286786
4784,-0.40504070070028436,-0.2215935091440699
4785,-0.32545005454812753,-0.2001079365502853
4786,-0.23214353034230634,-0.3365782837352272
4787,-0.08418657328275303,-0.24698890533568557
4788,0.04427062064032884,-0.2972523618112105
4789,0.5574069322633236,-0.3316102832335589
4790,0.8184524886785858,-0.042141321047822186
4791,1.0010121810318098,0.19710393400130038
4792,1.4929160995999642,0.587780608837812
4793,2.248421138450064,0.9187243109716047
4794,2.842415761910636,1.2668493437188173
4795,2.466596348135572,1.9149577711683476
4796,2.880401768006042,2.529963475951432
4797,1.9326802285453624,2.6940550591961916
4798,0.97019570571303,2.9258126788683136
4799,-0.09281371287107806,2.8712572664330143
4800,-0.33188259365629236,2.0901166512578526
4801,-0.27804498439274555,1.7683029374774386
4802,-0.06422684555843584,1.0297961108358444
4803,0.10652101709620976,0.7594789220293487
4804,-0.24042583010657054,0.3530208406893889
4805,-0.8468067116095614,0.1950005269065172
4806,-0.9208168937452735,-0.2839392247659061
4807,-0.3845070313612657,-0.3526566222226525
4808,0.2470555364886572,-0.5319490041137375
4809,-0.4401456600847338,-0.5075208048325257
4810,-0.03282278158660355,-0.5428034774143562
4811,-0.7319848683016116,-0.26040880088171936
4812,-1.0173720689948516,-0.263114717048006
4813,-0.4479887992727723,-0.5439482347711023
4814,-0.006160316118519333,-0.7599126655972254
4815,-0.23637874152685323,-0.44816678453887465
4816,0.11794568123920746,-0.44282067342229037
4817,-0.8921794053490272,-0.39934571983841344
4818,-0.6934863395634125,-0.5706520075215594
4819,-0.25030040441656076,-0.6019929249904022
4820,-0.18064981966033622,-0.763159836073955
4821,-1.2707102727430746,-0.52447663778599
4822,-1.716511909574246,-0.5812062401538768
4823,-2.323030682825938,-1.0908676400041462
4824,-2.201112050002731,-1.209764323529469
4825,-1.9091805491225007,-1.9393338456053366
4826,-2.210811010090638,-2.2419805092337937
4827,-2.2606019015245904,-2.2495762231570624
4828,-2.6335475811691382,-2.4820370538859855
4829,-2.6699631097242147,-2.8607309820974156
4830,-2.2173486083607674,-2.89717794182466
4831,-2.091979879842298,-3.1654443444278186
4832,-1.8713124708376656,-2.9901835325421406
4833,-1.3581346367466542,-2.9001978747773713
4834,-1.5009196594300291,-2.71943319245545
4835,-2.0295175493692827,-2.5461081404428
4836,-1.9641673025843613,-2.6786741050471745
4837,-2.3461018206738165,-2.6219230228501695
4838,-2.8671458757578905,-2.617891621699236
4839,-2.2365709624681696,-2.8227822225909924
4840,-1.610915216088482,-2.98718378328589
4841,-1.8035111452354597,-3.0567589307517684
4842,-0.7249283922682617,-2.9282318385634025
4843,-0.9180599888524501,-2.5076316233660734
4844,-0.4876462832676939,-2.2878532196560095
4845,0.04981047270614221,-1.8535605798689363
4846,-0.4382677599488752,-1.4717710306797247
4847,0.11582660063124955,-1.1455614921031323
4848,0.6562578543266102,-0.9865684547469252
4849,0.8317162761710625,-0.08932882360355268
4850,1.2692492771476445,0.08525710605127454
4851,0.9213886613058643,0.4474061502337805
4852,0.9347352270920474,0.8326569152367027
4853,0.9819805316319147,0.9651236137386056
4854,0.21237308997632143,0.9291250354028112
4855,0.3774031457052682,1.1128330827902684
4856,-0.18926284906719232,0.7606523323366006
4857,-1.8215591867062373,0.6599368242755156
4858,-0.8929597152534279,0.4089368858140482
4859,-0.4959015559126607,-0.29281070717856084
4860,-0.985977860884498,-0.45259529322768066
4861,-0.23366958790423834,-0.7868785450805375
4862,0.04048270346486265,-0.877688070867124
4863,1.0275656159875344,-0.7415410386705216
4864,1.6991402984458652,-0.13684724853363348
4865,2.127781934401987,0.0602059743870266
4866,1.501926052838883,0.9097038696166364
4867,1.5268765266700806,1.1727091041880868
4868,1.0536256811345373,1.509288578434221
4869,-0.07078937809828455,1.5952929006661503
4870,0.5563238631109709,1.3409733976835474
4871,-0.4546310522981419,1.3666381727431658
4872,-0.870616076971702,0.9238600506501387
4873,-0.5562346729814807,0.36479973077648503
4874,-0.7370656506721716,0.19986690575646646
4875,-0.41631656341336515,-0.3439814185959883
4876,-0.49794226479400194,-0.46353703220073017
4877,-0.23124951732984225,-0.6113609985666737
4878,-0.14822457750113147,-0.47704472610068976
4879,-0.4049555718511619,-0.5169330946591748
4880,-0.006278325161190074,-0.5598046548254535
4881,0.3980146004548106,-0.40193747364771526
4882,-0.4531671943514295,-0.3684480030833503
4883,-0.13987797300064464,-0.17221321104326828
4884,-0.9971159383317727,-0.0744179173785908
4885,-1.0677592349153149,-0.5549446247718279
4886,-0.9309598460501766,-0.5063549747063975
4887,-0.8432971004445223,-0.8094275920874159
4888,-1.5410406030806603,-0.7373903690164991
4889,-1.6391928371081286,-1.0857820623231345
4890,-1.4337698413612214,-1.4975465184839325
4891,-1.4021456585284249,-1.6238285643454695
4892,-0.996240981259298,-1.789296781617431
4893,-0.28687134526329006,-1.7431328852916375
4894,-0.6642643660805175,-1.6075671838978753
4895,-1.3259089996317321,-1.3387576837905708
4896,0.12442680885539617,-1.3474875498853538
4897,0.07726785298883747,-1.1717306042579643
4898,-0.3227063234476583,-0.9109518371408919
4899,-0.48641818423355493,-0.6673386754880253
4900,-0.9451729953018574,-0.5504330222688899
4901,-0.019305952492547962,-0.4283849362990625
4902,0.4324982408721282,-0.7007552753506451
4903,0.4908491694673646,-0.46285758950696415
4904,0.4379811887689083,-0.10859271067925882
4905,0.9170044480189798,0.0987568623361859
4906,0.8195638354189836,0.4769105182758385
4907,0.9776750263067563,0.7044765412069011
4908,1.1038128231435993,0.7825199881828195
4909,0.18003789285302055,0.9565642156883676
4910,1.132647623043934,0.8628701269760852
4911,0.796278330938551,0.9855247411829057
4912,1.2897360527002817,1.0660469959362755
4913,1.457010738212994,1.0505474898098606
4914,0.6070258389035255,1.3808761590820522
4915,0.53773087716001,1.4102805880227989
4916,0.6206846223555732,1.3562072317745746
4917,0.45614454048841013,1.2870933047213424
4918,0.07512329744561193,1.0139226074840586
4919,-0.15429105015162337,0.9464024072896461
4920,0.21806477296945423,0.47159690403799226
4921,0.36592029315865754,0.49776409551981143
4922,0.22999701215035157,0.15888710678944612
4923,-0.40548561220103496,0.40420926159300613
4924,-1.2709628033596592,0.055162685446517326
4925,-1.3458897603834044,-0.15164833520935378
4926,-0.8062378556691867,-0.2907989591053137
4927,-0.808586513674771,-0.874571304305682
4928,-1.0795273360634263,-0.950875377026567
4929,-0.8497463793592415,-1.042853771574828
4930,-0.669258132620307,-0.9914136591886766
4931,-0.7729439860919891,-1.310556813122031
4932,-0.1719951232163725,-1.2407283622909808
4933,-0.14565200256808325,-0.9231834025078898
4934,-0.43684138432428876,-0.8803408393337772
4935,-0.18123577456376253,-0.8333988333773819
4936,-0.5782612391776759,-0.729777064531804
4937,-0.9299796953845171,-0.7002847060823802
4938,-0.852316408422509,-0.7093289873935863
4939,-0.3963702314564913,-0.7399877592688039
4940,-1.1500378691353128,-0.7564124675431282
4941,-1.4297934499233256,-0.8090440108056378
4942,-0.28369841005688,-1.0562549295803718
4943,0.19771304699854592,-0.9342597668369027
4944,-0.8340704980207839,-0.8481013423881573
4945,0.14671113230544194,-0.805431054278608
4946,-0.5007120617664113,-0.7312105892250235
4947,-0.6464885181586182,-0.6368279152152059
4948,-0.13156369851679423,-0.6159998906055344
4949,-0.1289423525295122,-0.6033441087490728
4950,-0.8232390194716932,-0.37078384969328443
4951,-1.4403781314214514,-0.3918868945299072
4952,-1.8843629099270809,-0.7566876130911999
4953,-1.6039000798643235,-1.0153920343490792
4954,-1.2151549830852615,-1.2329395444250713
4955,-1.196328731540999,-1.6319488818001215
4956,-1.234483776642902,-1.4860950195639329
4957,-1.9433676203171542,-1.8298162338778425
4958,-1.0918325109851845,-1.7728045926611138
4959,-0.8006331988374188,-1.817207514567946
4960,-0.9296914710976631,-1.6760209381305313
4961,-0.18607102340275775,-1.5912527297293502
4962,-0.5139232698368895,-1.2831861319794609
4963,-0.5745166935614016,-1.2084648610182114
4964,-0.33209421203991096,-0.960557941689164
4965,-0.4030911794932278,-0.8327524150876177
4966,0.3024262838892896,-0.581684634617263
4967,0.4167798848996326,-0.47031917866153583
4968,-0.936040577444437,-0.25355044809355765
4969,-0.9650728643008818,-0.14789827474384054
4970,-1.7310019299120751,-0.4394007447662335
4971,-1.2890431143144256,-0.8865747608614001
4972,-0.5633376974709527,-1.0971876600087815
4973,-1.0693911019181028,-1.2469398906592923
4974,-0.19578948846473848,-1.4227368689193378
4975,-0.6673441249409158,-1.0243821557286517
4976,-1.402754069115704,-0.9212256275501236
4977,-0.64653524753997,-1.2771749393253184
4978,-0.6989638243322954,-1.2615471949767987
4979,-1.6112967543713004,-1.098606597969752
4980,-1.8742671866423435,-1.3118621559919454
4981,-1.6181304346801038,-1.547000375558113
4982,-1.1931582018366742,-1.8367222835811314
4983,-0.9081217075867463,-1.9378115680497028
4984,-0.09692683607963269,-1.6395201060609046
4985,-0.043624117856865485,-1.4237408316606286
4986,0.31899656809243754,-1.1041824195245957
4987,-0.4475181149284077,-0.669900596281428
4988,-0.24004446414441766,-0.579805480657391
4989,-0.3497175103985549,-0.26840263667398795
4990,-0.5704933115413808,-0.3505500143975408
4991,0.6717761264949402,-0.3551644111370428
4992,0.042358399077591286,-0.2596831254152961
4993,-0.30353151207438195,-0.32968457595796163
4994,0.18387708999738867,-0.11641366829946218
4995,-0.8124831436704396,0.06673977716047676
4996,-0.8338667757817483,-0.2601402462010347
4997,-1.0015160432194068,-0.27590164773346737
4998,-1.6718625876682436,-0.623971095611943
4999,-2.394336427413662,-0.862300963008677
