n,u,y
0,-1.103338449065532,-0.03674175634892884
1,-0.7250246402444398,-0.17047728216686914
2,-0.7818052573180567,-0.37567611710507953
3,0.2669758563943925,-0.5581562874047263
4,-0.24858072943889084,-0.4913992974057737
5,0.12648305151184983,-0.5328559269716557
6,0.8430425708043379,-0.28983360478449893
7,0.8579365494757685,-0.13670148568512006
8,0.47518364194858514,0.14107402894943938
9,-0.4507685980824168,0.36113766420528365
10,-0.7549322818237513,0.3276260126943392
11,-0.8148141073390911,0.030327255489082217
12,-0.3438548577942607,-0.09763295297124047
13,-0.05138009378693365,-0.20995153941427858
14,-0.972273677374357,-0.33722198047849206
15,-1.1344875329570228,-0.5877572425019569
16,0.30570521940427436,-0.7261215431174373
17,-1.8516850300587613,-0.8317743359300301
18,-0.1770535081731753,-0.8762064136064853
19,0.42582566727720134,-0.9199386474384883
20,-0.9853556064014685,-0.6643478231878356
21,-1.1129541306361368,-0.7801333945334116
22,-0.7606260324368407,-0.7386653996331343
23,0.6480245888364551,-0.7883305204929566
24,-0.12983135641150817,-0.6289262081500836
25,-1.8695972328417114,-0.5906985527137818
26,-0.42334910981158214,-0.6852331490402037
27,1.013896799797998,-0.7387374311267955
28,0.983715344494681,-0.5949634988413406
29,0.6300419507298725,-0.15316706917184542
30,-0.23805880511791805,0.12714438564273578
31,-1.8449398759528108,0.15461504537033513
32,0.16957772908778576,-0.04887829632807493
33,-0.17597776424923472,-0.2484995945305284
34,0.07679986448808807,-0.23813811842802327
35,1.5423041109956315,-0.20544943953050282
36,0.18368353864928177,0.08252785792462276
37,0.2763338112116042,0.24692307486232654
38,0.60509748714115,0.3473483976533624
39,-0.25656890687358347,0.46710026815987465
40,-0.6643563363880756,0.36672184561733223
41,-0.7373730463555963,0.1498850751705595
42,0.7669664848521094,-0.02542416912976211
43,0.5045526940525952,-0.00740571552222994
44,-0.48954647183368644,0.06207981273099535
45,1.152695318344823,0.07135470473549055
46,0.1843314807437683,0.13668171614717606
47,-1.3402183858497783,0.24749771103502854
48,0.6058789654488664,0.1047188522309441
49,-0.13948567840174828,-0.01456507315734052
50,-1.3288018246050828,-0.07673431901079074
51,0.5154848458324957,-0.1863799723013204
52,-0.3448165176946628,-0.26783581988543187
53,-0.3923426027377626,-0.20124171185015194
54,0.5898959165637815,-0.25136745433926394
55,-2.192496725059042,-0.36006690224816373
56,-1.2773002232819268,-0.6477827511186892
57,-0.424520173132984,-0.7613197669267199
58,0.2491635754284672,-0.8079020292190832
59,-0.6651072836012581,-0.8911322024646746
60,-0.9967172399235361,-0.8129937121288029
61,-1.05242308652736,-0.8818273462309311
62,-0.11729315387593296,-0.864229908059756
63,0.6750199304550224,-0.916264199262003
64,-1.4500021129549956,-0.6639572746848291
65,-2.0803790092492207,-0.7615528063890914
66,-0.29737617711179,-0.9632207034744232
67,-0.38201813147946434,-1.0472291850542954
68,-0.908980457498656,-1.0764358117376596
69,0.6117427657792405,-0.9409528809794787
70,0.8046315867376995,-0.6814515523994142
71,-0.5641675681698397,-0.42945991206776396
72,-0.3444514077774843,-0.32886896545435185
73,0.5700291999725056,-0.1304191394115394
74,-0.42921262053906933,-0.13474708308822236
75,-1.4031443828994126,-0.0691951899921934
76,-0.06756824481107009,-0.35055633252431984
77,-0.9042325062053423,-0.39136053204831156
78,0.3252800511826809,-0.5098126210080663
79,-0.5051739064583474,-0.6240698220391807
80,-0.1891522373142775,-0.5381196456140721
81,0.5194133345299351,-0.3346855831327545
82,-0.1248190966291536,-0.15501823535368842
83,-0.6340162182175496,-0.18262343404230405
84,-1.0064568989289748,-0.2731395462409141
85,1.7210699849259294,-0.3652331385468273
86,1.106608606494993,-0.1402489402952746
87,-1.5036527644151223,0.1146745986586919
88,-1.052435432782002,0.04918478480568966
89,0.5840120426474756,-0.17601960676108588
90,-0.588364848256607,-0.2135401188953657
91,0.015163412593471346,-0.24151886878217893
92,0.814011590869202,-0.31395666790061194
93,0.12878910185462017,-0.09454208133521547
94,-0.1292163770236938,-0.0003438930417188832
95,-0.47359920099725056,0.021312456936861325
96,-0.08642260519711173,-0.03726267325295705
97,0.38668425876103063,-0.024687410273339917
98,1.7347666007652345,0.06370667071910648
99,1.0650031126157338,0.37723026017146766
100,-0.19944702852059917,0.6620775231518429
101,0.9165646857829437,0.6545054594569927
102,0.11714239198880873,0.7417934863154277
103,-1.4813830831122459,0.568459544946541
104,-0.10665150628305381,0.2611354027748081
105,0.9946871517023675,0.0810745636591624
106,-0.5963627681016923,0.027770212533642633
107,0.9359904254410167,0.000145631295116036
108,-0.306682928808508,0.10607516748220502
109,0.026489954793239873,0.1506882264039198
110,-1.1911495707048543,0.027129396507960476
111,2.070178576907857,-0.0102115218689124
112,0.45343721403099296,0.1379633700885752
113,1.0084298012263986,0.4046422924484168
114,-0.45270930001215465,0.530922382228558
115,-1.4634046256774276,0.3811274007578299
116,1.2116085712575098,0.2248798925344483
117,-0.7118646310438451,0.17450379891837148
118,1.6520524733174164,0.13327002697566492
119,-0.17110217265022565,0.18910396029555732
120,1.6245307254155992,0.47109831005646297
121,-0.729026789973159,0.5522267451333599
122,-1.7639888325452324,0.4371545002039926
123,0.6980904951278644,0.1820241842694414
124,-0.06804879593383435,-0.030796739704872185
125,-0.002720664561803098,-0.02746824291485401
126,1.048707774064752,-0.04107660072308392
127,-0.882152891241983,0.11832030808232885
128,-1.294630313879628,-0.01759690749227054
129,-1.1684366858566861,-0.3584413758137049
130,-1.6821666273617666,-0.6601561984191192
131,-1.8086221119765802,-0.9624712998451795
132,-1.285238939962188,-1.3237669935480132
133,-0.974003651952987,-1.5074777032573596
134,-0.45893513264996116,-1.7477265982824886
135,-1.2143607775279341,-1.5272304071641507
136,-0.14966600153317874,-1.4883286989174764
137,0.7312469010153925,-1.250321459811705
138,-0.25173928382442434,-0.895324161511218
139,0.3796369838510259,-0.5643963951392501
140,-0.9573409048383371,-0.4178431873285907
141,0.23714513727312567,-0.29254319454280403
142,0.40413649471524277,-0.21725981903595085
143,-0.7182034035162363,-0.0898887660517004
144,-1.6152415653116443,-0.2339341253429852
145,-0.28312493043636877,-0.3919940757487372
146,-0.11770311399363657,-0.6077525235446218
147,1.3019772499079028,-0.5594249187260466
148,-0.542570905763427,-0.33148311385973384
149,1.4860886807315785,-0.20438269524718627
150,-2.540753426948801,0.04236041291194412
151,-0.4669225615566299,-0.15745521403988988
152,-0.6568150771120203,-0.41109695677791924
153,-0.5546624890218637,-0.6672017556263259
154,-0.7070578934344519,-0.7300525458359529
155,-0.23243248325967733,-0.6627850123378048
156,1.4393506485506713,-0.6133642582709881
157,-0.33998176288110804,-0.42309287156699804
158,0.9880250645002019,-0.1223098785317144
159,-0.2865147017550687,0.03683079243100389
160,-0.0854321476634076,0.1418275258923717
161,-2.5435263510795427,0.006407930220293942
162,-0.1082895896106206,-0.26303382164493944
163,0.40402191278219246,-0.47628971511312856
164,-1.3201742396194003,-0.5335673111416673
165,-0.8003183808902133,-0.6062360998054702
166,-1.0418078020668382,-0.8053777389366847
167,1.8951476562581178,-0.7670144830180653
168,-1.1691941554025185,-0.6503340378928966
169,-0.9135364747809134,-0.5120418722752449
170,-2.882348147569897,-0.6181957081653741
171,-1.7627596822261695,-1.1570718386241905
172,-0.001575182240535898,-1.3229163980225613
173,-1.469144600430849,-1.4932372239297058
174,-2.9343345439050923,-1.568041030912173
175,-0.49793476681400045,-1.8169551229641618
176,-0.11154801534069288,-1.8343903386764837
177,0.04982319975605553,-1.6039014992041343
178,0.1491899893258526,-1.2484944654977481
179,-0.8148030555046061,-0.917888925695872
180,2.548770976055807,-0.6133087896305468
181,-0.7642173280083616,-0.1810063141992969
182,0.22054299729033564,0.14719802261487333
183,-1.4689320993384976,0.13744536305040536
184,-0.8288537386009417,-0.04465915583541419
185,-1.7223258374684915,-0.31441656118139427
186,-0.0032658359721207332,-0.6471297243178697
187,-0.6092694249410624,-0.7595972733845112
188,-1.2041714869103144,-0.9441459841156226
189,-2.191625389776598,-1.1493292132742694
190,0.3303702761325989,-1.270264386557966
191,0.5951425729215735,-1.235367281654012
192,0.6140235898285351,-0.8842336151412651
193,-0.2949284472390533,-0.4835330779104818
194,0.4782446396669524,-0.2265971731685517
195,0.6968138429808941,-0.0722601158148382
196,0.30416610763300433,0.1883044839793045
197,1.2196720908409397,0.38503101787807537
198,-0.351120695988252,0.5152739663578029
199,0.016186666247721946,0.4774877177951688
200,-1.6832511224903048,0.3995912808962997
201,1.8877821978122715,0.15794174072041486
202,-0.9132681233112661,0.16212994000753855
203,0.15405624026473005,0.040953544308666864
204,0.46098246523626235,0.02005399728435096
205,-0.9602659455891173,0.03168389142143187
206,-0.19540920288306038,-0.04901892309086703
207,0.5313527752127596,-0.051503852017834015
208,-0.2377473425875988,-0.1331576676594526
209,-0.4415467334371591,-0.041785656300953655
210,-0.45237159787782594,-0.14489201372998547
211,-0.8374484455576834,-0.2971166619232481
212,-0.3007629936630539,-0.4719914982133593
213,0.23174662947446928,-0.4240866151210017
214,0.32239716092676524,-0.3829329563656083
215,0.9564286697272291,-0.19611004285762101
216,-0.07028496322481122,0.0028431563022870924
217,-0.6253896470252689,0.1283705585121245
218,0.7166365135824909,0.09282893778153867
219,0.23264020071884306,0.14590435515745484
220,0.8800570948741432,0.22817081771398326
221,0.07753531384262037,0.39617350269503104
222,0.4223207306512584,0.35023530683253595
223,0.28473800722111225,0.47563660369768296
224,0.6210399937129013,0.4733044848332838
225,-1.0631473747738258,0.4763223488723546
226,-0.20169712390585587,0.22794347400457443
227,0.08095499003260848,0.05802453489537687
228,1.6005035552299232,0.1288771290066006
229,-0.16614787903787603,0.1498117718242354
230,0.35946594453852393,0.39710359497810516
231,-0.27016856350498214,0.45910616103601454
232,-2.134623054763697,0.19569534605959482
233,1.1381140916083596,-0.12990467147010348
234,0.5767573098931356,-0.1629840987540853
235,1.1410347102922205,0.016040274351697602
236,-1.4381761394770798,0.0728242860664647
237,0.18701918353504002,0.13061753748383415
238,0.08081261728372877,0.04834613580756689
239,-1.641810007692452,-0.09313619895109107
240,0.36849005500606885,-0.23611487937941558
241,-0.6932454091977953,-0.3869928477492059
242,0.39367550126195006,-0.38299233657244924
243,-1.734648372410306,-0.43682766874347606
244,-0.9640294634361273,-0.6284056184017656
245,-0.7935321437625621,-0.8853692409258781
246,-1.6001388735885176,-0.9977714523836169
247,-0.037046231162723896,-1.0956655525641485
248,1.20342697691021,-1.0833158018631692
249,-0.11084867912772571,-0.754271422112391
250,0.5317879219241936,-0.41493136098899286
251,1.3648307601736487,-0.05690127542818732
252,0.4575794154656265,0.20607496766407324
253,-0.458981017721267,0.49606874627476966
254,-1.9879685560616782,0.3771106086330229
255,0.25881643526575554,0.03788063770743351
256,-0.4131968525162617,-0.17214022135378004
257,-0.5407732906497739,-0.3742173884584182
258,0.631845770100832,-0.36945751340622696
259,0.45494863354950427,-0.32367059861991593
260,-1.6393433122942147,-0.20457186447743128
261,0.15382718983403193,-0.30561861002583574
262,-0.4064208579879365,-0.3567731042414681
263,0.7606831407337395,-0.2979180929947637
264,-0.10584490770164938,-0.1509135941800244
265,0.8322632577899316,-0.13879366594466494
266,-0.7404143502682249,0.08482268190184522
267,-0.47881249762472494,0.09705730802473111
268,-0.6209994124106392,-0.11937392825441705
269,-0.26367058673679555,-0.20944510618663
270,-0.3232440513712211,-0.3531513606114942
271,1.0948656004768589,-0.24250453150331938
272,-1.0571131458800027,-0.21299283039516811
273,-0.0002689729225675192,-0.09288242152806327
274,-1.2399058024965723,-0.2695618797126453
275,-1.5125958986911534,-0.5532538948275181
276,-0.6728595354729164,-0.7274663916793315
277,-1.57708268595642,-1.0257832725221736
278,0.08995686077355568,-1.1863284573521786
279,-0.8099009137675839,-1.0496796543739362
280,-0.6116820398666672,-1.0858391841826507
281,0.3646225939483509,-1.0026994225099546
282,1.4575040801474213,-0.6510981083440311
283,-0.6090285611860534,-0.31319317264735946
284,-2.02183867675224,-0.14377536358281473
285,-0.47601179884907563,-0.3886183462520035
286,-0.08660869944254501,-0.5328758397949955
287,1.0458568346970099,-0.512457704438741
288,-0.11920775808272263,-0.39598008934140483
289,-0.9508600948562445,-0.27491172954632825
290,0.842768891788371,-0.16590032786608766
291,1.0042666040751285,-0.14683140017395366
292,-0.25702716390972946,0.10534469868669252
293,0.2209992414292515,0.22963142800372263
294,0.2945445096453725,0.3248274671670909
295,2.5029022835817125,0.35749413635695243
296,-0.651721191383175,0.6189473355882738
297,-0.4637418767250724,0.7962170002714346
298,-0.14968376300929553,0.49173990247774113
299,0.6629352138812419,0.28302724098412113
300,-0.34319165156173326,0.2688008361523541
301,0.4619778901390649,0.22262709850725668
302,0.8475680674122099,0.2483188916283891
303,1.9155851307712162,0.3815125829587685
304,-0.19451768454356538,0.7127579108257253
305,-0.34791503909187493,0.7515505025338212
306,-0.36807135140693215,0.5767065501333172
307,-1.8766864179537295,0.22950409018682216
308,-1.2054422677237624,-0.17061262729519938
309,0.11256506784065852,-0.6039367491406362
310,0.11437992035237132,-0.6619681229835572
311,2.529808811243132,-0.43503103403302595
312,1.1936291935778407,0.012500922798846587
313,0.7309509240194839,0.4620018083452307
314,1.422605779532594,0.8239488181101742
315,-0.6768729439511042,0.9622280077223031
316,-0.5970357482642217,0.8906883091339346
317,-0.7762025957815438,0.6495421582390614
318,-0.19285368220133348,0.2841533249835701
319,2.101366953893021,0.08539528484339784
320,-0.29437771893129155,0.16215506864369916
321,-0.6698870877931281,0.2220472315327485
322,0.009999729246110027,0.2740125625878036
323,0.7996565778226508,0.1903507117229869
324,0.4460486031696714,0.16563555098084204
325,0.8199460744373394,0.2978075832932894
326,-1.2211955263617602,0.24283231495948632
327,-0.8841350410528489,0.26312132188954584
328,-0.2531172758152573,-0.10073861012698093
329,0.07021187147382818,-0.1948021437206481
330,1.3314166326829797,-0.19771101899403906
331,-1.2784075728289819,-0.08077398158105237
332,0.6181882644134128,-0.062276423120152344
333,-0.24731757082016376,-0.08035463336315016
334,0.5904816508336912,-0.0021717615301326864
335,-0.6684701501752912,0.10102885357762999
336,-1.400643704619561,-0.11114804606389814
337,1.1567499349547157,-0.1952841067272529
338,0.2732071180636746,-0.22635203193462913
339,-1.9444369396635262,-0.22856134933216382
340,0.6765111637690748,-0.24451152965898124
341,-1.0151667735698795,-0.3452761317137543
342,-0.12067211669238313,-0.4042919542930374
343,-0.03292816052339521,-0.3626470978521839
344,-1.3556924747897403,-0.4967751290056591
345,1.0835313840894025,-0.4969751024184541
346,-0.5383974792603289,-0.3948351247736679
347,1.5986023732398602,-0.2135454836102497
348,0.4630146633482009,0.07200203982174953
349,0.4923195876680452,0.38567341353630924
350,0.24852607582638142,0.3919287349930423
351,1.9416813612704704,0.6610994304230425
352,-1.0339292550667423,0.8211023978729923
353,-0.7927026027071161,0.7518203752905863
354,-0.6736183309695585,0.3348887977959367
355,1.1280014225358606,-0.00741845906217227
356,1.0299181288886872,0.025089714977264255
357,0.07114133954580079,0.28552697620510753
358,0.25238173845475365,0.30310323550442814
359,-1.6522213517590236,0.20731175264628962
360,1.4647378257058257,0.1261161051826474
361,-0.23288481619907603,0.13328145744009373
362,0.1084134835703695,0.15239761528037263
363,-0.31175689177534527,0.13830835780441936
364,0.6402267055254218,0.03260410275136647
365,-0.22449968423290237,0.07839818155217598
366,0.11003928145403136,0.14061540986235546
367,0.07966937676602333,0.06716549447986758
368,-0.5146401942398863,0.09956155657575047
369,-0.6172986643609517,-0.06625454869112857
370,0.3847575854501516,-0.17368483201679807
371,0.3759377633569072,-0.12376907698490702
372,0.7271682989050035,-0.03430849196381974
373,1.4410694354806672,0.09352165096444402
374,-1.236368591037836,0.4554926811360858
375,-1.8410366673778336,0.32842381151525374
376,-0.4089688444010006,-0.0856065532784808
377,1.2645043768743112,-0.30641544688499184
378,-0.04885647166778105,-0.23155987597236855
379,-1.8200967103256527,-0.2017272113079049
380,1.5853045165261654,-0.23250699095321573
381,0.49649681753216945,-0.1904690758664758
382,-1.4954754344243513,-0.009675516677087576
383,-0.8327271861185265,-0.10187235103383965
384,0.09534465565335325,-0.3458250764348737
385,-0.557069605471702,-0.4543295367346954
386,-0.13822816117805112,-0.3380963390564059
387,0.5138807323007698,-0.4678989010776191
388,0.0020972220524533023,-0.2037311339223163
389,1.3861232879971381,-0.04690507721600722
390,-0.19365171680890617,0.20542771340598454
391,1.4851733030914815,0.3518221935343672
392,-0.5863636865615226,0.49513612312760896
393,-1.1675184664165015,0.48561908657989483
394,-2.0944502689703017,0.06828240308342323
395,-0.8687731361260981,-0.39097330366446603
396,0.08855059237512694,-0.6802215242545685
397,0.9524803665676281,-0.646347466453141
398,-3.4308535995773273,-0.7027129394204478
399,-0.04523499170094389,-0.8831853776555307
400,-0.9749827558180778,-1.040962459170597
401,0.700918653941187,-0.9557670336807862
402,-0.517495915094869,-0.9277110981691242
403,0.29388172432969467,-0.7288768097353958
404,1.793723743648413,-0.3877660357626075
405,0.10428434354950758,-0.07344166248374512
406,-0.17486783204986533,0.4085389350165167
407,0.9732473489448106,0.4289527515758033
408,0.285505854017121,0.5242042617676845
409,-0.206894643180836,0.5352009773612033
410,-1.6076973569095265,0.38603937884354744
411,-0.36135620589800155,0.034153017833049484
412,-1.6688859699320755,-0.23563840324916185
413,0.1915861251289775,-0.5947328912637136
414,0.560811545907166,-0.673251300839175
415,0.050285818888151035,-0.5058915374695752
416,1.8246394780464974,-0.2462050196461921
417,-1.1492260043847176,0.08838514400602157
418,0.3949532979938018,0.17109491933458157
419,0.025369381163440907,0.14906449066882976
420,-1.1882550897959276,0.00022047838398372988
421,0.4834315729778356,0.033760290780915636
422,0.8101636911860228,-0.09058050098838388
423,1.1024453950943942,0.1392469284957722
424,-0.18095212180426937,0.3639198790189633
425,0.6194044131967728,0.3699895913243203
426,-0.6707550667365729,0.43670669476351154
427,1.467186570566191,0.29005187666703997
428,1.7737923598436747,0.5304643702289689
429,0.14671281692689492,0.8024931497000958
430,0.21800954775264972,0.9589492613498979
431,-1.0652532192548356,0.7989222641555992
432,0.01864572858076552,0.5326034612980229
433,-0.3700325134916113,0.2127635117792858
434,0.2238667132121096,0.07560840486932802
435,-1.4020860303277891,-0.105150078926708
436,1.7608357417718574,-0.1628378236481409
437,0.1890796642117608,-0.11401860390129365
438,1.0796092956903138,0.1987026395010697
439,0.4937713752250483,0.3253239291423047
440,-0.2831141996194338,0.4619594575745091
441,1.9160005287091235,0.5360623947446546
442,1.1145178982258523,0.7628282466979295
443,-1.4717814002934353,0.8862197093087558
444,-0.016410624453373608,0.6581346778138271
445,-0.22502999906014415,0.39133967657085633
446,-0.7920330825322276,0.20016845614830345
447,2.1555139197420647,0.06408914465176768
448,-1.2070493823166464,0.03435162015937976
449,1.5215093709247252,0.0883829229544091
450,-1.7026406794681959,0.13219289291633662
451,1.3696273940281662,0.11465194851627966
452,-0.5175211154935312,0.19074319628142705
453,-2.2253402226585566,0.03512861125136951
454,0.2803571897102501,-0.21559698327144894
455,0.48861681078557634,-0.45841288242193806
456,-0.8941757094049694,-0.3992429596428441
457,1.0891490875983063,-0.42785299123215154
458,-1.6624235509711482,-0.2483609958752778
459,1.1360688726303638,-0.2801217098552573
460,0.6001916436346493,-0.12579447800279267
461,1.7991474242280783,0.1197479292776661
462,-0.37908264890378884,0.45844729730558836
463,0.8942498534853264,0.6656276338808936
464,-0.5618262307019345,0.6383794162537593
465,0.8381495027651257,0.6415263898085333
466,0.2677390037835322,0.44588512379346235
467,0.820096389404681,0.5429578776793484
468,-1.2534402662353155,0.5479291348132533
469,0.5105403937095937,0.37154624121019325
470,0.3910601908296455,0.20764647858178936
471,1.522625428295317,0.23426700833567682
472,-0.3123627807069791,0.39255403682456025
473,-0.1559030703649705,0.4445452996725676
474,0.6662104817708515,0.3689353181578525
475,0.5491226046742744,0.37091733082758566
476,-2.4852608875948734,0.3263492460118009
477,-0.25685473895067923,-0.08839514599640413
478,0.877242520992973,-0.3011781457362401
479,-0.3312091104250737,-0.30242053766521865
480,-1.8250722607564553,-0.27213687231554284
481,-0.32677880021032013,-0.4119729018285716
482,-0.00922226512484164,-0.7075990477749925
483,-0.94613587640077,-0.5366771451285524
484,0.0928855454570037,-0.6313020320217184
485,-1.0838455166704075,-0.6983136163133534
486,-0.1860289248154189,-0.6453839290731183
487,0.08640961797841484,-0.6109434075235471
488,1.7710082151111814,-0.45053202362533873
489,0.3545974041019472,-0.14711661767650042
490,1.268552565247097,0.24532481466435643
491,0.21989953679711413,0.5148982653299419
492,-1.1279485250581365,0.6563445325779916
493,-1.1478823572963726,0.4365860912198126
494,0.7872964297105595,0.13722875741896598
495,-1.591940082863922,-0.20021126237385728
496,-1.586816023846634,-0.34706641503644864
497,0.8978940097478727,-0.6924707156840755
498,-0.8132907496122839,-0.611320531392211
499,-1.1469547847031776,-0.7335410574460557
500,1.6372399644926334,-0.7995415907201605
501,-0.8720989546940386,-0.480569245611527
502,0.6020659175996709,-0.22411552401615056
503,-0.039559025720236375,-0.16903986899332327
504,0.1265096990438899,-0.09339815523214182
505,0.037371870328371186,0.04810123788060841
506,0.9957237005675543,0.15402494931028782
507,1.466331890072237,0.3315085852212678
508,-0.9351496485230951,0.5457384566840321
509,1.5105789635513271,0.6004598672570963
510,-0.2227309208389586,0.6705093167997044
511,-0.17789786494554566,0.5968594633287432
512,0.671858913725373,0.390791437337904
513,-0.5488296835038061,0.4724755353454381
514,-0.9276241544882302,0.21885016736952514
515,1.4961201624326617,0.11329428636658793
516,-0.5831500484212122,0.09924339495177405
517,-2.115640690922247,-0.04571693783231603
518,-3.2808904241235837,-0.430215893503061
519,0.30874651037548856,-1.1086211362507838
520,-0.15989907225103325,-1.2416428913907045
521,1.7073793982975638,-1.1334485133863172
522,-1.1718829367900314,-0.7435726061214654
523,-1.2170020723588437,-0.49812777140343634
524,0.02437505232244117,-0.5552407922241509
525,1.317660394475458,-0.4886737512063657
526,1.3930395350611002,-0.23946890068462146
527,0.026581205400301684,0.2100574350494783
528,-0.6467601647728427,0.3142991904316096
529,0.12808580275662468,0.3000978881200237
530,1.507688628001979,0.3239658689730948
531,-0.08267148523910728,0.409757328930075
532,-0.4470988911587271,0.4581469520442746
533,0.442352189968896,0.30253054629112197
534,0.19868520783896684,0.26896442303829315
535,0.11213873072074423,0.21224007062911404
536,2.0666667233654357,0.38657262759237204
537,0.6681400198038934,0.6055235034549018
538,0.12125825040116867,0.8104517915884291
539,-0.34040370986018287,0.714878445002053
540,-0.26001971362325665,0.6619978979059921
541,0.5127323139655111,0.41350149910593015
542,0.7295610739150823,0.29284072510566045
543,-0.6165019002085406,0.36328883503845105
544,-0.5094908996643753,0.20489300409922206
545,-0.25786989686517825,0.12797784454730218
546,-0.9188382137489136,-0.09504737783033004
547,1.0998835409125545,-0.28730261577035143
548,-0.880352543731209,-0.22239375437564823
549,0.16521848371655573,-0.29241866563505386
550,0.9922386535552727,-0.18850950331425248
551,-0.9636347436704148,-0.08112346743769713
552,-0.8335339441468426,0.0021629958641111724
553,-0.1262448468218445,-0.18784531440010738
554,0.5146652240667882,-0.2972152633556189
555,0.1967315875013027,-0.21809599803355922
556,0.06581563431473204,-0.06452137579596157
557,1.2576718800229345,0.025122916133418317
558,-0.5522332506988411,0.24672801867475766
559,-0.6574863337003607,0.2583257413134542
560,0.6625587701445914,0.12914864801035625
561,0.13310893724932213,0.13743980318172178
562,0.9568375834709709,0.1845307023068647
563,1.0918288354230472,0.4309127903665852
564,-1.0718917057602042,0.4734927200909945
565,-2.058132761011453,0.19817156255149182
566,0.5680560809660042,0.017120279219679083
567,-0.026668314771472468,-0.2281095195502567
568,0.2966456207186827,-0.175289422087479
569,-0.8795948120061199,-0.19600394246703404
570,0.8112453464643758,-0.2557631153789366
571,-0.20920293015398592,-0.1273369276330332
572,0.5643427379443166,-0.09002524230566385
573,0.9225562075950082,0.06936977735491347
574,0.12721499801747693,0.2790680430011721
575,-0.0709105244840115,0.41241102690586295
576,-0.6682330499716571,0.3456423871301978
577,2.6918237439484654,0.4080576282379647
578,-1.3388486125122736,0.48000288197496105
579,0.7194163708288878,0.4804708626803343
580,-1.4759927226044132,0.4227297273306616
581,-0.8005415807365766,-0.007976828515347853
582,1.4153139957764351,-0.12276214588140219
583,-0.7096354871618157,-0.20189793401876227
584,1.071167503122785,-0.02740099923163338
585,-0.3629281737924934,-0.001543428202826727
586,0.8897246880278222,0.15914640456445195
587,-1.3906149546069473,0.12813760680820274
588,-1.1140862224309014,-0.05690993470155155
589,1.461771360791897,-0.013169763077443247
590,0.34187463703265236,0.043082254642499734
591,-1.0207593536323005,-0.006102026489925309
592,-0.4729377960975457,-0.10203716563137978
593,-2.761625253661855,-0.38240466603358203
594,-0.31851155899298,-0.6521860014105602
595,-1.3223198974397186,-1.0450072815215439
596,-0.9680002335669001,-1.14338524944115
597,1.4890108202101149,-1.225658012814046
598,-0.5517988670762218,-0.9302808705741094
599,-0.6325057288960066,-0.7769581094880967
600,-1.1185416887243582,-0.5737117831984816
601,0.6533098175205553,-0.6997762185813039
602,0.5336642817251468,-0.47414952969836505
603,-0.8552625461343423,-0.3334156686480517
604,-1.6708038949985327,-0.24636802700937444
605,-0.231164032736248,-0.5020945671522397
606,0.10486301922850678,-0.6604414819578331
607,-1.9997690656629878,-0.581734815320262
608,1.1157847324065087,-0.6870481400001368
609,-0.9347117859556402,-0.653228959924522
610,0.0704865154243547,-0.6647372965227185
611,-0.8066308860740341,-0.4845086056791572
612,-0.7919064060830576,-0.6448039141400795
613,0.8941238745108198,-0.557993843565497
614,0.06294964580516721,-0.4918548640025343
615,-1.542722034526186,-0.2624852617631353
616,0.30980765542332334,-0.3895440379339965
617,0.7900402605555296,-0.42447674615325626
618,-0.20270540599430054,-0.20012813288113476
619,1.0401037377733606,0.051693828668570876
620,-0.9551929917243237,0.11290490523369393
621,0.9132055212673847,0.06301317146607797
622,0.18542275607885986,0.16554734281174613
623,0.13308543724144545,0.3233319067383032
624,1.333892006412268,0.2938099030909158
625,0.6636932568367602,0.463905775532115
626,-0.34611947594687026,0.5486868727927914
627,0.472601044509025,0.5911522896561274
628,-0.7047358232329185,0.46936891233363465
629,0.4742606531660973,0.31027160805775056
630,1.279131051620045,0.3497124393757597
631,1.1795459646498048,0.44385718599990476
632,-0.733413876444,0.6014461593229828
633,-0.26833569071761,0.5445164673064109
634,0.6093418811290903,0.40626979650949196
635,0.5534753884377935,0.3869447052519326
636,-0.7767905132555804,0.2878991967836168
637,0.18313204139146072,0.19131178365256787
638,0.35470881750751504,0.20333216851947206
639,1.4884947791938479,0.15703071343937403
640,0.2025860906846601,0.4192828736807454
641,-0.11250885343747138,0.49509386344831924
642,-1.1111368028232802,0.40128057856848537
643,-1.403108419252899,0.16726850757993908
644,0.8857034004695453,-0.1256341261866215
645,0.03516367376536849,-0.26868211001764203
646,-0.48062456862612696,-0.28239265795373053
647,0.9369174390160874,-0.1613200727871983
648,0.44808690950862134,-0.06034997106442204
649,-0.14013165218794388,0.029496273853812677
650,0.6836281501369919,0.2052226303994305
651,-0.4405821295750712,0.24652704406782652
652,0.6846716044085385,0.27076139597549026
653,0.3505689125092323,0.31836293792749376
654,-0.4560059187984929,0.38766741712424857
655,-0.4180892916410773,0.1896537356519001
656,-0.7603692098121398,0.14921427172727253
657,0.8652165866759637,-0.17774438917475416
658,-0.15954049777636395,-0.005435842291909576
659,-1.043315348509601,-0.06336499176229825
660,0.69000256649924,-0.1472105201643772
661,0.453967797617549,-0.15037885817517482
662,-0.014488744158922538,-0.0820836603516299
663,0.18617041494894046,0.025573750044489363
664,-0.3937804177251575,-0.008184648526453162
665,-0.6147579186020516,0.09645874083306544
666,0.8248216275300316,-0.010900616436570802
667,-1.1509121248972949,-0.10848414461096542
668,-1.56105516031825,-0.20079983556020067
669,-1.3620210611571277,-0.5643854556403187
670,0.8221161868891503,-0.811810586459222
671,-1.1048236557963556,-0.7979671840104664
672,-0.31845267858342824,-0.8669812064864868
673,-0.764366442294325,-0.7919103990904452
674,-1.0615134922035958,-0.7389722429547418
675,-0.21794203126166922,-0.8977920535561738
676,-0.1742950934870455,-0.895692945789261
677,1.892929242068212,-0.6474234803588178
678,-0.38640316977587297,-0.25981672304712855
679,0.20846820189031465,-0.020307886802405434
680,1.9612930705654146,0.23768295796794475
681,1.3666185371821675,0.5278734324071813
682,0.5801075716489719,0.924723575325552
683,0.8636737285908768,1.0576914914244824
684,-0.06144424284514153,1.0845458145795948
685,0.8007651129260305,1.0249438625080969
686,0.24601110017968877,1.0342958724780615
687,-0.8381497487045434,0.7764766824058961
688,1.700922412649267,0.6230654223628713
689,-0.023074736719968313,0.5753076095719761
690,0.5518669946496436,0.5232811401974449
691,-0.5198097455684217,0.4198889595085638
692,-1.2181118014073535,0.28725474852462124
693,-1.7681001092850044,-0.047497927130763444
694,-3.297489971088515,-0.6305732304930789
695,0.5800387345243209,-1.0981147634609496
696,-1.7559055603729377,-1.4328927047133835
697,-0.554056204521775,-1.4555768392379473
698,-0.028605983551145707,-1.4552255700238728
699,-1.5082795840940841,-1.319288154174005
700,-0.5461512991518462,-1.3024318368453351
701,0.3426058510843094,-1.0973055244647139
702,-0.2708362508567424,-0.8924639085835615
703,0.5364836673010178,-0.7054063755838644
704,-2.6730976760153866,-0.41231019702589217
705,0.5518317121684456,-0.6121631975865802
706,0.8185713604141265,-0.500044721842234
707,-1.3686501986728188,-0.4758590513060922
708,0.7301380732402798,-0.4510416163527396
709,-0.4239261271222464,-0.32041028363613827
710,-0.2801806189570758,-0.2440525371082852
711,0.5211215191547898,-0.13205621645297286
712,-1.5103650183096018,-0.2028107331503407
713,0.7883519906612165,-0.2668688136820842
714,-0.7523368444476984,-0.2498166571321174
715,0.7445671127531258,-0.1629591067108624
716,-0.10658474435906805,-0.16098960902164783
717,0.24460387822070911,-0.06639817746194615
718,-0.8509834284067881,-0.06469076988147347
719,-0.06991071368907138,-0.1189980969418439
720,-1.1892485396296708,-0.2556988158979208
721,-0.7172407651288866,-0.5256877217065683
722,-1.4332603154622814,-0.5122548224074476
723,-0.1017544721104876,-0.8595712071910679
724,-1.0244325813897315,-0.9852605217560144
725,2.296298680129288,-0.8159631104086617
726,-0.9136899899857834,-0.5979912058149005
727,-2.19570195269834,-0.3954301177747499
728,1.0667554735316964,-0.47964848362678764
729,-0.40814275043273845,-0.44731056656975593
730,0.4475450454673445,-0.39150773405781997
731,0.015741660786143478,-0.2775263162170935
732,-0.8274634120270858,-0.18439789805925436
733,-0.6388982312338616,-0.19561064497640646
734,-1.121003544236569,-0.36041480698635675
735,1.3639497255970117,-0.4700199321350561
736,0.6063495887079412,-0.3131120693558466
737,-1.3575967761558627,-0.1603314780120986
738,0.9248506419750071,-0.0586250042687753
739,0.5311039845145348,-0.009331829553139591
740,-1.6733630345118153,-0.05601094630238494
741,-0.8692968870461614,-0.1490065050305923
742,0.3444160120995183,-0.4487087463852301
743,0.2254688657147408,-0.3662905453642355
744,1.9862153906663904,-0.2920957403127038
745,-0.06063057941413362,0.11105638905833311
746,0.886793274287723,0.33419411341073674
747,-0.5420892636152387,0.5944089785886292
748,-0.17289632206169653,0.5137377492151552
749,-0.05367238573666718,0.3180033231007346
750,-0.12210048379614931,0.13083387494547502
751,0.1419941727088492,0.1752357551558144
752,0.021079229482034518,0.08572936977947904
753,-1.687767142641468,-0.023966289072322244
754,0.6304714936115826,-0.28114965091925953
755,-1.1976617184316247,-0.3610910978708787
756,0.7557441430706616,-0.40280268694640986
757,0.5786042101561673,-0.37879610791881335
758,0.6282554670689507,-0.11371207703866434
759,-0.6529670413631732,0.03606092104250372
760,0.22776111204975136,0.14117416412513994
761,0.6602442118796154,0.10899390221396937
762,-0.5866222436675945,0.1472728625918303
763,-1.5280851803311175,-0.003368556713674545
764,1.6623116789540995,-0.1143404282704473
765,-0.2875981706957366,-0.06109657842311629
766,-0.5445559165754656,0.043795337414137506
767,-1.04639726425066,-0.1948778778910933
768,-1.2808635387202592,-0.31810509596999625
769,-2.725586003623257,-0.6960582682568216
770,-1.1240191032778817,-1.2475811643182897
771,-1.1318651205066368,-1.4669131115306093
772,-0.9193335302573017,-1.607640751149906
773,1.8873425035720586,-1.4569892532837616
774,-0.158942639591696,-1.072037902249708
775,-0.4336809294350081,-0.7264663433482748
776,0.037389853053255415,-0.4412699851890484
777,-0.8082822678464632,-0.32425360111091245
778,1.2655098231434847,-0.19832170723642226
779,1.2084939862156752,-0.021363609199560065
780,-0.7773879033090018,0.17079297908989485
781,0.971100507611168,0.31939529280198886
782,0.7419372270115129,0.4249904143413475
783,2.6349399308457033,0.6563340481091988
784,1.2489548706802418,0.9963694412556433
785,-1.3987478458305456,1.255865914905164
786,-0.407361917162736,0.9958266525716646
787,0.8082868304609812,0.7342928146053666
788,0.5758278661525558,0.5814288342322708
789,1.2525662056917044,0.6385072907104409
790,-0.13498812635702007,0.6144687730018159
791,0.26216288351567396,0.6609560294252269
792,1.4735639628828838,0.6822756106641268
793,0.6036363304331229,0.7959350849464739
794,-0.020119027628805145,0.8208893039414149
795,2.39674228165167,0.8194924604448419
796,-0.06641743294667132,1.0000882228879455
797,0.1787915694390376,0.958082319325277
798,-0.8420076627358835,0.8884545263467258
799,0.28494802420216686,0.5876538716821671
800,-1.7070419871277243,0.2454469219868832
801,1.5557028794260368,0.023444169215932
802,-2.195735141473851,-0.08732003120385251
803,0.8863552950660735,-0.30522137561570645
804,-0.8378100697419386,-0.32566879542446875
805,0.36538630012127393,-0.3778732240004238
806,1.5182831530112317,-0.3074543526909447
807,0.012398002062761598,0.03155244443293987
808,0.5039729628066589,0.2573549954140347
809,-0.6376583404069653,0.22071144686272853
810,-0.30723134614557535,0.22559031216970812
811,1.2193818123690476,0.20723430558726802
812,-0.7328584514806952,0.1667561273689761
813,0.8783187359462178,0.19945233879361815
814,0.19283704612907424,0.20780839800645812
815,-0.4013638063798201,0.2515993052897759
816,0.9576732053295695,0.18794135959758354
817,-0.9476175128111439,0.32161964262934145
818,0.3301241761883098,0.06361172344061256
819,-1.323911096283752,0.08895447795031515
820,-0.25585661758976386,-0.17528942119418006
821,-1.2864635591346298,-0.4243509659002628
822,0.17850703069109938,-0.5558158175067324
823,0.8942181320125049,-0.5361862020602739
824,1.00153703781104,-0.3358755148051533
825,0.42893747569448876,0.03141889792300308
826,0.22932860380814807,0.2686742873451765
827,-0.46000915606791243,0.31249527696981827
828,-0.386121526595401,0.20916480451476074
829,-0.9566853681991945,0.0647983880025453
830,2.044902420169858,0.01838866978405787
831,-0.10232790842291434,0.023755550525646776
832,-0.15443950792162814,0.2795275309152596
833,0.12256913417724621,0.2637165828673501
834,-0.8366544660153682,0.165928451131998
835,1.6163551736157442,0.13692987600776801
836,-0.4682151769262469,0.22343536572243172
837,-0.9978345520353544,0.08828030499964855
838,1.7605562273038677,0.05144743984605579
839,1.182167676052925,0.349088194122967
840,0.6522378642568389,0.5421964824717582
841,-0.4859349402389803,0.6033583864014247
842,1.4328582920551556,0.7447462581674763
843,-0.004857808864093302,0.7454691329016211
844,0.2530048460170912,0.6925839499207754
845,1.1320731310967447,0.7078750575955246
846,0.15548371816887158,0.6714160978804045
847,-0.4760198967080611,0.7031619516024429
848,-2.1735042922928547,0.379907420912654
849,1.1115371636279288,-0.033965498985113377
850,-2.2827763147834106,-0.3352136590347704
851,-0.8141063329888342,-0.6445702063662191
852,-0.9745928369479764,-0.8057145607203672
853,-0.6344197841615637,-0.9827567317098528
854,-0.5132168165527036,-1.0802440953725412
855,0.34931577750421855,-0.9636560300547409
856,-0.45680940521913893,-0.8650965013102434
857,-2.9321894626200087,-0.7433879712048006
858,-0.16852550532413368,-0.9531679011665501
859,-1.356868154834293,-1.1176318979667081
860,-0.5882870170969333,-1.2441694762643556
861,-1.4579847192555804,-1.2950613422616544
862,-0.3136732865984323,-1.268358894125733
863,-0.4657355121265173,-1.3142199828072998
864,0.6066634769720751,-1.0887892407648971
865,0.2593713207034779,-0.7406635600606859
866,0.7755620941460762,-0.3471339995643833
867,-1.6368626481908057,-0.21718297042726614
868,1.203098032010536,-0.0032652056934606433
869,-0.6811265409145504,-0.1158410590645381
870,0.26350486854939814,-0.06685389022307289
871,0.5070365943995642,-0.012061499207123988
872,0.6001261278062996,0.09381976513437747
873,-0.2790558759658179,0.2640204015824934
874,-1.538388935779708,0.08565723231369057
875,0.6855005865925516,0.012991823582130732
876,1.1456068211466344,-0.14763163779879218
877,1.0751801466362323,0.2072093505965683
878,1.0464059402576718,0.37681123395252386
879,1.526927307535282,0.7366217858006209
880,0.8459984412504464,0.9738982084797563
881,-0.47168800586489124,1.125196140308648
882,0.6672001135429538,1.0132212957411884
883,-1.1621672239512988,0.8731832334662382
884,-0.1249054045008066,0.5074333968137033
885,0.04076162057089406,0.21482308195131708
886,1.032100467153175,0.1516465609444128
887,-0.37352267876902134,0.09875902147147717
888,-0.2916348862506165,0.11663045124515417
889,-0.6076952475073675,0.10863569416719922
890,0.40599478975436337,-0.18019013150895186
891,-1.7888919729012782,-0.16489538011348448
892,-2.3211677017251304,-0.54380591454917
893,1.5785460871584862,-0.8861483604193765
894,1.1325861122255907,-0.6757637630941554
895,0.566961081050086,-0.24775413635534843
896,0.27805601140720326,-0.025532132505187925
897,-0.6826189496114436,0.16098140643670306
898,-1.5847845980890531,0.09136230669090326
899,0.3341054116204833,-0.10592273781919864
900,-1.2035332346333383,-0.34486748872755046
901,0.8432998331509622,-0.4296528095320798
902,0.16211983904419436,-0.35825031823971615
903,-1.4848670172639442,-0.35001763117396845
904,0.16145138413751672,-0.2819047280967919
905,-1.830404375723279,-0.4214838480888472
906,-0.8059442017431157,-0.6258921454574671
907,0.8498658774525483,-0.8636112701556545
908,-0.7914189068492459,-0.7326275910128738
909,-0.37915918635928547,-0.5690058097400919
910,-0.7274605991974297,-0.6935388011814506
911,-0.6073254962579826,-0.5816626941613258
912,0.8799616290120345,-0.6542831800800045
913,0.3809045990551749,-0.34249657815279066
914,0.43523459842965406,-0.11422290793450109
915,-1.5764943882319296,-0.09287992695481889
916,-0.2984183219382261,-0.11184595641337636
917,-0.784008717585773,-0.3866177551681399
918,0.1084131874428163,-0.32062969128861885
919,-1.0235725326935605,-0.5882966842064073
920,0.9509621090576711,-0.4285719837781429
921,2.6509722794225783,-0.26448295355682844
922,0.1466029816865137,0.2018650222219477
923,-0.54564523748403,0.4698229316393505
924,0.7998615556396133,0.5923940846365976
925,-1.5924561600593392,0.46171967359973354
926,-0.5061984052525373,0.14933918719961123
927,0.8794526800771914,0.022911917340150134
928,-0.3421477420851209,-0.0553298875614494
929,-0.0030078169767614005,-0.11111231468878524
930,1.3869629646396422,-0.013842974241559898
931,0.2586628797441064,0.16238508335957702
932,0.6018474986260078,0.39579508309456785
933,-0.9141175225161948,0.3479642643346911
934,2.1442289717761054,0.38790305326230157
935,-0.3261270317567131,0.5564134459293346
936,0.500204116770743,0.5889191560572892
937,0.12876350377885343,0.6252178771001369
938,0.00460634451379188,0.4650252394455405
939,-1.170520099373084,0.24702249151882294
940,-0.20492931024502165,0.06567736055528725
941,0.16653580004509866,-0.09422392858994863
942,1.4379499663797977,-0.1056681043050719
943,0.2348627119723938,0.09563824208155834
944,-0.3552340078945506,0.26862188152709676
945,0.27526969872855434,0.21869948852512805
946,0.24744517426083573,0.25559345602908634
947,-0.01741311856892954,0.3201131903052218
948,0.3351487724566886,0.21993826487471504
949,1.686330540965436,0.3614355401699137
950,0.08763133353648887,0.5270705756793808
951,-1.1817824396172467,0.5024600474829135
952,-0.44609901208276886,0.3360173208571601
953,-0.20667503123344313,0.07416390111715614
954,-0.6275682284459072,-0.16170232657962313
955,0.23777549841035975,-0.29774098294284285
956,1.0174631919631327,-0.2750376802847956
957,-1.8496715920125613,-0.2076316406753042
958,-1.0011394461073002,-0.3263462026137824
959,-0.38638635046882824,-0.569070588756587
960,0.7109029778625262,-0.6699486683123295
961,-1.693783894415805,-0.6551054980754506
962,1.0605907311266412,-0.5112123234578392
963,1.5726912030094735,-0.43911044706774194
964,1.253333480804915,0.13825355938458894
965,0.3212138014006859,0.43445277218362416
966,-1.1997295740172176,0.6062858613111033
967,-0.4172628725354447,0.5387130788729246
968,-0.5512305460720344,0.22169479682216053
969,0.18954626223468266,0.035219969001993326
970,0.9727028003880174,-0.09481485040934809
971,0.6501301941837921,0.08131359973351698
972,-0.7813517391190639,0.19372373665484452
973,1.0417072125175901,0.1875756231194411
974,1.2489500632914952,0.3342444886115559
975,-0.8495719907313299,0.4481957294872156
976,-0.856063477430966,0.37897618780783143
977,-0.37464561047037637,0.1336243495959812
978,0.4255421366584953,-0.07601925849787702
979,-0.8934619782925703,-0.1340101243721582
980,1.262658885468366,-0.16655953934058104
981,0.2714092423542076,-0.09976010941945643
982,0.9047825582250784,0.10995723641994352
983,-0.4580247426033212,0.3245672337196069
984,-0.7566345352097452,0.2712107797609757
985,0.515467554301277,0.10727389550467625
986,2.1388460929646955,0.19250086053517812
987,0.9030245103874235,0.5033685207125145
988,1.4724098505195793,0.8468427876202379
989,-0.28235703775275084,0.9537132710856543
990,-0.4266095577988204,1.0031418801064764
991,0.13898442065612526,0.7500824495600309
992,0.75281143462086,0.5737775216417961
993,0.18669286310452904,0.494187026690386
994,-1.0301981434128464,0.4591500398023649
995,-1.4102198347175432,0.09983290674300786
996,0.38816962731768456,-0.15298742233890972
997,-0.04248135151037872,-0.3457823515922034
998,2.797291402594187,-0.1931222618478106
999,-0.4684717484041432,0.1609133749809239
1000,-0.8348931455370308,0.3669800664787207
1001,0.7899809164628233,0.12856397450000692
1002,-0.23304171752103242,0.20278415852307874
1003,0.10825846474625976,0.2700732079371765
1004,1.0442629534379784,0.23198771234086066
1005,-0.9446697042320549,0.14307748200320577
1006,-0.4246799774723527,0.19333607699401134
1007,-0.6220998297109713,-0.05052298699275008
1008,-0.6730248725081813,-0.2234178542663144
1009,-0.6655079407814829,-0.37563143079167005
1010,-0.2955362839336493,-0.6022726101026868
1011,1.3443109822631405,-0.4849500160529481
1012,-0.17905385938492246,-0.33901447638182913
1013,-1.0056471651360999,-0.17116641063584484
1014,-0.15285901890182543,-0.19298118297823255
1015,-0.69012057581943,-0.44518971267421203
1016,0.07075883976900867,-0.33661304555731403
1017,-0.07299005493863576,-0.38948581975733304
1018,-0.7886543476149355,-0.2935664055853573
1019,-0.3158945403249739,-0.34186553617922194
1020,0.5599680188613981,-0.38880310049513445
1021,1.298210706562938,-0.25580915701185347
1022,-0.10033872687610779,0.014053903186394916
1023,1.3433579607459554,0.36756893084537773
1024,1.034084952663487,0.45362328453250256
1025,-1.3232087721507122,0.7237609140868945
1026,-0.5177666649617092,0.48461910826869736
1027,-3.2243933583840696,0.15340951933674662
1028,-1.0942719358677357,-0.5169626758241952
1029,-0.27489021696284616,-0.9206997557449338
1030,-0.9053883864158073,-1.2441338184479434
1031,0.008933777237440117,-1.2508828398301777
1032,-0.4089361170674722,-1.0427187250572638
1033,0.2913038521842317,-0.8803992859567427
1034,-0.5383454817374432,-0.7365441434141762
1035,0.37847499752327707,-0.48240236022533867
1036,0.08139880347592683,-0.3551940977106225
1037,0.2045307329584901,-0.10245255810978034
1038,0.8910093076648152,-0.03256747538638348
1039,-0.7836492559328063,0.1298074004820312
1040,1.7685599527744822,0.19584747903421992
1041,0.017540147865260754,0.3125975394476659
1042,0.3657914714080275,0.4964661466685077
1043,-0.14432867324189558,0.49367495577655646
1044,-0.361576477351663,0.4405926050240998
1045,-1.2828269344979553,0.2721474580206044
1046,-0.4102055406032665,-0.05606976429317456
1047,-1.3693804428343563,-0.42138444972274286
1048,-1.228318966795151,-0.6383182925256451
1049,1.5358166807772882,-0.801456671122114
1050,0.032236671081844,-0.6539423561784216
1051,-0.25375302916653303,-0.40881144340329384
1052,-0.9775707357706966,-0.38185757019895483
1053,-0.01239892142884772,-0.2383559871492157
1054,0.012457581665854698,-0.3216331511001067
1055,0.6142418520224975,-0.3261439864487184
1056,-0.146064936562221,-0.08938561601790887
1057,0.1621627728340364,-0.06777000574627741
1058,1.1976522933105513,0.0018022898951392807
1059,0.5135518127620846,0.19169695323285962
1060,1.0462425066947412,0.47371139694149156
1061,-1.6207460212396296,0.6249091885824801
1062,-0.2877157958354965,0.40792028255086593
1063,1.1736031237406748,0.26991195710908755
1064,0.15983111353195006,0.17697338102507792
1065,1.423250471929734,0.2536273807583032
1066,-0.2763135537871943,0.35591619884537473
1067,1.1597656993030303,0.6433715357030976
1068,-1.8334998711684638,0.48163274096844666
1069,-0.7438125750784955,0.2462233479901245
1070,0.1792885495059596,-0.15485263928228934
1071,-1.1630264301799225,-0.27888692551002187
1072,-2.0244005915765286,-0.5362874540099207
1073,0.8154503331888409,-0.7262547149343841
1074,1.758776203819403,-0.704654289677712
1075,0.2987403573576848,-0.37920278641968913
1076,-1.3282518768492346,-0.0011494194556903592
1077,-0.05023235655541199,-0.14562501205761388
1078,-1.3498047330805278,-0.22800545114161108
1079,-2.0980980966014844,-0.48593795184110183
1080,0.5375048979175078,-0.751429856660488
1081,0.5153630522584542,-0.8360187065533058
1082,0.06754550174458718,-0.5205816512895028
1083,-1.3354577546583293,-0.49502615830916485
1084,-2.5841482879333126,-0.5664234803001065
1085,0.5366428351779219,-0.889374742279368
1086,-0.12466891065437676,-0.9723020963250546
1087,0.97346520201984,-0.683555084410858
1088,-1.6674022785518177,-0.5516221080793993
1089,-2.4495775154202684,-0.5972554113288956
1090,0.8640931029182023,-0.855909439453031
1091,1.4763104231878852,-0.7582633446444289
1092,0.9849039486710648,-0.42668127292740676
1093,0.5639105981865834,-0.051388959352978776
1094,0.08231822182259778,0.3070576372238746
1095,0.5660570283973853,0.5038261148534399
1096,-0.6910578153885891,0.40782274466736235
1097,2.077457311300089,0.5534693411327533
1098,1.5246777224871035,0.6498520085345401
1099,-1.8715155514799398,0.8365497641349304
1100,1.1505596471989357,0.6568583806897613
1101,-2.425736566185596,0.4345657551165417
1102,0.206350789014629,0.13814518070373696
1103,-0.4496465698017966,-0.22031834091201263
1104,1.4060086417429423,-0.27827587543418936
1105,0.017320073495064457,-0.15408013633140782
1106,-0.32476956353269487,-0.10512657997136214
1107,1.134605038665194,0.11901470461988548
1108,-0.8886163683149323,0.14105638952967667
1109,-0.9084609545161308,0.2226815401445188
1110,1.2969181413006594,0.016711219464898473
1111,0.39056953708585823,0.002377912166549874
1112,0.05191592766850252,0.21024261470824213
1113,-0.7060249479707569,0.17009397882618651
1114,-0.22836244877343498,0.09095957145508289
1115,-0.47648181784672294,-0.008860786041962013
1116,0.23500062862968787,-0.13910823317927312
1117,0.09165638906052223,-0.17806140276367202
1118,-0.2174310413872312,-0.19818540244547178
1119,-0.13567145987961254,-0.0632676975731176
1120,1.4184561058676375,-0.04384380212881715
1121,0.5785444274646669,0.09939777801687724
1122,0.3270861927186595,0.35158143262267
1123,-0.18149737388663706,0.44430666561592436
1124,0.22315662369402225,0.48974203197630944
1125,-0.10461404636953266,0.40411078092991437
1126,0.14400014831843413,0.2724373832366577
1127,0.3589803159409059,0.18920277502294486
1128,-0.7368746857843924,0.20330290414434607
1129,-0.7737355103586007,0.08782567443439596
1130,-2.5331641341884836,-0.23357185063116867
1131,-1.2627706867032051,-0.783393099031379
1132,-0.028099812887344165,-1.0965462989712917
1133,1.931976217803832,-1.0566190114507175
1134,1.9921363671875596,-0.5749276094141512
1135,-0.34382474270088237,-0.0873597987748897
1136,-3.1380869344609477,0.17139782242272097
1137,0.16525759304934295,-0.17629564859119817
1138,0.2685770972751827,-0.33052805622249787
1139,1.3432647024222177,-0.19713170014706863
1140,-0.898421350792003,-0.07629264520632206
1141,-0.39415915596371937,-0.09327406582872566
1142,-0.3656683790095185,-0.19953387248288024
1143,-0.08160585194197509,-0.24264850114608022
1144,-1.343301154473665,-0.29956262053540933
1145,0.28268425325771984,-0.34706875804632803
1146,-0.7933738409056887,-0.6123850755237308
1147,0.023293015707131718,-0.5465166440061344
1148,-0.18926100942180127,-0.5129178400739879
1149,-2.36554908370928,-0.511197700252499
1150,0.11320424081154715,-0.734073038299136
1151,-1.3365142468951203,-0.9349510564094395
1152,-1.1730931524466623,-0.9597121001019218
1153,-1.1059526550924883,-1.0141574107605569
1154,-1.5177638026544145,-1.2746093903895872
1155,-0.38124479589090143,-1.3865801290260351
1156,-2.844679366676508,-1.4668629022982638
1157,-0.844905562450827,-1.6730082340110095
1158,-0.03820499374267871,-1.7069126510042043
1159,0.21082011436814124,-1.4880534458006145
1160,0.9264997986930597,-1.0755634996876204
1161,0.9826331364365305,-0.6267800293614771
1162,0.9014299885711936,-0.23652734406075115
1163,-0.2968703994127383,0.16880084716468136
1164,-0.9113700648181514,0.34687355592137
1165,-1.8494122273469393,0.14485286264000985
1166,-0.6985811191838983,-0.20523105578428164
1167,-0.037935305597242334,-0.4836736055603838
1168,-0.49615536323449716,-0.6928793249330751
1169,-1.053899420068337,-0.8181585667037097
1170,0.7935992926438479,-0.7418013903727151
1171,1.768007899283254,-0.48785129056602194
1172,-0.3668541026046916,-0.0552444991112955
1173,1.2489279828412418,0.20769955252375738
1174,0.4954903167591985,0.4672352724935851
1175,-1.047475602146566,0.5010840604251959
1176,0.0527024485131416,0.35061895617769917
1177,-0.6882266799317418,0.22969670331982445
1178,1.158731442968674,0.08064918244612036
1179,1.1654123681951862,0.047483052266011155
1180,0.43588441469870404,0.40375726614776397
1181,-0.35651405749687637,0.436098965479267
1182,0.4642449934728793,0.507111109601314
1183,0.3218310860974725,0.47541662164110166
1184,1.2080110506556307,0.48365294940100606
1185,1.1362569087373486,0.5994101036452177
1186,0.7629883026851781,0.8418584642228746
1187,-1.269229031533382,0.8043940050443188
1188,0.6304504418471399,0.6781947084213029
1189,1.0369186267083568,0.5200099415995071
1190,-0.4039722414637756,0.4925655539560885
1191,-0.9708874738224618,0.34298789796799556
1192,0.7207241047122631,0.22756535648719806
1193,-1.2567668706260386,-0.020376906335717974
1194,-0.5842509340149161,-0.06258168471155882
1195,-0.363851014775549,-0.36965150915464123
1196,-1.047564123696418,-0.5488888370636448
1197,-2.002128333542428,-0.8198669432032156
1198,1.6987090387519903,-0.8390409862648768
1199,-0.41130492400412194,-0.709312306525228
1200,-1.464372589379178,-0.6224565196679355
1201,1.7219574941141864,-0.5540400342638648
1202,0.12654066193523641,-0.36999715179504067
1203,1.3694445375896336,-0.04373606115044232
1204,1.5421814839179337,0.3220329190828052
1205,-0.933477660692235,0.6081949899752648
1206,0.7117683219707606,0.7138099813174567
1207,0.7570195624836188,0.597764483564552
1208,-0.8956019704641333,0.6551889419969078
1209,-0.9783668901062786,0.44284996222383965
1210,1.097680143966921,0.13684476872343715
1211,0.1883602432335058,0.13076754497545948
1212,-1.0954872674958234,0.05577602463998721
1213,-0.8166898587982644,-0.14002759666459524
1214,-0.026583863392013404,-0.305398667539414
1215,-0.7323894702562879,-0.42347305365497634
1216,1.9117101145035422,-0.41292088214089007
1217,2.2111200566477494,-0.039534225025094544
1218,0.87001674027739,0.512841052603905
1219,-0.45595872575120044,0.8623865775928792
1220,-1.10330344173212,0.8098042413748995
1221,-0.5264646084920824,0.44999279361332806
1222,2.449810754989143,0.28700904412904127
1223,1.493165990555236,0.4965623880145869
1224,-0.7454413623576976,0.6880458843646277
1225,-0.2696695916518366,0.6934971731989947
1226,1.1812532268103775,0.45554007194400015
1227,-0.23836647778208822,0.47258904124884843
1228,-0.2704815702681383,0.4858603018567564
1229,0.6628109407635502,0.32776506644081216
1230,1.0096616301781796,0.4175811521951485
1231,0.2082693595961052,0.480338993254347
1232,2.4121017131594544,0.6096230167367804
1233,0.278342262167895,0.858303976356484
1234,-0.13610076072257407,1.0392743490284686
1235,-1.686987488440762,0.8140839351755046
1236,-0.9536502495352146,0.3463409376824988
1237,0.014179556503032736,0.010665147132608632
1238,-0.09554938349717874,-0.2386408938992997
1239,-1.275935598277861,-0.4102438494497968
1240,2.8945664541300067,-0.4009359261715668
1241,0.6542862716689622,-0.0608258684054614
1242,0.4224983824675392,0.2585789088648475
1243,-0.06401702605268181,0.5095371788000288
1244,-0.09318918674024193,0.5115012904552511
1245,-1.9638858163950423,0.3373913362001559
1246,0.1350718002999277,0.06659597971939675
1247,-0.9774579862902518,-0.30729708583606985
1248,-1.2786052800909353,-0.42143750107650096
1249,1.7165873120036321,-0.5858505641869101
1250,0.10474432379452016,-0.5103918035211423
1251,0.4136858452524136,-0.14781708778565955
1252,-0.05234688588632358,-0.07537435457588124
1253,-0.41336800757310294,0.07595108849740559
1254,-1.1550318596395803,-0.030114628243293362
1255,0.8327805730938344,-0.05880995662873821
1256,-0.9494213946276242,-0.17363428751765161
1257,-1.1486820354589122,-0.26092152448882433
1258,-1.1535491847167716,-0.5216686008934868
1259,0.43291050469890885,-0.663442968777389
1260,0.5468530877671268,-0.6317771969666731
1261,0.7409116859669383,-0.41918965425338295
1262,-0.08214204759983071,-0.17128974038171405
1263,-0.10811637506568123,-0.024253544448225202
1264,1.3605588381597418,0.09266527306998511
1265,-1.4150295123894772,0.23846271924007972
1266,0.7119231856519846,0.12037557246458157
1267,0.2122423427845111,0.2106648922691682
1268,-0.461930735755529,0.15189788315943467
1269,-0.8378185338333758,0.046996804542103185
1270,-1.5276656370706778,-0.10428230861073029
1271,-1.4770360073550663,-0.5149318978640383
1272,-1.1509133533058684,-0.9012596146498361
1273,-0.33322532716274506,-1.1372869061051962
1274,2.080003937284929,-0.9785241617994246
1275,-0.6435420498490201,-0.5973806470517291
1276,-0.16032915625731672,-0.385604235900561
1277,-0.4292460625387768,-0.2634158167938351
1278,-1.4211602502028398,-0.3117550805113609
1279,-0.930529920413672,-0.47055704069131926
1280,1.5182604383430225,-0.6041931080023372
1281,0.034436264310359295,-0.38417881460403147
1282,-1.488446666220543,-0.3753215335294561
1283,-2.062061263745201,-0.42859946427863543
1284,1.3693023179065302,-0.6224667151421202
1285,-0.3062354040679563,-0.619443653197274
1286,-1.3474389560849127,-0.5068685067298263
1287,0.7744848283647662,-0.5017647695948451
1288,-0.23319567423283652,-0.5532339160068287
1289,-0.6380053061008584,-0.44026166820981094
1290,-0.04636290986891104,-0.3522103631620574
1291,1.395243034723695,-0.35084234454581753
1292,-0.9366131027097703,-0.12512920189121773
1293,0.7940153114320375,-0.035808586101938
1294,0.13701526777409306,0.1448964177182712
1295,-0.5306805272206736,0.09774932500438026
1296,1.5693855834924295,0.20448427035991715
1297,-0.3320417765536887,0.32572518204429735
1298,0.17929117979556794,0.27691362375031486
1299,-0.46818520104981026,0.26383718643726617
1300,-1.3001783854811668,0.07024972919068473
1301,0.3365954633986393,-0.14363007616298704
1302,-1.0574664467823136,-0.29912365436496896
1303,1.7754303804614258,-0.2538553435685628
1304,1.566846181436506,-0.09517530185188908
1305,-0.5560081021984173,0.28136141809435455
1306,-0.5784475685628736,0.37696291905731544
1307,-0.8254285843140916,0.23981019689981814
1308,1.7336632431654149,0.10845135363802753
1309,-1.1839812898344573,0.10595022329148078
1310,-1.1123758049581693,0.045550722347481115
1311,-0.9531988250185401,-0.29311391644891127
1312,-0.8863778257100655,-0.5667648735474784
1313,1.4793412982586371,-0.667331174429292
1314,-0.37014464579375567,-0.5473610753383076
1315,0.19474434117043718,-0.2582575714274371
1316,-0.17721410700949594,-0.2336675953227882
1317,-0.15979536675760694,-0.13379379752032164
1318,1.999822874585525,-0.04551889294667983
1319,1.8115859537420638,0.3284889787499295
1320,0.5376755936976587,0.7560981844948875
1321,-0.6458631878353858,0.9635290201079711
1322,2.333819208370705,0.9112426799386144
1323,0.11814108946967437,0.9953952738855696
1324,-0.9128588365990249,0.992057714616362
1325,-0.8162949854742667,0.6500851171341561
1326,0.05610683473570615,0.3299662338232391
1327,0.7164898749609359,0.1176963260770923
1328,-2.7940284848387944,0.031415183073219985
1329,0.38776361173637025,-0.38858513937460504
1330,-0.0613915471087561,-0.5612373642590214
1331,0.5370778024613162,-0.5479401339060493
1332,-0.8712478590316869,-0.3707176438699319
1333,0.9937447076105284,-0.3737168978631475
1334,-0.4729550978063825,-0.2506623699646756
1335,1.136454585584156,-0.0565888879368853
1336,2.3480969442532067,0.21683242155475113
1337,0.2664044416438394,0.696421747244386
1338,0.3717840935141977,0.8401016313168754
1339,0.32168773602526307,0.9027682953928263
1340,-1.6868412325907458,0.8051384912496987
1341,0.47499243369425614,0.4354302628997569
1342,-1.4997477711807108,0.10623897119624279
1343,-2.5363739241560173,-0.28367721649983696
1344,-0.050700055344956516,-0.6759177966647518
1345,0.673781070827524,-0.9809978960076599
1346,-0.8506474388093632,-0.8784617381475249
1347,-1.6687303783970278,-0.8526454073072931
1348,1.351673685496708,-0.8043614188781962
1349,-1.616975304412729,-0.807962114856014
1350,1.0590103499647694,-0.5825932507111025
1351,-0.3032626155576779,-0.4846349689081253
1352,-1.140917727238925,-0.4025617792238997
1353,0.2700762375988959,-0.3591897395900069
1354,-2.503544765656691,-0.5125365367145711
1355,-0.7731146306484504,-0.7563438351591742
1356,-0.05866482362209777,-1.0020339667224614
1357,-0.12119461886432428,-0.9253348131050344
1358,1.321789100653768,-0.7141066037762831
1359,-1.0946866371844797,-0.5088839277894271
1360,0.4986897044002514,-0.39201882208474015
1361,-0.22394766622476514,-0.2094966765328237
1362,0.7119056116599906,-0.06166320950971122
1363,0.35060505366261907,0.10704253840558384
1364,1.0976747542381193,0.282298453046549
1365,-0.159562865379874,0.3804962985334043
1366,1.3822863361478697,0.4567732802306401
1367,-0.017032636606834562,0.7174634044069098
1368,-0.7606315551081511,0.6253124985793639
1369,0.026679628486575985,0.4219820252548199
1370,0.12483477721122076,0.24033607969176143
1371,1.510991093714066,0.26275488345381576
1372,-1.1767954706248693,0.33262408607097643
1373,0.011109487757172453,0.20452610478785088
1374,-1.2732090916993204,0.03758615904808893
1375,0.9232178063480218,-0.08706739523105411
1376,0.8740626924720857,-0.07775922206466758
1377,0.6377033781662045,0.17136219587715434
1378,-1.4264679613934808,0.1374872870574651
1379,-1.089327001123435,0.10347298076115474
1380,-0.10107257929837261,-0.20945133555228576
1381,0.36715480722952526,-0.4379485604349328
1382,0.7119723795769296,-0.21724064347169586
1383,-0.4803693404980936,-0.166838746596116
1384,0.1419373872556918,0.01000855444601631
1385,-0.3734938398820899,-0.031179426692270917
1386,-0.49919952940517576,-0.0810478291656283
1387,-0.34506400141616633,-0.12749592698347564
1388,-1.0913982948498213,-0.30726729530047703
1389,0.9510696924007732,-0.3155781466432899
1390,1.3960355527477069,-0.2383785320980155
1391,0.5900002527540358,-0.04784402780562404
1392,-0.45217764389252446,0.2868846735202991
1393,1.471721999499367,0.4297861602370552
1394,-0.9628121494062305,0.49132455943889225
1395,1.1430436374684385,0.5325034471593371
1396,0.9669133900026852,0.5413680232168611
1397,1.217884985899576,0.5955086710160684
1398,-1.7376783306801442,0.7078221653708741
1399,0.34971878246630833,0.5278881852474938
1400,-0.5026858953893644,0.3686399965512337
1401,0.7884109147415754,0.13559701521253337
1402,0.1902032385751035,0.13284233484769228
1403,-2.1115248009634624,-0.0020851134913873887
1404,0.6612835850442221,-0.1403970446855275
1405,1.8228511994916023,-0.11962175445073125
1406,0.493818233010585,0.08632567317994529
1407,0.7836024611984698,0.35936915279294074
1408,0.19612702786841305,0.6567534189409149
1409,0.5576185967396218,0.6879899002149619
1410,-0.48915434759325094,0.6275929861122899
1411,1.7026174410158166,0.6056611402411795
1412,2.37946042546525,0.6907089531105293
1413,-0.6548596507289988,0.9843989728998648
1414,0.5632442779038188,1.0925702319789203
1415,-0.3101011169120211,0.9408884776504173
1416,1.7156200221882008,0.7818963116264528
1417,0.33930541981314444,0.8239624265864172
1418,0.9567522538394897,0.8332251830041554
1419,-0.07745359227369271,0.7909002620757232
1420,1.218681340952756,0.8315174315720145
1421,0.906301326885999,0.8820385021146195
1422,0.48199891499266956,0.8137773052818745
1423,0.6963252699933962,0.9388455030593995
1424,-1.3202574798269802,0.9086929897353505
1425,0.9872019757618652,0.6440056233711248
1426,-0.8823574067326766,0.39392801396358623
1427,-0.44413107142198865,0.24561059422336565
1428,0.16362995351557136,-0.0591517938752861
1429,0.8557459089319123,-0.16031579359372192
1430,1.0027110240034331,0.1472679972962606
1431,0.40074032689589295,0.16108515142035867
1432,0.3589234515716664,0.4010364743808606
1433,0.8257490508582164,0.5411566387764256
1434,-0.7045727380593282,0.5775817408743322
1435,0.14992363892295138,0.4957430435784252
1436,-0.5572439023283661,0.4555377916467591
1437,-1.614312841805802,0.10434963469448212
1438,-1.0571617958088162,-0.2604409252470417
1439,1.1847153322508994,-0.541668021949476
1440,-0.5116223687279188,-0.5744884949907151
1441,-1.5756330864945114,-0.45267991498987703
1442,0.10320517126204,-0.6500714302452537
1443,-0.5443728509112751,-0.6237417688758204
1444,-0.4157461025270353,-0.5924371681775702
1445,-0.27788184890388035,-0.712419276271168
1446,0.3293164200644074,-0.602898136518205
1447,0.2487458598965924,-0.4107502862884098
1448,-0.10624743031999478,-0.23973750903956784
1449,0.23708524771854653,-0.15911714974249846
1450,-0.052321862535544904,-0.059976811150637396
1451,0.39687515746307667,0.017399375675410274
1452,0.7588043874155487,0.19582815107860957
1453,-0.015218136424134074,0.2918939120401601
1454,2.020546675707584,0.41133811277166665
1455,-0.9230410713554235,0.5698438174848676
1456,-0.4298395455272616,0.552850553003142
1457,-0.11438327814188774,0.4058793603743632
1458,1.4049234394103756,0.23039759896490367
1459,1.094310233469483,0.3536314537291495
1460,0.4859733513526044,0.4964820061743518
1461,-0.6666458534321589,0.6228742234162338
1462,0.5702857250233784,0.5180804417069584
1463,0.0957870199112547,0.4158057244019834
1464,-0.15633641087920552,0.35639686064526127
1465,1.356010327074426,0.3159107466093948
1466,1.658591554481932,0.441618047766941
1467,0.48391823494698893,0.6705052930069157
1468,-0.4605557866241932,0.8222923733246703
1469,0.40767874040761315,0.8745951273335639
1470,-0.8167556670781358,0.6120366164425224
1471,-1.3412794800888397,0.2689287003303317
1472,-1.7029245489738318,-0.06462664251089617
1473,-0.183865171904141,-0.6109787507622252
1474,-0.258456612342817,-0.7788388279020183
1475,-0.7256222322872413,-0.8970233105930184
1476,-0.5070260588817415,-0.8557403261692402
1477,-0.32366428388329527,-0.8515257414963883
1478,-1.0742057987650397,-0.8181285717459246
1479,0.3379918675843085,-0.7894405039542535
1480,1.5421445145185633,-0.5218981623842889
1481,-0.2543531650675177,-0.3148727332197763
1482,-1.7175242662965067,-0.1375111252831804
1483,-0.09581903213137166,-0.21000472129653003
1484,0.16649728590292107,-0.2948273976757547
1485,0.5841105076749765,-0.2504295007839458
1486,1.031362227337746,-0.13610274946219927
1487,0.7828469368036853,0.15997447074879206
1488,1.0552167685643628,0.43983503130611457
1489,-0.0447014461754454,0.7256349619840669
1490,0.37781945629628294,0.7140590238741145
1491,-0.6664512223038149,0.6134643652626971
1492,-0.4553045518486158,0.33485254444306095
1493,0.7870921345755532,0.20371925612192243
1494,-0.20797706772387906,0.19379288718911591
1495,-1.4304659569110498,0.08220429003086742
1496,-1.9062946169186872,-0.29379700288416016
1497,0.7026609220846661,-0.5459670264268104
1498,-0.3696100120662564,-0.7278721550014343
1499,-0.5426305532055454,-0.6850139962015347
1500,-0.8038110600672635,-0.6096224655862852
1501,0.3793406889865379,-0.6534295266112343
1502,-0.10762503790085533,-0.6139111427994712
1503,-0.27944909365577847,-0.44245173852109443
1504,-0.31317900860366493,-0.4639768976956512
1505,-0.1919035104226599,-0.32744448112783237
1506,0.8652758218075519,-0.3745603922585062
1507,0.1665699535412617,-0.1502667311318009
1508,1.265416799608252,0.12373453179374724
1509,-1.8921548838778055,0.22581820940514535
1510,-0.7279514364715065,0.11690079421030995
1511,0.7844265263455947,-0.2323919963471192
1512,-0.7362362661191666,-0.1745584499806767
1513,-0.20195992447109518,-0.3023421537948614
1514,-0.3749883393378617,-0.29883215464943025
1515,0.0844291302174225,-0.30942169318963386
1516,0.2907907069578327,-0.2747581383217691
1517,1.9092524951787941,0.013284412654070377
1518,0.9591299403227664,0.2780408527163318
1519,0.16103715698376897,0.6358541855617598
1520,0.5096575374416179,0.7378446721223423
1521,0.5095291441157238,0.8518634062322366
1522,-0.018619022987765986,0.6944714278001423
1523,-0.6005027374925742,0.6091582863857494
1524,0.43455883680741647,0.36642706542313874
1525,0.6526240716642634,0.37906926332852475
1526,-0.6695108691312693,0.21882244113408264
1527,-0.11557403222629972,0.1266433900630781
1528,0.41331765336605825,0.06412448555233169
1529,0.3798240814848412,0.053200680351521
1530,1.6657055928038347,0.27820228399984614
1531,-0.23093138027508667,0.47831907901975446
1532,-0.6810730300809237,0.5068120632799831
1533,0.4715738944350113,0.37305533546281505
1534,-0.9817512915481502,0.2693840519867441
1535,-0.21459025411527738,0.08018541039783503
1536,-1.8425457571075605,-0.15950754250932012
1537,0.4225639789228389,-0.4206394133212417
1538,2.246570358119244,-0.480335519976916
1539,-0.4096928789516169,-0.23631511403560546
1540,-0.3479886145703447,0.03980148906475574
1541,0.5596562012393537,0.07472732332176471
1542,0.9567365740669883,0.21600902291147647
1543,-1.5823225636461404,0.29487483425564526
1544,-0.24927132242520764,0.17133107585515328
1545,0.09448208628808151,-0.007265552816893159
1546,0.01130825821035383,-0.13022839585910745
1547,0.2558383846333952,-0.08398554922564083
1548,-0.1838859088175515,-0.03817914881650197
1549,-0.26307248076694767,-0.07243597293280837
1550,-1.104881064764192,-0.18904984206267136
1551,1.6282120373758093,-0.1253587081947897
1552,-0.0005960458023397633,-0.10038920406579087
1553,1.0893827088488728,0.1492746374835106
1554,-0.08607299052297882,0.3829429092043713
1555,0.09488972340284525,0.41166062358153954
1556,-0.15688017534715368,0.26939502180712116
1557,0.5568311844373389,0.28624506483647455
1558,0.031139897669319013,0.27293964616235095
1559,-1.5131581610964409,0.24224401734462064
1560,2.549612131360655,0.04446711862073249
1561,0.1960780397919394,0.18374725579671755
1562,-0.6961522528794383,0.31579214015637835
1563,-1.4695764499741608,0.14255508774075998
1564,-0.7868143022944388,-0.06834045475975009
1565,-0.23985000759352823,-0.2755710245157745
1566,-0.9082067345605599,-0.6243413187237272
1567,0.5676125457427795,-0.6600378411792458
1568,-1.469646255612452,-0.6943549298229252
1569,0.11066570325179219,-0.6963526504706711
1570,0.23743980514382843,-0.6600301559986956
1571,-0.998868911219883,-0.46663371097507594
1572,-1.0541157832625747,-0.46764795316422136
1573,-0.8296556858839144,-0.6580264395626987
1574,0.10183162470335258,-0.8399826658157321
1575,-0.3707056525498576,-0.6640061077680806
1576,-0.40084829381173587,-0.7115055232584236
1577,0.24518005677965898,-0.5511177123772464
1578,1.0884291972558682,-0.3880555767201474
1579,-0.6142421380170104,-0.13339757766439098
1580,-1.1579263569603027,-0.08168688857465192
1581,-0.1566758217953551,-0.18110217328228312
1582,-0.12860796714895287,-0.245889371380494
1583,1.1935390777410868,-0.3105843902576185
1584,0.8633432299343956,-0.07501414991685755
1585,0.18202392767934647,0.1457713701004245
1586,-0.6491636243119331,0.31074429373538603
1587,1.3324187441406157,0.2922568993655607
1588,-0.48309906103566846,0.4131767782802011
1589,0.5662437522265683,0.41073479795570617
1590,0.633277024478591,0.30522792345565775
1591,1.0352469373523574,0.5408245110825163
1592,-0.4735113541862467,0.5629905052812282
1593,1.7342449800096076,0.5436081422970621
1594,1.1893004574501862,0.7589876055069014
1595,-0.04688052734047434,0.8525767893268112
1596,0.023948632804720683,0.864300431411609
1597,-1.6073288191156738,0.6189492392239333
1598,0.5036165618852094,0.38922524958347327
1599,0.7583309806365015,0.12484094650189526
1600,-0.6482459760268197,0.09029219775710018
1601,0.19079497772934492,0.0374030039467548
1602,-0.8672850117092614,-0.04055540323173953
1603,2.640463070889928,0.011784027829351257
1604,-0.4077863334999745,0.16668045246624869
1605,0.22959752913376763,0.34116477451500193
1606,0.6430191384742427,0.45579525045374947
1607,-0.2147682346674569,0.48342194988991866
1608,0.5371661811038659,0.37481279657746747
1609,1.0126382756488153,0.45125884346953504
1610,2.0790400836851353,0.6162377066936728
1611,1.2215687649742957,0.9360820098829389
1612,2.3255008730160474,1.256765407257509
1613,-0.9629804651045689,1.4644262327081772
1614,-0.6020865449422257,1.3184881544868094
1615,-0.9619693321057425,0.8909799852259023
1616,0.10482442324190726,0.4834285016310987
1617,-0.3656456619755313,0.12847415970896442
1618,-0.32847071493898905,-0.1356336206220999
1619,0.16685858900878797,-0.23677895418109274
1620,0.37350814254138043,-0.1641326601020172
1621,-0.7562851353208095,-0.10455010513341716
1622,0.2221247473996312,-0.2854616169412585
1623,0.06473947994005451,-0.19339773007124997
1624,-0.09259925998553079,-0.16610324023170725
1625,1.2884791219723997,-0.045662529127059204
1626,-1.6330534113215478,0.02993506772433241
1627,-0.4038067285774169,0.04753164946440033
1628,-0.46398887203610695,-0.2728198503039446
1629,-0.37381233268373604,-0.4029717984454736
1630,-0.39826388996598316,-0.4587570902751726
1631,-0.6768457474100081,-0.46868516415468436
1632,-0.5214003613469907,-0.5497983246206792
1633,0.5846864622877108,-0.5397786288139521
1634,0.5230110136205891,-0.4088581832300607
1635,-1.1973931018243107,-0.2606506215119227
1636,-1.7542709225859232,-0.38318546806571974
1637,-0.5949451975160471,-0.5588179413667262
1638,-1.6561276231042048,-0.8347230390657545
1639,0.21430700674895392,-1.1229768258196589
1640,0.2688277125991564,-0.9771904970373964
1641,-1.8190474494400029,-0.8384150747676424
1642,0.5194703181221105,-0.793834055768702
1643,-0.1124744478344656,-0.8135330419360356
1644,-1.04970425536349,-0.6221064393452127
1645,1.0437765465185782,-0.4350872129188767
1646,2.1925611508905463,-0.298453354938652
1647,-0.049945985339722845,0.27320222565035973
1648,0.313721494446149,0.42801159921085274
1649,-0.916790242670611,0.5308480252181985
1650,0.522013207379914,0.3761332038758779
1651,-0.30166047730234047,0.2890656905217427
1652,0.713984853547359,0.23964199808711614
1653,-0.06233303394466661,0.10983433067288959
1654,0.4222790990405667,0.2776331627384448
1655,-0.383189417519542,0.253302667099506
1656,-1.2712036496088712,0.18437897515512303
1657,0.49075702258640636,-0.020428189226751714
1658,1.8169137184476325,-0.05888970355551898
1659,-2.1894313160564374,0.02481516226930387
1660,0.38855061806171526,-0.08563015037740596
1661,-0.8525977286532224,-0.10374057752681626
1662,-1.2585027854986566,-0.35005249655821546
1663,0.31801495130051005,-0.503129721581221
1664,-0.017331340606693287,-0.5558059930919842
1665,0.25113204439042136,-0.4895916933931189
1666,0.45470144624926967,-0.2946740749010428
1667,-1.726985029071739,-0.21346557332123245
1668,1.5517998631030403,-0.1554233831160815
1669,1.4209030666747013,-0.08076682742661392
1670,-0.5197100152505372,0.22735620391921688
1671,0.04992456050739394,0.284155274800763
1672,-1.117268002663787,0.2720241594194809
1673,0.28834360905967427,0.13402010797635108
1674,0.13450450932296687,0.023548224189968922
1675,0.27518419898979535,0.005514261324525139
1676,-0.17517986861727028,0.022452623947849713
1677,0.5837706666222771,-0.012027880923921402
1678,0.12454817784045129,0.1630403512803713
1679,-0.13562867247320168,0.12492870597200365
1680,0.3112640955182215,0.20553544382872196
1681,0.6364474470057254,0.1484664460399538
1682,0.7119175696679941,0.35222963315387534
1683,0.4481400870439595,0.40911614386308415
1684,1.3780593153092155,0.601510529927977
1685,-0.2887386143973709,0.6304542672575426
1686,1.3164684670488633,0.7982889484285172
1687,-0.3580357645288988,0.746198818857533
1688,-0.2954300737261042,0.6797815142940613
1689,-0.2836991239132106,0.4469572313141505
1690,0.9496002356345039,0.2949574314887439
1691,-0.35939899153634913,0.2921032780533054
1692,-0.9162206239569224,0.20067051461064184
1693,0.47790469054631857,-0.04222652360685362
1694,-0.7006572811759765,-0.025216860418869474
1695,-0.17805844416857963,-0.19648664713935549
1696,0.00713615464298476,-0.34883346863748954
1697,0.10602737464769728,-0.23176289781273762
1698,1.0244162368096588,-0.09395760784236737
1699,-0.11215667758381277,0.08422043234184036
1700,-1.2513833551867968,0.09274036411121477
1701,0.7848995899190342,-0.004157880143675161
1702,-0.7289608410730751,-0.07200043138080188
1703,-1.0856138423759238,-0.20547958335496463
1704,-0.38847896285094513,-0.46666324676801246
1705,0.722058125610281,-0.49220228659403675
1706,-1.3185948342846896,-0.47863681787944434
1707,-0.7579520222725433,-0.3915762595560206
1708,0.9644371320384718,-0.4896199396766531
1709,1.6780751023996545,-0.2775786274106242
1710,0.03770958489219295,-0.006698259122339512
1711,0.8406354940153778,0.3513665580978322
1712,0.2407954753994868,0.5283266209655464
1713,-0.006394432443708183,0.45923229903449214
1714,-0.9479141512734119,0.4808082413654065
1715,0.1433028206645662,0.19699249691005213
1716,-0.5008305715717233,0.12730379962331764
1717,-0.22534991872647073,-0.012272182915453227
1718,0.10787080793321818,-0.17229241006810045
1719,0.31524531438520453,-0.2122886770510639
1720,-0.8569541558840518,-0.14753020850478457
1721,-0.48994729182868746,-0.19044238045833636
1722,0.6756938526249089,-0.2639331083900831
1723,1.5770798540341064,-0.18867097187905396
1724,0.09341687548458433,0.10843218690982831
1725,0.7553168037698373,0.33544498251168203
1726,0.7626068859086618,0.5227345959258158
1727,-0.4389594462964459,0.6332151867243687
1728,0.7503355644153868,0.7018866155385506
1729,-0.6574590419641776,0.5020685302283304
1730,-1.2711686199984211,0.37807292596030284
1731,-0.5015607415900263,0.021101487297316365
1732,0.42055840670261185,-0.24569015831119775
1733,-0.7407013452775796,-0.3450118557942895
1734,0.8325158004289105,-0.2559792627039031
1735,-0.6375195418233802,-0.2445161482010489
1736,0.5888082301161687,-0.20613512093125275
1737,-0.15466243452404202,-0.06867492749717072
1738,1.332472338829738,-0.051417864866887306
1739,-0.29536149622374946,0.07914395710786823
1740,-0.0756318722657543,0.19990137987380951
1741,-0.0949605248143315,0.18173389807377555
1742,-0.954081125162543,0.095533379987818
1743,0.4425019686174203,-0.04245904602675339
1744,-0.8184458476329042,-0.1018259379351738
1745,-0.7947374991352972,-0.20102561344201408
1746,-0.32820494607460476,-0.35729953006656956
1747,-0.3474900919555157,-0.3980897971767105
1748,1.3662060961055065,-0.45424418565583513
1749,-0.425875019108809,-0.29990116939168
1750,1.319084436389013,-0.003575352817644796
1751,-2.1172928956004857,0.011237029981694756
1752,0.6635669396973087,0.02036269880307872
1753,-0.1630508806274646,-0.10093320132365619
1754,1.7456920549380008,0.05357935149208404
1755,-1.0596374501686114,0.20840492880808548
1756,-0.04850989318478791,0.1007492771557963
1757,0.05595541507127434,0.037478342292661684
1758,-2.348973911989308,-0.09610939910564645
1759,-0.17224540393924384,-0.28552721708298656
1760,2.6239117430083914,-0.4346052076944639
1761,0.016201458971943236,-0.2314210465904038
1762,0.7321115642123082,0.21894825794110329
1763,-0.18366573682034582,0.363526087432176
1764,1.3602889292913922,0.5144599158351192
1765,-0.7594217678795466,0.5066131780817316
1766,-1.013131356671172,0.4733233078665104
1767,0.7106092806683459,0.2126990672822679
1768,-1.2268179098677283,0.05897050109395982
1769,0.012364198924814763,-0.2150626983246816
1770,-1.942057549486727,-0.3676271514465509
1771,0.5591805724259684,-0.5071232406516244
1772,-0.5090803694363754,-0.5807303742806281
1773,0.021697520565150966,-0.5491215920746809
1774,0.05721649730257208,-0.5041717903936508
1775,0.2088463388647673,-0.36908653390320767
1776,-0.4781230782313541,-0.22219624318404735
1777,-0.6242743720366447,-0.2453170523428598
1778,0.7121478809647629,-0.25129987645854435
1779,1.0387475249214537,-0.09562908221306975
1780,-1.524481094736384,0.04999476782533834
1781,-0.7511931976705206,-0.08909895537617908
1782,-0.4827763118839052,-0.20322875403462
1783,-0.7089461018452281,-0.39231332053097967
1784,0.8489084261791172,-0.4944378026164278
1785,-0.11643683651985373,-0.44395386683982274
1786,-0.3788535261380831,-0.2630143776504076
1787,0.2666903540447097,-0.18494623076288488
1788,1.2057493312601655,-0.10285628539102412
1789,-2.0216441942923176,-0.0013028770418435087
1790,0.4261776350970544,-0.0364604566513624
1791,-0.2634198248438934,-0.16399073661306254
1792,-0.4321435346981581,-0.10517578867577553
1793,-0.14531424335160098,-0.23349209590979067
1794,-1.9849128749705267,-0.3542424714709614
1795,-0.15159960200615852,-0.5235989571621336
1796,0.254377502414714,-0.6630430582037755
1797,-0.4541891890889036,-0.6009445278205543
1798,-1.2814126069912308,-0.6322856237612142
1799,-0.7550102637031834,-0.7065361376391724
1800,0.6619994094342501,-0.7453835535712844
1801,1.5130439405998148,-0.5003413002218398
1802,-0.044814458516222004,-0.14704500539995702
1803,0.6105404941893402,0.05616388929971282
1804,1.149094500619082,0.3371604752213858
1805,0.2660283153085381,0.5052857655439698
1806,-0.902385707413083,0.6780845885039916
1807,0.26202328381273926,0.46753193638121104
1808,1.6009686375168821,0.3347102846240929
1809,-0.6325593311886237,0.4808061730755517
1810,-0.45614136418780155,0.3592789334026715
1811,-1.1722821320169943,0.16395505824710654
1812,0.09517662864082878,-0.027583028417144953
1813,-0.94772431401266,-0.2437111123527089
1814,0.7440091522321888,-0.43338378828087165
1815,0.791028312665847,-0.26928561823416575
1816,-0.5684499894102174,-0.21994383485459545
1817,-0.35008186739767766,-0.12738376331022172
1818,-0.0017504740677385558,-0.12040351297975443
1819,-1.0669017600905482,-0.09603374785204212
1820,-0.583116277937853,-0.30771210975670643
1821,1.6944857804008844,-0.3257330768234958
1822,-0.01916742327906412,-0.11236651512000854
1823,-3.091214725754993,-0.16424001784382916
1824,1.2417584794504588,-0.3531759035407992
1825,-0.007808185210428018,-0.43673565327600794
1826,-0.04807374110238304,-0.3237203360420775
1827,1.3400976991674316,-0.12159681954663158
1828,1.2514663210766146,0.07325400236175249
1829,1.0717613238781192,0.40075716496503444
1830,1.2494054557138612,0.7505712801258099
1831,-1.7007966229574214,0.9147698307181913
1832,0.8090594344674319,0.7795798584104434
1833,-0.6783844101926741,0.5037685270282337
1834,-0.17394278402764207,0.27184769640904666
1835,0.9476004779361294,0.1879711956538455
1836,0.8976713659882555,0.2760332813722113
1837,0.2734359622252405,0.3272345838837171
1838,-0.5895495007620488,0.4554981930807492
1839,1.0230344126051647,0.2925341010069315
1840,-0.3963556184852148,0.2906223109374013
1841,0.13345632662541934,0.3546253705621031
1842,0.19062197078195878,0.19128958263036439
1843,0.3690729943144563,0.3020982428730587
1844,-0.9976000874915983,0.16958354567613745
1845,0.6169947835572718,0.04016457983310513
1846,0.42416895947900113,0.06856413628549869
1847,-0.5698578191777448,0.029003888510235602
1848,0.3271915693164633,0.08454359709102366
1849,1.153335076812644,0.11274595102758926
1850,-1.22651001919402,0.1319773360371319
1851,-0.21238750246779706,0.19967839419806233
1852,-0.8800689949165019,-0.10380238186060914
1853,-0.5409860159201617,-0.19886874310089928
1854,0.7291080007517003,-0.3924097933977485
1855,-0.373822934758216,-0.26136783980069084
1856,-0.7286852840745526,-0.3144286023476195
1857,0.9994249731268648,-0.33288382091276336
1858,0.43939592966621693,-0.18818031927102413
1859,0.745454703605159,0.10718750690361675
1860,2.1652283656169597,0.357140914586328
1861,-0.3088382674640087,0.7670389591836877
1862,-1.72196309099091,0.7217534179811409
1863,1.9572980531514832,0.5130310855062385
1864,-0.037684200225803016,0.4494693739592447
1865,0.16590609950161064,0.4885686139115144
1866,0.7539173282576894,0.4562516056056474
1867,0.5340933197979505,0.4834104538009529
1868,-1.2007453329440543,0.4289919583080826
1869,-0.9720641228049217,0.34442256982854963
1870,-1.0175601894431467,-0.13212232005599117
1871,-0.7045351414070786,-0.3672458202554335
1872,0.02423675346501852,-0.6613100925496243
1873,0.5318565364384213,-0.5918842591294584
1874,0.5817968780139372,-0.5217847319470514
1875,-0.9707145236411991,-0.23174364019753402
1876,-0.09525566714814696,-0.2080515170043529
1877,-0.7188401993820659,-0.28137400867175577
1878,-0.4763302279369914,-0.38776709619199984
1879,0.6432185384467932,-0.36895069272773934
1880,0.09932653994585161,-0.2839681359231665
1881,-0.9379502249238331,-0.30565269977057447
1882,0.4325178544435223,-0.19740835698756223
1883,0.400854458138268,-0.22447453098991613
1884,0.36563294371036276,-0.06117964589953907
1885,-0.0456346368303736,0.08789250005045182
1886,0.04117998059247267,0.20875002996639713
1887,0.9337180233451228,0.2816636448867462
1888,-0.28580404091373485,0.24365929248001844
1889,0.38593107494001416,0.2538626219924715
1890,-0.6156308264123046,0.29008165438836836
1891,0.7108751821245034,0.20480279215462302
1892,1.3500820375868428,0.3171091856542986
1893,-0.1099945490687454,0.49821028153192015
1894,0.21807442909436572,0.4864620339014736
1895,0.24952957086903355,0.4922998273363135
1896,-0.1348926187210533,0.3848454486127817
1897,1.5192806632469789,0.3735321065338489
1898,0.17137565939638008,0.4985978718424014
1899,-1.1704378350323452,0.44986644741198806
1900,0.957947189136682,0.42082153822962287
1901,-0.5157830496141886,0.27900517323646873
1902,0.9054261098854735,0.26209812851038705
1903,-2.0095167433409338,-0.02241606271851665
1904,1.0618126791459381,-0.08746388300879707
1905,-0.9515660372457762,-0.1644058058672561
1906,-0.3339048461091826,-0.18897010707115192
1907,0.2070716894923151,-0.3332836340944624
1908,0.4989354861832875,-0.2383058565847198
1909,-1.0469846898434079,-0.21359169780874784
1910,0.5748037813538235,-0.2399289990925677
1911,0.7234335984744902,-0.14561699935684974
1912,-0.03325971042428319,0.018027777184056223
1913,0.03728601585765425,0.16773135732144695
1914,1.1075796372985496,0.20548208552778188
1915,-0.5217596361590966,0.37023106049664734
1916,0.5502632359018191,0.38920853048576326
1917,0.19580895204157825,0.3369085265296955
1918,-0.055345297661464905,0.3114767483782746
1919,-0.6470735089751919,0.26635833601737985
1920,-1.0773279542390954,0.064526286513729
1921,0.46951808828428226,-0.1827281048823661
1922,0.6040047552261105,-0.14165622158721564
1923,0.7727216883341931,-0.019610863921793648
1924,-0.1430353280996102,0.03213970059045221
1925,0.22960309554706496,0.24529598759347324
1926,0.11111859455965827,0.20990548922437405
1927,0.3717251947757038,0.2401086480316304
1928,-0.13346559493976057,0.30826029882637346
1929,1.2141860834565181,0.3366223389501703
1930,-0.42031290888376815,0.3961656379440768
1931,-1.1896501138545703,0.2928131874450919
1932,-0.07521358947639112,0.15224619856526478
1933,-0.3097367628523889,-0.06532951284627103
1934,1.9177514069198947,-0.09437071039351737
1935,-0.5513106823675326,-0.028965147960215196
1936,-0.9537070654323129,0.2045248776102171
1937,1.1360164405171576,0.06548467053589464
1938,1.7704084781353515,0.13001259035118562
1939,2.04743656623963,0.5310494704642308
1940,-0.6091001631352931,0.8413144315434601
1941,-0.7600756964636532,0.855953892558843
1942,2.6335844710801894,0.8729256544471597
1943,-0.19510690681132306,0.9055188696528312
1944,-1.1524140140116839,0.8811314265388872
1945,0.6413319648824685,0.5312006895225678
1946,-2.15644039848809,0.30087448421792273
1947,-1.8974907668479224,-0.16437289135686223
1948,-0.34093048911875046,-0.7057316795680039
1949,0.47622717020901745,-0.9589428804287993
1950,-0.11104473205650658,-0.9238508526256434
1951,0.27113534317614296,-0.6535657126410314
1952,1.0160960782712267,-0.34829653261339805
1953,1.57166816711727,-0.044644259779439754
1954,-0.8040112151612415,0.193679085892571
1955,-0.7266824929191221,0.39986126381893017
1956,0.2515255259368689,0.24886276989845038
1957,-0.47258490930798774,0.1284800431898261
1958,-0.7950769058615029,-0.08823802694673717
1959,-0.22384505241332633,-0.1336643674939792
1960,-1.0693084811099656,-0.29817466962661665
1961,0.11953554949832791,-0.4994760620415016
1962,0.7300381179515741,-0.4653725075994641
1963,-0.17544034956871,-0.36177124316106984
1964,-0.571478930672214,-0.27101905762167167
1965,-1.281401768791962,-0.2812377464072393
1966,-0.8310084536950891,-0.47726422701359233
1967,-0.8910021150991349,-0.6723188528026688
1968,1.5262949187268475,-0.7418633450120188
1969,1.959971746696293,-0.44738369695144514
1970,-0.335600483760116,0.01911937234873124
1971,0.2797982887441883,0.34350371721705725
1972,2.097115905179057,0.44361645054647386
1973,-0.8287536897495041,0.7217714660701667
1974,2.1399003025308447,0.8069016346605249
1975,-0.40920943517855585,0.8605936286570103
1976,-0.735254650581328,0.8256182437198598
1977,2.2105198203924132,0.7513164882408856
1978,-0.41764387364798383,0.7160998138053611
1979,0.42069238931029046,0.7577342884181334
1980,0.9533166466256748,0.6691399266760727
1981,0.12051789604808616,0.6588638293756444
1982,-0.8678163620521672,0.47490967744276147
1983,-0.3627933289141615,0.36929851975807376
1984,0.8351091475499229,0.22943043223453763
1985,1.5165970322466675,0.2550725996152035
1986,0.7272534285242258,0.3908728447821778
1987,-1.42873320572867,0.5288485102295281
1988,0.5711057235737742,0.4449272932919464
1989,-0.4701082951110473,0.25526341957872756
1990,1.367722396566169,0.12575470425963187
1991,0.95831448048994,0.35439228815876717
1992,-0.4316322513846276,0.45992879777819273
1993,-0.8911697351426837,0.3468210297395925
1994,-0.5065430875240869,0.13380289527831724
1995,0.2436824376797627,-0.03318499686527944
1996,0.6942099019849343,-0.04188799482441173
1997,-0.7408466297906634,-0.09259936792407668
1998,0.022859462452292992,-0.04795821372544658
1999,1.4702307364563323,-0.08356251590487512
2000,1.4267869697216597,0.23975059431840823
2001,-0.6164694080096197,0.5086323725518017
2002,1.6650990136705641,0.6743091735014622
2003,1.1643188042199974,0.7523766075916025
2004,0.39544508601183503,1.0562400516202461
2005,0.9028642373283271,0.9889850680367751
2006,-0.7915335117031722,0.9763942003536518
2007,0.2526787719357102,0.7934695801769006
2008,0.47450325637067003,0.5129814563335148
2009,0.6870112355304953,0.4612300852740001
2010,-0.7902084802191536,0.3596336085452448
2011,1.2109018041561346,0.3283976530124255
2012,0.11343152481002862,0.4211269412089478
2013,-0.9375371517681725,0.3569077302428493
2014,1.699231403227469,0.2760410100671817
2015,1.4483610385169754,0.3795217306308383
2016,0.12997978481678943,0.6862767408938221
2017,-0.5141233457574828,0.698238630549722
2018,0.41082282752099397,0.511160175438938
2019,-1.0832600687164702,0.43143018635492214
2020,-1.9274613380996948,0.11477977370673835
2021,1.8492260468983772,-0.29107126426662816
2022,2.7454875393534817,-0.02824885828911468
2023,0.6987545466033278,0.4132734899647413
2024,0.3848854146266599,0.6607306035601834
2025,-0.6470164323138636,0.803494941163465
2026,-1.1179462454381843,0.6405270645997307
2027,-0.9564176685120037,0.3340874978468695
2028,0.7309502463964986,-0.043346818145065906
2029,-0.0352639135161035,-0.1456806503507384
2030,-0.06265615067373152,-0.1404573657680049
2031,0.7783885774788635,-0.13336812403532766
2032,-0.28325962075022515,0.015127524075152849
2033,0.9814799346480466,0.08496841466323213
2034,-2.507969164390369,0.08573366579095244
2035,-0.06940498570979696,-0.12059138925163648
2036,1.007462725815372,-0.33569443924931425
2037,1.7735062691752914,-0.1263772302875522
2038,0.6577853416904531,0.1862348031090965
2039,0.9587883479561954,0.5088962435182506
2040,-2.3981363594870344,0.5889024065801197
2041,0.4956140627261682,0.42054788194167164
2042,0.06803423144516184,0.19955845103854053
2043,-1.0428244443929224,0.03579031282076949
2044,0.03212492317627259,-0.15772522132260577
2045,0.04587823054297941,-0.28485606852848816
2046,-0.34276239922326746,-0.2347364713798703
2047,0.57173597397841,-0.31954694636475717
2048,1.3699779163654036,-0.10818737837048738
2049,0.6920134935060319,0.2010388795342155
2050,0.645552110517196,0.5311071341543221
2051,-0.8758425260560164,0.5322913336116905
2052,0.43346280435199036,0.4291048552163496
2053,0.1727269576605482,0.3703116273264405
2054,0.3790645518810221,0.3767475728721451
2055,1.1022740722956619,0.3683239422175909
2056,0.18555164192441542,0.4976219138824672
2057,-0.8831910619762701,0.4616531727399665
2058,0.6782651691240575,0.36393009318979774
2059,-0.612728672261338,0.21109804509498278
2060,-0.2279993677666644,0.14174641409627864
2061,-0.3021041354006526,-0.11665873041977547
2062,-0.011185715118628915,-0.18145604308887822
2063,-2.4326016125523946,-0.250952202218855
2064,-0.8810699976864742,-0.6288223566073433
2065,-0.08143562017731651,-0.9019860271355812
2066,-0.06594918837816166,-0.9377933321272329
2067,-0.2474043764558822,-0.8683819652947681
2068,0.07242884031567558,-0.736935154916223
2069,0.27380263869627225,-0.4455231699086189
2070,-1.0095834388208391,-0.4197830002091422
2071,1.4041774639923434,-0.2586718357023492
2072,-0.22649315212800447,-0.040808600303318274
2073,0.07902668337593975,0.007116373852436672
2074,-0.23008685334665643,0.012740004117380466
2075,-1.3328256275484276,0.026995203455021297
2076,-1.3147619582671664,-0.25297103212637795
2077,-0.22456200518584704,-0.5772245141875127
2078,1.470032308896368,-0.6191004837537242
2079,-1.0441761091193384,-0.4662526896023436
2080,0.21690836231793412,-0.32182576633675447
2081,-1.1137497461597847,-0.37923777634617484
2082,0.026401396901408077,-0.3399365609571107
2083,-1.0419701899461855,-0.41073939374173224
2084,-1.258701940792989,-0.6125162984817808
2085,-1.20946990560253,-0.7894875782949033
2086,-0.8121000651138286,-1.0257656750028712
2087,-0.1596691544813134,-1.0691281481504114
2088,-0.4671144064235754,-1.0315393098644585
2089,-0.857210120702301,-0.8648111262155728
2090,0.3954062519386711,-0.8987516920585648
2091,0.3712140327580825,-0.7252518416553273
2092,-0.20579951325045215,-0.45437054447356795
2093,0.5848269026450413,-0.27198586328149577
2094,-0.16337398271828393,-0.10102344449718913
2095,-1.2132793586206427,-0.022021929772581855
2096,1.0535588485824967,-0.08311644470791174
2097,-0.3353045992774534,-0.011013742006577662
2098,-0.45262651114644414,0.02386665311513371
2099,1.8993221420653923,-0.031829730192977815
2100,-1.4952360524786101,0.08688442667644317
2101,-0.9327238061259361,0.11574659527045367
2102,-0.8263098513536875,-0.15661081633660534
2103,1.049760617725048,-0.39201033211225106
2104,0.7411443796324625,-0.27733226560105756
2105,0.6649500792469548,-0.051560422695056674
2106,-0.7069580405678467,0.12748654110316696
2107,-0.6425679518163825,0.11275909130406837
2108,-1.0667715082095202,-0.0899878837262233
2109,0.7705377291240192,-0.17472188263343855
2110,-0.9336568702221344,-0.2999469071695268
2111,-0.6111085474164303,-0.3313699271264685
2112,-1.5037550149305423,-0.6150376097434939
2113,0.4554479655419077,-0.5938012092231353
2114,-0.3043296898410252,-0.6973782379119537
2115,1.4986901207726642,-0.5065447195567957
2116,0.5036499565764118,-0.22939627799589227
2117,-0.8725261621983263,0.021290762648040307
2118,-1.61079533917165,0.009419805568929107
2119,-1.3580206638332648,-0.2380274250804187
2120,0.051128152306573894,-0.588537490408082
2121,-0.4414758654738622,-0.6834879535612743
2122,-0.465632553320015,-0.6741913034468189
2123,0.0786595356486916,-0.7355285875111357
2124,-1.5373841624954008,-0.7015736272777284
2125,-1.5355855895561068,-0.8839222121398458
2126,-0.7423650351075608,-1.0082972027648027
2127,-0.6195600261612825,-1.0530263711314745
2128,-1.5347100953791941,-1.1939193922492826
2129,1.1218057403892472,-1.1459074082136502
2130,-0.5210720442248791,-0.9687032773545811
2131,-1.7697808314257524,-0.8095909406855597
2132,0.07803273460146568,-0.8066213187696019
2133,0.7263732596176804,-0.775254642400855
2134,2.313152621903144,-0.40020476046268555
2135,-0.5285512593542073,-0.10821377079117159
2136,0.06679267481964166,0.29117883490411667
2137,-1.0862970585420701,0.2935533979107774
2138,-0.9583724178103871,0.04178962417739289
2139,-2.3940095667570285,-0.32041675898095706
2140,-0.48132070726517234,-0.7385064639540433
2141,0.11581555922864581,-0.9899746009043681
2142,-1.7131210010203808,-1.0333821936889893
2143,0.7986148857604927,-1.1872779981540047
2144,2.9581282842323877,-0.7477908278240861
2145,-2.0425960392870905,-0.22253964728981282
2146,0.06549946660422684,-0.030830514791187535
2147,-0.6430103176900049,-0.04721313715237468
2148,-0.18371172009212586,-0.19249750427490037
2149,-0.3296839723869647,-0.21791284774496025
2150,1.6681936570558318,-0.18883181236386332
2151,0.3010203974710545,0.006019049407323288
2152,0.32298042128796395,0.2031044571210557
2153,1.473731391323707,0.4158410471696982
2154,-0.19210809334157972,0.55720565005255
2155,1.6990142600421925,0.6672343836299119
2156,-0.8800768840480462,0.8035474806107928
2157,-0.7901909614425102,0.6398010003129557
2158,0.21547132567560057,0.42726624165332544
2159,-0.22670662527243107,0.19055320133734813
2160,-0.15015478393687318,0.0981385122044483
2161,-0.4102167275472467,-0.06998494612703224
2162,-1.8958114360827727,-0.15160706866725107
2163,0.5212670406132106,-0.550764771396494
2164,-0.3895236660167233,-0.5966980368527715
2165,0.2294301761710231,-0.5539713074114854
2166,-0.4240303700565099,-0.5440686135330618
2167,0.18709444958174523,-0.3905782567723306
2168,-1.7189251321315384,-0.45025921523814233
2169,-0.7323870792327745,-0.44736431784959774
2170,-0.581302511050325,-0.5547046463628611
2171,-0.13727212561835786,-0.7487656928405371
2172,1.0402517110290317,-0.6942857334708427
2173,0.5144918336319179,-0.4560565895763316
2174,1.4820395179605723,-0.09164161239470059
2175,1.4659973536933086,0.38854560553206746
2176,-0.20530955430253864,0.666619970016462
2177,1.172431410545758,0.9218015636203253
2178,0.5739330759041061,0.9526916761292761
2179,-1.8330266121308274,0.8253646314425925
2180,-0.2556256828397872,0.5159256119375664
2181,1.3979136588964753,0.3156127436205045
2182,1.777993070974143,0.34425915316552064
2183,-0.2818898104266213,0.5387787646301937
2184,-0.7492471718804169,0.5342127726465664
2185,0.4466393541245772,0.4966429612013254
2186,-0.04478987470316955,0.26763440215355716
2187,-0.34365297426380226,0.08516101295545092
2188,0.23872890436426247,0.1045037119497433
2189,-1.697712032694584,-0.05104752450870416
2190,0.5843776483987607,-0.2819382733433426
2191,0.9922713801824569,-0.19251853474325437
2192,-0.21871089357139686,-0.06767544989432603
2193,-0.9104864644042451,-0.0012035520746276201
2194,0.1721438651704616,-0.15714712849435697
2195,0.49640657603520233,-0.15416329083303856
2196,-0.4348466767108566,-0.05547156196875612
2197,0.2068541383213496,0.04110711534432859
2198,-1.2283014954449532,-0.08575085179105386
2199,-2.2421922546322404,-0.3631969828408094
2200,0.5732511907958805,-0.5977861504806776
2201,0.07561502360261094,-0.7033141523402902
2202,0.24860126430600546,-0.5923899603149885
2203,-2.2243756493684375,-0.6205660498651421
2204,-0.7512500077675776,-0.6986429507220064
2205,0.4887694848558429,-0.812163279134406
2206,-1.669404423456632,-0.7306025764839004
2207,-0.7547731921720915,-0.8127166835167244
2208,-1.5831556067531338,-1.0570905336210268
2209,0.5024375990421156,-1.0540653159524969
2210,0.08830107535284047,-1.127425792454024
2211,1.0344876072840603,-0.6086203796222219
2212,-1.990524893860829,-0.4759612573837067
2213,-0.3735963727302616,-0.40794278944908624
2214,-0.9568469641577186,-0.6105036796023598
2215,1.6527405399818365,-0.4930333956750412
2216,0.007461726150580541,-0.28904109250171467
2217,-0.2495055486871557,-0.14349828667898754
2218,-0.49050754182675804,-0.0568382767717852
2219,-1.0740038277593464,-0.17548479313926468
2220,-1.1282788541364588,-0.4289671387568954
2221,-0.5853546227157752,-0.499033568803829
2222,0.17328079816120148,-0.66689463261676
2223,-1.0688911011602151,-0.7036814883960476
2224,1.2370691672560081,-0.6416016375067521
2225,0.1471654113202784,-0.4963257707416245
2226,-0.07809968385848325,-0.27594757296529066
2227,0.6894169642374596,-0.08502487913462473
2228,-0.113782234233791,0.09672429388535603
2229,-1.2254244736700228,0.13632597594595708
2230,2.0923337021625055,0.026459344720382263
2231,-3.1353313134079506,0.02105450265533793
2232,-0.13402640234286117,-0.29378073192821486
2233,0.5268760590868873,-0.37919713750019796
2234,0.14216633550434307,-0.36801797450032625
2235,-1.25642905080669,-0.3343733572392534
2236,-0.6064639778860128,-0.3764682631829727
2237,-0.7156012169776441,-0.6332371854269797
2238,-0.35020847262720656,-0.6464228355476562
2239,-0.4576728987334749,-0.640297918570936
2240,0.6550275481467416,-0.6359829992495794
2241,-0.44662679222304114,-0.49422807037408256
2242,-1.1180864569533113,-0.42063776657116364
2243,0.37937245030351807,-0.4323736207479861
2244,0.48535067214188493,-0.3009836717621651
2245,1.3512566565986015,-0.18519490919540862
2246,-1.4461705996327274,-0.0016991225480712663
2247,-0.5933268473817624,0.019198529224862967
2248,-1.1064322094444206,-0.2148470542735058
2249,-0.11763963232803788,-0.4322110378966477
2250,-0.8163438105896279,-0.4921459756163667
2251,0.7582516428426217,-0.6398988366870338
2252,-0.0763622035668679,-0.5023467910156988
2253,-0.6046811542047538,-0.42279363803562586
2254,0.5246340120882864,-0.31238543946319614
2255,-0.016141594836259873,-0.21658811226717356
2256,0.5745960035410813,-0.07861266624308125
2257,2.166839637360045,0.21045538262367042
2258,-0.756811854409368,0.42517592027787005
2259,-0.6233667839343865,0.464026243983504
2260,-1.099204200243976,0.32337247855382406
2261,0.6990807501672628,0.07744810570384285
2262,0.4269828173534158,-0.025125937965615942
2263,0.0844356349717631,0.03197267712260901
2264,0.4656114368089745,0.2089959291359207
2265,-0.9077399860205667,0.047262933137795546
2266,0.8166020870082921,0.10701382678632526
2267,-0.26318642604453013,0.13323736849757503
2268,0.6733120240146222,0.13814958994439286
2269,-0.5692337185890444,0.10699097311851864
2270,0.17541773149572343,0.16400520949186842
2271,-0.7370663397937173,0.06917030216384673
2272,0.705997287185947,-0.060197217133124314
2273,0.42237414507587606,0.10195725824971222
2274,-0.042344273162268034,0.0696829289704712
2275,0.3474516759660093,0.13601411617163542
2276,-0.3519892185542974,0.23153593960984253
2277,-0.7188398815457304,0.11069323935036832
2278,1.3521065055738055,0.008710086674959944
2279,0.9196513404995578,0.18605818086727546
2280,0.8248458131826678,0.43333292862133227
2281,0.15944208190858786,0.6437770735954966
2282,0.7823320037896171,0.6866793613611253
2283,2.5574387465206887,0.8002165737932373
2284,-2.2023497750477934,0.9707774682937604
2285,0.6047857020328381,0.7979782462260101
2286,1.0135768677850145,0.621145006364526
2287,-0.5210751505709176,0.5427940992461908
2288,-0.02708458823432727,0.40983230067904947
2289,0.125795166239343,0.2538290462498056
2290,1.5338532420272066,0.2820234542155945
2291,-0.43958627762550445,0.3629200732896501
2292,-0.1885093828626165,0.3421859445585288
2293,1.3460211097740427,0.3196319417266392
2294,0.24307353109924268,0.44144554511680834
2295,-0.8764209923610474,0.4201782797459499
2296,-1.222377279571617,0.2674117239344256
2297,2.0390043632017947,0.03461910941252948
2298,0.40976591015044467,0.06361167679831499
2299,0.8260503863518759,0.2253329826050429
2300,0.024648015186168,0.4521158604435045
2301,0.21297760364559892,0.5459498882619489
2302,-1.448663182006317,0.4002052725427809
2303,1.2687313261136266,0.1848785252918291
2304,-1.315299282428607,0.1631851238661781
2305,-1.2911660320539922,-0.17988588748463746
2306,-0.9734907449375675,-0.4253686555213322
2307,0.664128074809355,-0.7111177664558767
2308,-0.3810300342095766,-0.6789428167473834
2309,1.6156619386751447,-0.4453670245400665
2310,-1.2629103698553443,-0.29108592088354124
2311,1.167622108240787,-0.0933648421192094
2312,-0.1936932125073899,-0.014228592193838936
2313,-0.7779720818451716,0.08395432341407705
2314,0.04577801014337816,0.08359595840105202
2315,0.661567918696051,-0.005556307656171041
2316,-0.4131132942225923,0.0648742278626619
2317,1.0458761608557452,-0.010593541138578313
2318,0.32639436679113526,0.21305233948755442
2319,0.31787092001589784,0.3864610242501324
2320,-1.1854653441057568,0.28541319445875757
2321,-0.5659079777893449,0.13473861034667586
2322,-1.3089995615441943,-0.13236998027076735
2323,-0.3965544461604392,-0.40708606244703216
2324,0.6845962341694541,-0.5518134586849256
2325,1.1880427710869788,-0.4373053754496875
2326,-1.3890771899145782,-0.15435392056262726
2327,-1.8080451703517246,-0.29120458622582857
2328,0.3406879260430673,-0.4566468474010121
2329,-0.23780229028172103,-0.5848806036608644
2330,-1.0785559408124403,-0.62684101576298
2331,0.7744100497604955,-0.5472256140882208
2332,-0.7294491071328555,-0.420129437186663
2333,-0.7275503536672138,-0.5836223477157432
2334,-0.32281268196924434,-0.43847430701690027
2335,-0.28028609112563485,-0.4301306114151017
2336,1.4294303930393109,-0.3794974347103882
2337,0.10290297144552088,-0.2088278452687573
2338,0.6324902610162211,0.0486011570666175
2339,-0.6668726245947117,0.1792987919458204
2340,-1.405867984647409,0.1425020849451264
2341,1.5502876907542122,-0.01637540156717506
2342,1.8130612966639665,0.07724941361517208
2343,-0.5390223239241254,0.32417136413443315
2344,-1.3968724700063557,0.43792487128666074
2345,-1.5902605135272774,0.10113057256499904
2346,-0.7772041499143469,-0.22358160290512497
2347,-1.8926075986879087,-0.7576885111234108
2348,1.5113224171644848,-0.9331428839592528
2349,-1.76992361345098,-0.8996935789034082
2350,0.522443446544838,-0.8535238854872849
2351,-0.22593381555804012,-0.6901363332229971
2352,-1.4239323091749385,-0.6152934571178679
2353,-0.3589006164834584,-0.6744326744591138
2354,0.8989643710290945,-0.7193465858786043
2355,-0.845578034391632,-0.5775797472516879
2356,0.3235763048675802,-0.4532771940373504
2357,-1.504356809109067,-0.398469773903741
2358,-0.5031417665951917,-0.4436378618807067
2359,-0.4878021377741769,-0.5307059321043387
2360,-0.2633600500105579,-0.6193452202762729
2361,1.7082417050798107,-0.5008990079802992
2362,-0.6917957936134037,-0.23712396568045935
2363,-0.7779099525158616,-0.1878165549494245
2364,-0.38847964157279474,-0.24589060003350527
2365,-0.8691813616642537,-0.38498942592490726
2366,0.27864675856565957,-0.3746409116143753
2367,1.4785237677789909,-0.3161616151362575
2368,3.4949872714060732,0.11688312292593438
2369,1.1150922483813002,0.7059486751171244
2370,-0.5220324229439728,1.2169630589140266
2371,1.8240150523766352,1.4035871022927575
2372,-1.787384338445778,1.1806868027098931
2373,2.364827986793308,1.0136059226361938
2374,-0.9054491459139715,0.8926928029275654
2375,-0.45825129277200244,0.6403147885311353
2376,-0.6668288133254562,0.3532038868341935
2377,0.6633883633360992,0.15376255989109322
2378,-0.7308639373593291,6.666487785421827e-05
2379,0.34866525888508565,-0.1057221614374474
2380,0.5107744749217832,-0.18776405348376718
2381,-0.21215815985471842,-0.09013329738492486
2382,0.37575363735984546,-0.041756433784022794
2383,-0.3378333748120771,0.09804366032821923
2384,2.260847328483346,0.2031174066409181
2385,1.0215133197357693,0.42704563319175026
2386,0.3903656626743446,0.7808781349185656
2387,-1.3335878477337204,0.8192682283781484
2388,0.4418379549545391,0.5455808670309779
2389,-1.1081941889613198,0.40098971074284495
2390,-0.7963947016580998,0.0927093644786042
2391,1.4429107017066567,-0.15934378755898085
2392,0.05379268107397592,-0.07713135373877131
2393,-1.1470749999943575,-0.08278901716468029
2394,1.092527849466317,-0.10987964181718954
2395,2.2300319759272216,0.052735936307554396
2396,-1.4536296686235213,0.31797274928843916
2397,-0.5689353705558109,0.3194826343940427
2398,-0.2438124684477677,0.15922343067988803
2399,0.5598087605837212,-0.0007532489179654725
2400,-0.5184755042789434,0.03188652234670264
2401,-0.7243943175515503,-0.08724294449530953
2402,-0.8321036801628192,-0.31534953735081656
2403,0.807232844247692,-0.36205677265948344
2404,-0.7099015434174848,-0.4134548092616491
2405,0.5240202275061212,-0.2914543210156095
2406,-1.085674964316731,-0.30645027966163846
2407,-0.114615089019696,-0.33841062000162303
2408,-1.615051198635283,-0.45731620584582333
2409,-1.0064686779607888,-0.6743200970094722
2410,-0.04128340408499657,-0.8702682803842657
2411,-0.06028476655121824,-0.8491903617235913
2412,-0.5522053100523667,-0.7473049956243735
2413,1.2758271335060616,-0.6631171520979511
2414,1.323660850791534,-0.29487939564266
2415,-0.20120878007626053,0.09973767819358641
2416,-1.174193424768256,0.21353412725966148
2417,-0.9188619740137784,0.08361543947833187
2418,-0.7320549730727076,-0.14741777516602012
2419,0.01234624606701328,-0.3399618609412461
2420,0.3801107273607588,-0.4485079033942559
2421,1.1090166602179221,-0.3757269585369326
2422,0.6198061763017738,-0.07033418784068421
2423,1.4672621760002322,0.18416058750259784
2424,-0.2411524324042571,0.5480827786639522
2425,-1.749635733717331,0.5406766904168048
2426,-0.5401994843773984,0.13791464981288076
2427,0.5826278645361026,0.01356700840955729
2428,1.5181743544408361,-0.10980395853851743
2429,-0.011014425794340199,0.08845475073993107
2430,0.9558442473451356,0.3155050074188013
2431,0.2917327309342393,0.3735428522346577
2432,2.075719439475967,0.6208824636367368
2433,-2.764617230676743,0.7382200103959106
2434,-0.8656276926101354,0.49306513817967473
2435,-0.2769534934024651,-0.06082975798034895
2436,0.6703128147927938,-0.19002673408997847
2437,-0.1796386780409988,-0.2642179092521843
2438,-0.7307071125929381,-0.2943799672717228
2439,-0.1743990086718257,-0.3505431858417927
2440,0.27796440412008444,-0.31039397171760125
2441,-0.4105024105395443,-0.2287699502404309
2442,-1.578710770621967,-0.4133768875113784
2443,-0.6534374881812689,-0.43659620734454707
2444,-0.9798397841587067,-0.5964979227921317
2445,0.7736118836260205,-0.7576156954452345
2446,-0.7546061617077922,-0.7285691261866782
2447,0.18094748304150127,-0.5394490300741286
2448,0.21637762426354773,-0.42622327222555717
2449,-0.5447803117546167,-0.34323925097905766
2450,0.25015403383818335,-0.1764241088438252
2451,0.3320219069211183,-0.25226170849900387
2452,2.244668216304941,-0.008128717946811567
2453,-0.9231915853608499,0.41372621361204664
2454,-0.03137457325254394,0.38489480156545935
2455,0.7637400386895825,0.4477999929223141
2456,-0.5020493188633306,0.3047691231839553
2457,-0.6331892836819645,0.26599531516208696
2458,-0.319966898696188,0.08539607681070323
2459,0.9958605366468306,-0.0679419160892287
2460,2.9621481333429287,0.11651799592176447
2461,-0.8863570272891766,0.46219029036602244
2462,-2.082768820058176,0.6478346501154915
2463,0.40677842806168085,0.273676280516383
2464,-1.1206100459833745,0.008293682311030524
2465,-1.5861717750125321,-0.2839107626440182
2466,-1.2344191160433438,-0.6825554636044951
2467,-2.260799500361576,-1.173144356111325
2468,1.74371956108071,-1.3389688013690624
2469,1.570210145881926,-1.0200517861678366
2470,1.214868562882184,-0.5174402607718371
2471,0.9449445497747163,0.1482486694472332
2472,0.24474986081359443,0.4944043450252222
2473,-0.6519889500007167,0.6812754526312714
2474,-1.2485374566649876,0.5560053999531858
2475,0.3758304547305503,0.23878938346998116
2476,2.205767660492768,0.11199965034134507
2477,1.9496619276390477,0.457390921539308
2478,-0.22126941142632411,0.7436371673072576
2479,1.0738555061020052,0.9457101506017377
2480,-0.1688014680231326,0.971142192500904
2481,1.1457982481906193,0.9447260836846261
2482,-0.2222706703987163,0.8273388369282085
2483,-1.0852587520328965,0.665008158184397
2484,-1.4825644818316712,0.30798248108720033
2485,0.3770606242296531,-0.1066669859903699
2486,0.5969071050132627,-0.25039981405645784
2487,-0.13088642974091239,-0.3048575242753403
2488,-1.3656575443087435,-0.22791361946089173
2489,-1.4004162434560863,-0.3991952691875724
2490,-1.1469939673816243,-0.7676271469683321
2491,1.4281262525235607,-0.7973819643076914
2492,-2.3587215393744088,-0.8986716415979021
2493,-0.4998758257078687,-0.8260294170658011
2494,-0.5716205937560996,-0.9188031225751946
2495,-0.19355350418478004,-0.9485895002635751
2496,-1.1633822696860523,-0.9958617830499045
2497,0.8339519091135699,-0.7439619729551122
2498,0.032971170838172026,-0.5948242482218314
2499,-0.5687124905866349,-0.4327118108613995
2500,-0.2571082158565078,-0.32526348263717497
2501,-0.27310489571922525,-0.3903946971837682
2502,0.03351256583130011,-0.2632638875100904
2503,-0.8760859397609002,-0.2818460073039109
2504,-1.847895079568329,-0.3444471677645562
2505,-0.8370740850303604,-0.7099869503157922
2506,0.48745288426283234,-0.8918826423799417
2507,-0.6586485181442253,-0.9029480065457796
2508,-1.1312907816322366,-0.7794224272709778
2509,1.1391271572399386,-0.7680082231775686
2510,-1.3535393790343277,-0.6503976922332745
2511,0.9500616440116301,-0.569620657262075
2512,-2.394287338566359,-0.5013196352898734
2513,0.45773507046192907,-0.47866056043282834
2514,2.239700097742055,-0.46861533688223184
2515,1.0678768626799076,-0.04552405643809153
2516,-0.6683664361202674,0.3062762909931872
2517,-0.020267185958076462,0.39916869026272694
2518,0.5211719865570618,0.43864645441002087
2519,0.7431054268360495,0.45154585466845454
2520,0.12322557876447865,0.46175826402309367
2521,-2.3624240960142657,0.3869542453298016
2522,0.405344889611448,-0.007336623108617338
2523,-0.0033584873899560443,-0.12197533844176663
2524,-0.8181903321653632,-0.29179857408138643
2525,-0.2531204279315605,-0.36901496446247567
2526,-0.9017136117022444,-0.5148128752202072
2527,2.2124576113313883,-0.4365361682921269
2528,-0.954756757306219,-0.2766234605143318
2529,1.6608359079031096,0.03623705085817473
2530,3.0324850464748363,0.33590604104722693
2531,0.062222456959423175,0.8772158148175898
2532,1.226520413881373,1.1605311445609718
2533,-1.2137289052988423,1.2165341980247597
2534,2.264302878485852,1.0501324532420124
2535,-0.22290480867780144,1.004080969208519
2536,0.31077916178776377,0.9792126876699669
2537,0.3470717823569433,0.8305109662412452
2538,-1.8084195733724118,0.6091367739129846
2539,-0.5623705897185994,0.3302253218592048
2540,1.2259655264758136,-0.10808236155625174
2541,0.235792703596944,-0.19897539210448836
2542,0.7976807574791915,-0.03195284788973654
2543,-1.3912270875236779,0.12945114639779806
2544,-1.3273538011261405,-0.005003565127987126
2545,0.4481899824947224,-0.38794958829536175
2546,0.056990119606452144,-0.40362045141220937
2547,-0.3603472895630094,-0.3062452191273686
2548,-0.23141584774598706,-0.25605444995528376
2549,-0.7687319023403171,-0.3969884966892765
2550,0.7868566987508129,-0.3138370466976969
2551,-0.6043568781897019,-0.33268950975691614
2552,0.1072068420898422,-0.21697775550987033
2553,0.024393070265690937,-0.17786940462617642
2554,-0.28919011924835664,-0.10271430505628124
2555,0.5913065995555391,-0.09094735003406704
2556,-0.8414326415311768,-0.08062971990394925
2557,-0.16992885340429215,-0.15131917645802292
2558,1.0981180558335442,-0.12514087361142637
2559,-0.2208114780773066,-0.03505162985798011
2560,1.8306902962369038,0.2468272316777443
2561,-0.9509259543154525,0.38653749614195626
2562,-0.24046806093720155,0.24081035389908628
2563,-0.41215047163722385,0.20266582178988488
2564,-0.5362357873096358,0.04541785547067245
2565,0.8363463095307663,-0.15511422129608754
2566,-1.4316582207046347,-0.07868383820502753
2567,-0.899967866617334,-0.19670602367399428
2568,1.7794709906066215,-0.37755028825275444
2569,0.023835267083979133,-0.26329012922751455
2570,1.8290925228139276,0.046919231360295806
2571,-1.0116009751491717,0.4237291468539729
2572,1.6445384705177128,0.5277526449060523
2573,-0.17641061924107604,0.5065731428373764
2574,0.00453832310954392,0.6094169466900915
2575,1.1750041821116286,0.545259237620415
2576,-0.14856884305354734,0.5960326480351393
2577,-1.3269135448204452,0.5797504822522699
2578,0.5889624115047233,0.18278547357014158
2579,-1.483506983049112,0.06330399975132725
2580,-0.061631985726161964,-0.17227688878184885
2581,0.4890174503628238,-0.301935991875616
2582,0.4805792082229831,-0.3592779020980714
2583,-0.5742932363914238,-0.08374044066629549
2584,0.6257016963894836,-0.013001871907529022
2585,0.00560208431228765,0.01382922362241814
2586,0.2338245425103355,0.09064417742794993
2587,-1.0060238210977115,0.06638225853826821
2588,-0.840260190429098,-0.022498044034182242
2589,-2.0569601888445095,-0.3356889169259151
2590,-0.6049469142041942,-0.6944083875717588
2591,-0.7362714566845316,-0.9485799248675597
2592,1.2694744855891809,-0.8974279027367162
2593,0.5103171425173727,-0.7896155452200745
2594,-0.43292561410432767,-0.4377157286168509
2595,-1.6809333522206977,-0.2361928144973576
2596,0.8656377532495616,-0.4178018692338522
2597,-1.4904282131769888,-0.40777401784112266
2598,-0.08428936837913349,-0.4474019076582141
2599,0.47055930793641215,-0.5999034769435133
2600,0.12125061309679505,-0.40879096682788135
2601,-1.5327443126029336,-0.3363179983342689
2602,-1.3581031645759007,-0.4088136712417237
2603,-1.7463545813560155,-0.7303803053752108
2604,-0.28308106908273856,-0.9298194784304027
2605,0.7595038478437134,-1.0763538565557311
2606,0.0016706200080028881,-0.8924736626416572
2607,0.43808435535490264,-0.6509727027282605
2608,1.3919860047623624,-0.31108146433171324
2609,-0.06259748638612242,0.04600556157316811
2610,-0.3304429145509338,0.23295653865101107
2611,-0.4199611450218142,0.22909529279347546
2612,-0.6766173973587157,0.17657425818739314
2613,-0.6417762492601071,-0.11265768911009674
2614,-0.9131756767947096,-0.3106111115497296
2615,0.30586015005314565,-0.5129696756946559
2616,-1.1659943734176004,-0.6004898835281607
2617,-0.2853466531598293,-0.5552165295871138
2618,0.855656520029339,-0.5787175719362321
2619,0.4068738799150898,-0.39310683259617296
2620,1.5801393191512074,-0.11348310257373077
2621,-1.1094228574793925,0.17838035974568345
2622,-0.06204963367408333,0.2918589048163851
2623,-1.3279908726801157,0.12362742320391004
2624,-0.6148917015635776,-0.11537656223871615
2625,0.9372753576574455,-0.24926811440083785
2626,-0.8520291999068372,-0.3046370689753812
2627,-0.36097339575649756,-0.26385489845960886
2628,0.648714970707553,-0.3735777172021718
2629,0.3363759249836833,-0.17957927098703544
2630,-2.1241470662588733,-0.1590619686288116
2631,-0.7567645884361273,-0.357876795791295
2632,1.1894102222245362,-0.539935412093806
2633,1.588104033532384,-0.2654246496120089
2634,0.2882370446844644,-0.014233214641468725
2635,1.9664967894055418,0.336579369279698
2636,0.665056575444089,0.7465159624234762
2637,0.08654489327571459,0.9853660494429884
2638,-0.6290780536408502,0.8694962391437313
2639,-0.2066831251387952,0.711754020905254
2640,-0.12756950142164128,0.4656171937797528
2641,-1.73312324188019,0.15307141452919917
2642,-0.3249318997331584,-0.23507816661759867
2643,0.022617736376357073,-0.5210790164138698
2644,0.10782778601752328,-0.49408297620317476
2645,-0.5534350846824645,-0.4203000331072122
2646,2.0336451625155862,-0.28342362152869677
2647,-1.6573642400901474,-0.043137532779650684
2648,-1.1711354548476487,-0.127572968467919
2649,2.9299976953496656,-0.11082507931824728
2650,-0.5126382468638583,-0.002213177008093571
2651,0.37913602792270945,0.23345392708608495
2652,-0.4750526429041171,0.34667014141948316
2653,-0.9766336904811305,0.24118621210132715
2654,-0.6694126473163284,-0.010231884613585863
2655,-0.5952808659820662,-0.342401039086467
2656,-1.7285084416314962,-0.5036405688175688
2657,0.6154488808423677,-0.7168506193595654
2658,0.36607627374116225,-0.6765874441251786
2659,-0.5686319048951755,-0.5938887106313905
2660,0.0804609340289608,-0.49176777667937843
2661,0.9372924431387886,-0.3984874864953008
2662,0.3731313529609139,0.0415411837157543
2663,0.29564132335107957,0.16023554580782812
2664,0.5785602686635194,0.38282658324816055
2665,0.7346469331259118,0.3800555933607637
2666,-0.0756329291042776,0.4792987837209655
2667,0.9745793875415758,0.6217843548974354
2668,0.8652156800664353,0.7043287285505689
2669,-1.6612964863204207,0.6385525255517174
2670,-0.7982085325079998,0.3336308250509502
2671,0.6324569727597893,0.03893438415732703
2672,0.10666033919361767,-0.10245768482772732
2673,-0.22786156844562216,-0.16874543662515518
2674,-1.0980583944011917,-0.11744230908533873
2675,1.5395769665620251,-0.2118810822476611
2676,-0.42795375278438197,-0.04187805120741893
2677,-0.3089761729579899,-0.017120810721858906
2678,0.29919707595866435,-0.07372641008642795
2679,-2.3315536828389893,-0.20307451832532558
2680,1.5636036922789125,-0.2810511317765573
2681,-0.09542218949414104,-0.3345995210086916
2682,0.02345138424914121,-0.16169318655385273
2683,-0.5220015036376923,-0.059457593728545755
2684,0.6891246242559018,-0.04841750502395215
2685,-1.579324759329099,-0.11868293517852233
2686,-0.8011637622416864,-0.3022816461012428
2687,1.4431373686120945,-0.4008076760576612
2688,-0.206222188556387,-0.264719347611264
2689,-2.0534966421255563,-0.21316477875162115
2690,-0.0872300465344046,-0.4312543231267715
2691,-1.1308231707950869,-0.5715958027418917
2692,-1.393859480828475,-0.7501164741604431
2693,0.6673105454087784,-0.8865651477756504
2694,-0.5386273622806083,-0.8199316543286029
2695,1.6943479780590878,-0.7660153247007147
2696,-0.845105192359324,-0.32825649816106167
2697,0.5518150680606457,-0.11420516689612537
2698,-1.4042190238924812,0.020313063952177163
2699,-1.4135808587972296,-0.31527353349060455
2700,0.5984575330416991,-0.42803671856886405
2701,-0.8461641972029248,-0.47928297114951546
2702,0.3035944842603945,-0.5691161947333536
2703,0.0373222582993659,-0.40428468197882284
2704,0.6653524795306336,-0.24243487198885105
2705,-0.18070640854716996,-0.11719241513117791
2706,-0.2939014216359089,-0.028853222215377717
2707,0.054336561529619146,0.058632838437696524
2708,0.3586840849041024,0.0014593898652869022
2709,0.3437647471787901,0.09644280123677221
2710,-0.47960331365332864,0.10227481402951046
2711,1.6903629869264452,0.19994334477678224
2712,-0.7409755451715839,0.25754765753304043
2713,-0.4714225831233182,0.3069026108676584
2714,-2.01216288237827,0.10620415023874422
2715,-0.5577375302230045,-0.26506885489003823
2716,0.09775874914540193,-0.6936041402925666
2717,0.8825718949073051,-0.6878382788593342
2718,0.27798601298904996,-0.40658683312887445
2719,1.3601834857263102,-0.12645045095042218
2720,0.9837364578822846,0.10081355511378151
2721,-0.38062353058259024,0.6046500545724804
2722,2.522445075817601,0.6631464771086913
2723,1.4453453271248298,0.8714414657066851
2724,1.5129201319667727,1.2516642706671652
2725,-1.4433238871412806,1.4175654225805807
2726,0.8252838749168222,1.2125320928547805
2727,-1.3574017490288939,0.8956589761811339
2728,0.3210888800568521,0.59826227158887
2729,1.868470906077262,0.2856673981032771
2730,-2.461991069155931,0.319289902348442
2731,0.20727819429997238,0.05345417112404842
2732,1.0262027821434851,-0.05105755594852658
2733,-0.693480886181722,-0.03837870405087347
2734,-0.6265923778801801,-0.21395533989432583
2735,-0.814848405407534,-0.1840492106850436
2736,0.5109393198405181,-0.3687781383816834
2737,0.6878781107045567,-0.29651910987812
2738,1.3006770503866887,-0.007253427002704288
2739,-0.21208226658903298,0.1395100015005058
2740,1.7824104871766253,0.3817461723038725
2741,-0.9301973544914035,0.5422168534131346
2742,-1.2194555492842014,0.5342240153544217
2743,-0.8174058758736487,0.08104131100421126
2744,-1.4666167510229988,-0.1371831594116049
2745,-0.9105993958860661,-0.6503189660377694
2746,-0.20281589503809244,-0.8425604844217285
2747,0.7000122408161749,-0.8376754780625392
2748,0.9587881846239639,-0.5895846812448462
2749,0.47374315174840853,-0.19748459574726362
2750,0.7673207978794901,0.06049697070296401
2751,-1.5677815750516333,0.19152977547763006
2752,0.28020993476856354,0.1311509963261515
2753,2.100072131661061,0.21773006757403962
2754,-0.48158934316602087,0.2589712691601483
2755,0.1380358206670897,0.5156349889572269
2756,-0.01656483872380977,0.46220995170788465
2757,0.6326562252821796,0.34757192934958736
2758,0.32436147581717967,0.3605056199660909
2759,-2.2539232041912713,0.1628212516789143
2760,-0.5311393257365357,-0.040983199842617425
2761,-0.7177714151251505,-0.3111551158099411
2762,0.245414931672885,-0.5527912714317191
2763,-0.8745055937877676,-0.7333400835387817
2764,-0.8148728192687953,-0.5909526466412537
2765,0.16679782784230435,-0.668904437086018
2766,0.41114730575878394,-0.6054082273551741
2767,1.4930896414516395,-0.37409335363808627
2768,-0.7232104698197731,-0.03434016465732357
2769,2.539442547546244,0.12846199449599813
2770,0.18826187116502913,0.5544540868492883
2771,1.7288029404305478,0.805194072331988
2772,0.27826803291257046,1.0906697436477146
2773,-0.251826518585454,1.024625947974609
2774,0.7666793306838289,0.9340435530933635
2775,-0.11050996791399417,0.7111356348841008
2776,0.8666634858771011,0.7581696324682456
2777,-0.7700877843078375,0.5948365114700395
2778,-1.1618900786124031,0.3584119352925727
2779,1.069672240055934,0.09908521587116423
2780,-2.2596407611812346,-0.08234461403569357
2781,0.31144322721767786,-0.2934602677244055
2782,-1.0308491989103652,-0.4945096453078549
2783,0.48746514371847904,-0.5623551281677062
2784,-0.31414432670529185,-0.6114397728883155
2785,-0.47365002507064097,-0.5137407328966409
2786,-0.25743056500217276,-0.4724327734871703
2787,-0.5334483246558883,-0.43022565444890987
2788,1.2382096235929785,-0.4022754374422935
2789,0.6168728102567651,-0.20187121255627208
2790,-0.7678935727927351,0.07611975140200511
2791,-0.6675890725720404,0.03091093281922016
2792,1.7330219002104859,0.05724134566932472
2793,-0.0063664160640554135,0.12305910369986367
2794,0.975244448984509,0.2745496115337001
2795,0.0038412375504148877,0.46495372054771916
2796,-0.016295363887812754,0.4577585624420435
2797,-1.050502542146335,0.3769756859458565
2798,1.220329927261361,0.2700160378071241
2799,1.4021841816884257,0.2615272367525891
2800,-1.085095862610817,0.468495212417071
2801,0.6424591991658914,0.31852928854055884
2802,1.520041984808376,0.39085208649700565
2803,0.18416029604322193,0.5733722513945242
2804,-0.3733609315651278,0.5314533995874425
2805,-0.9255643510119262,0.3991860202356741
2806,1.1669230452140245,0.27787707972350173
2807,-0.020060726854805498,0.17291954016029726
2808,0.3594962746733876,0.2514810738245357
2809,-0.8962526773614682,0.24333670940222743
2810,-1.8753578450725428,-0.06385151098935732
2811,-1.3106443130695034,-0.3819784555649259
2812,-0.6758152627635897,-0.8349116893836059
2813,0.16063752158884137,-0.9547691521219227
2814,1.023936396607859,-0.7605706045578711
2815,0.2576166277552414,-0.5427648946904994
2816,-0.22212613523953217,-0.3166261637637179
2817,0.3187824360859728,-0.11495066896507128
2818,-0.679244633580955,0.05229253019153513
2819,0.06043587973189472,-0.03751888331387802
2820,-1.2206823312602106,-0.1042012809721259
2821,0.22985381233911092,-0.28517427018025654
2822,-1.3860604908277407,-0.35092068180629854
2823,-0.7025074961038338,-0.5785900312963815
2824,-0.1687323256957944,-0.6684776130120094
2825,0.26984632578711076,-0.6792503955859963
2826,0.004580646619493963,-0.6585487155004865
2827,0.09648760405226793,-0.40145153508926396
2828,0.43384009448178457,-0.2066806831890693
2829,0.11862303692921429,-0.07767982944904799
2830,0.581508991664206,0.09556744781947467
2831,0.2819375044443388,0.15128070830230694
2832,0.16186059060319183,0.3984826618342351
2833,-1.8211638475191185,0.22926045133076178
2834,1.2912337482731764,0.05669150790733739
2835,-0.1637036222194663,-0.001080690430310516
2836,-0.7934570554790635,-0.09432223957362224
2837,1.0913936674362472,-0.012819408667412317
2838,0.2340483435614009,0.0770082409139191
2839,-0.8823641699695278,0.10655807339300746
2840,-0.36473143847481043,0.05628530849306284
2841,0.4242368460992402,-0.11014930995889852
2842,-0.14656892961784082,-0.1257093270143202
2843,1.1532193619189408,-0.05687515013194655
2844,0.06869356844225118,0.05336232476694233
2845,-2.313666451433309,0.07895714701872876
2846,1.0795907569251693,-0.14166109478794328
2847,-1.4186826564108947,-0.17103978711781642
2848,-2.265231419276931,-0.557317760425406
2849,-0.9310721783791113,-0.8442320585277555
2850,0.3751105558593548,-1.2075088332754822
2851,-1.6087244009132127,-1.1106052267577124
2852,-0.8533774996623695,-1.0875035147097645
2853,0.7994024496083006,-1.0896830477518435
2854,1.2200625626053496,-0.8570602156354225
2855,0.6560742943453457,-0.3317396128663921
2856,-0.7239180144174046,0.039300965688924355
2857,-0.012703055486516755,0.09798586774470533
2858,0.9270644972735905,0.07880715833615257
2859,-0.2269732454105488,0.17797173566041288
2860,0.6559900585378959,0.28412530221179255
2861,0.0020275708326852066,0.3596571777840674
2862,-2.259995019564164,0.183137218876265
2863,-0.9150440420137022,-0.1605351444834084
2864,0.6571448904111881,-0.4212385546167221
2865,-0.5993578663524144,-0.5323203375429255
2866,-1.1506387087419243,-0.6002888393482737
2867,0.46979646765871824,-0.652416704975043
2868,-0.7850464443849874,-0.7035059601656454
2869,1.0294097682321968,-0.5838540862931949
2870,-0.9095362538347043,-0.48959421361135974
2871,0.3627880092979765,-0.3090658296950085
2872,-0.720735948601894,-0.2642633517096225
2873,0.8228822559302975,-0.195554060241463
2874,-0.7979855521387927,-0.1662523810405135
2875,-0.08289176998787481,-0.1515743755119892
2876,-0.646748761684045,-0.1665629715109951
2877,0.2773471203590349,-0.21032199893994696
2878,-0.178767438838077,-0.16968567413383828
2879,0.46680602669452037,-0.2030454766383667
2880,-0.20945519848222208,-0.17291332810226315
2881,-0.4979485557810677,-0.09429933306166709
2882,1.0297916160166034,0.0024029882788945967
2883,0.35756854954729667,0.114648152379366
2884,1.1970212564269291,0.2585548385430405
2885,-0.9792184191184071,0.3902120044462711
2886,1.4122794602676505,0.400387315586224
2887,-0.055375457446426087,0.46937810786118694
2888,-0.3229475983316044,0.4147172032072352
2889,-1.1502364766191735,0.28018106393117137
2890,-1.3492795131662711,0.013151589703345377
2891,0.12784219243199768,-0.3454191298783187
2892,0.6365050452323092,-0.4934078712383966
2893,0.02306763191237466,-0.3932424030670023
2894,0.5757906377460065,-0.2785674385317314
2895,-1.1529092252741406,-0.09392375387560065
2896,0.04596080052399284,-0.1451759250919802
2897,-0.343211919188166,-0.19382137544901798
2898,1.1966208716887827,-0.15767315187742134
2899,-1.293587893124015,-0.06046955757279482
2900,-1.3087107656753456,-0.22395046121989404
2901,-0.06936458125406468,-0.35984350150277167
2902,-0.0355635125192645,-0.5083317476943509
2903,-0.41557142782043927,-0.5066939664102624
2904,0.054102845944511854,-0.40945941593053253
2905,0.3656338067490086,-0.3979836624770951
2906,-0.6093855420908718,-0.29403899735616645
2907,1.5745318089362084,-0.15392577390958956
2908,-1.3069687315472547,0.0036984051898128617
2909,0.6487558291274855,0.06569759855164146
2910,-2.690165858522683,-0.08312090683758017
2911,0.8173952676086725,-0.4122045579855804
2912,-1.071299183447471,-0.5728619401530887
2913,0.07022819697701814,-0.45783841390009555
2914,-0.10283159781679362,-0.5370757599101676
2915,-0.9476514278557384,-0.4573661831783309
2916,-0.39399949347078483,-0.5894342648125503
2917,-0.6796595453449348,-0.546141399419853
2918,-0.5489535980868415,-0.6603795509844305
2919,0.6196866729485156,-0.613835595695961
2920,-1.7579911795500844,-0.5798432464040899
2921,0.44396849648769754,-0.5470077234783361
2922,-0.8919120284227549,-0.5675166002261516
2923,0.5737499851300577,-0.5173725793692696
2924,0.14556089334844047,-0.49613758997278445
2925,0.4789344039541661,-0.29965074218288823
2926,-0.22002250022109177,-0.03172651155181416
2927,0.2003043435758495,-0.021349440655203236
2928,-0.3762014626785499,0.10204169458072042
2929,-0.09975246483243863,0.025882913028618636
2930,0.3761486599446742,-0.006056720836837379
2931,1.0311670673009798,0.20620550416047334
2932,0.4015872687600936,0.16998304677864057
2933,-0.49202094812660807,0.30873978479173303
2934,-1.59248932361494,0.19951671122188058
2935,-0.45152403323158774,0.01132591046882958
2936,-0.043624957129850254,-0.3164915890271733
2937,-0.3625960428294115,-0.41659428804850474
2938,0.9746596824653816,-0.39653452746755097
2939,1.0458969867837087,-0.23601553790939708
2940,0.16227032533066466,0.1004147075202971
2941,-1.1867596411851637,0.24483572352570498
2942,0.12327729324323734,0.19147501085081192
2943,-0.5340757646208013,-0.050566427667751025
2944,-1.8138577201437172,-0.16052729423655082
2945,-0.3864814700035161,-0.45925264010962114
2946,-0.6605423170182617,-0.7053309324471242
2947,0.3199163707063658,-0.715221708289801
2948,-1.9835765080127417,-0.7515354614589898
2949,-1.8132780066243717,-0.8970614795913863
2950,0.02371535285474304,-1.1181858633379107
2951,1.317149025793042,-1.0724651060958124
2952,0.010174014610315066,-0.789765050995611
2953,-0.014042353922300943,-0.4327846916204849
2954,0.08868529527154907,-0.24062038846793482
2955,-0.6205683354610321,-0.04227577701040185
2956,-1.9142518032803604,-0.17008241876978095
2957,-0.2826869359797355,-0.3930475004101874
2958,-0.526716720155887,-0.6362212945101102
2959,-1.324810309787168,-0.7257685904022371
2960,1.7567752088909068,-0.7939382966761499
2961,-1.1567943061890915,-0.5744544716655752
2962,0.5601663809947484,-0.3736647398792088
2963,2.109794492726995,-0.21479296348284635
2964,-0.16899006993584667,0.2442137999563821
2965,-0.4716020360799765,0.31556764758733613
2966,-0.6665097552831688,0.32820220964827684
2967,0.5897885640278712,0.252828214387853
2968,0.1118693358998056,0.1131374208675024
2969,0.04164546224919753,0.12194232816245737
2970,-2.3965721280223375,0.008173264266903306
2971,0.16089355265060815,-0.24290936512098743
2972,-0.3692848235344025,-0.47809964141791156
2973,0.44166971004074357,-0.5891405943175263
2974,-1.3054314486619945,-0.5060955756621343
2975,-0.20349553431355213,-0.48951548727805094
2976,0.04194259940904767,-0.61145745517424
2977,0.23420082498638248,-0.4614082656243479
2978,0.47593758503587114,-0.3683736811350929
2979,-1.1960899155872124,-0.2730919175371235
2980,0.7423174341298652,-0.19303111920094868
2981,0.512133476541145,-0.17115242755791613
2982,-1.3162891472227747,-0.055281814207332816
2983,-0.08436768263893162,-0.03353062135517848
2984,0.03236355928883544,-0.1215667793988924
2985,-0.16882475982027167,-0.2499710348132584
2986,-1.9876857386360043,-0.3557741349825553
2987,0.09709050800902956,-0.5126955110289866
2988,0.9391837757608826,-0.49862011394114386
2989,-1.6842595998344123,-0.5004681962027521
2990,0.2813932213441263,-0.5057828508392105
2991,1.770758053682944,-0.37998918628246897
2992,-0.4968013550675333,-0.17595705828486913
2993,1.3656166428824577,0.1306878962129979
2994,2.2285545739171204,0.43502655494489006
2995,0.04311048251950682,0.8264482396807454
2996,0.987989402392034,0.9746701088930412
2997,1.2679352287017829,1.115970584116941
2998,-0.5774712529289071,1.1414275211843496
2999,0.2611880494852477,1.001620593107102
3000,0.9352427250660641,0.8163284327455017
3001,0.786922684180879,0.7148031427984158
3002,-0.04844019826003098,0.7137774662762375
3003,-0.47776020148499737,0.6370306117491293
3004,1.3442905618424381,0.48118748972828385
3005,2.166983997511559,0.6287191560367641
3006,0.6990136977637162,0.9099818573304561
3007,0.6758337070576784,1.0310966731849978
3008,-0.9859240803761885,1.0726451975714444
3009,-0.9639557522930003,0.7890553205455522
3010,-0.584018264947639,0.3785080279361134
3011,0.5653279778694568,0.04225150713645029
3012,0.8124511197287596,-0.0376652375514217
3013,0.1884118880570434,0.01887288512421349
3014,-0.4539488839326073,0.11556861677345198
3015,-0.055606733321201834,0.049515506023360356
3016,0.4189193983546851,0.0032064591913364554
3017,-0.33757999909305164,0.050907527435991126
3018,-0.7191931869714889,-0.050892711392859044
3019,1.885772368124802,-0.04845784914895476
3020,-1.0891331094911263,0.12247268453035405
3021,-0.1464939004452742,0.13091180842522632
3022,1.5159017380122617,0.13108612952329446
3023,-0.018748329463370104,0.2644729316084784
3024,1.2551457175392058,0.37590841502837535
3025,0.6150035891712966,0.4876266644611033
3026,-0.7134359014254265,0.6728657987309119
3027,-0.2760259582282878,0.4966451561422099
3028,-1.0164790739497276,0.2186311574122135
3029,0.35703204914703834,-0.031402664272956446
3030,0.6102372613959061,-0.14807814829549693
3031,-0.7460068457147878,-0.0001126988137289675
3032,0.5575952273224859,-0.11911342453468343
3033,-0.5198236104027906,-0.06012375412774673
3034,-2.8699759598922827,-0.2398075814099877
3035,-2.1556359438204558,-0.6166577873098527
3036,0.5214808224816585,-1.1382735179393646
3037,1.3021072892638161,-1.1270153169174295
3038,1.8042284026748954,-0.7538868512133172
3039,-1.206547829578272,-0.3241114214863739
3040,0.663055470925515,0.027524644213529723
3041,-0.14877481906145654,0.018368678385257756
3042,-0.14901134565061844,0.24988992012353942
3043,-1.8610557742069525,0.11145232114688576
3044,0.7438115744312331,-0.1658457559712878
3045,-0.10764029531979553,-0.29100651104496794
3046,-0.06167215062248394,-0.25715172802965997
3047,0.7996127659646657,-0.23612549118042708
3048,0.2096633540797934,-0.11707326514326552
3049,-1.291778992008458,0.06978249938977582
3050,1.5322852552967194,-0.008430067417286281
3051,-1.8491478711130445,-0.007064761158425416
3052,-0.1163678372835418,-0.11440072175181472
3053,-0.4825733034996451,-0.2634827872614413
3054,1.487850649370959,-0.27750359186443085
3055,-0.8625216777141826,-0.18828161103852692
3056,-1.6507632629175024,-0.18501782586330878
3057,0.3292018032212742,-0.3607234683420038
3058,-1.2965588564800692,-0.5003135347862823
3059,-2.505244715696708,-0.8266961036006741
3060,-1.2124051990556644,-1.0857633178985844
3061,-0.17217215587752618,-1.3224374329091069
3062,-1.0597550970261325,-1.4443014651203656
3063,1.6256773611586224,-1.226734432718448
3064,-1.1492694958329044,-0.9278953112546702
3065,-0.887884269444732,-0.7681788586504787
3066,-0.7028080438559191,-0.7023522028432102
3067,0.22575359126179473,-0.6405714415401677
3068,0.6758584109379394,-0.6059092622802886
3069,-0.5347382193169772,-0.39169129811533737
3070,-0.03526986902830204,-0.21828734499100477
3071,-1.8322501122203996,-0.12782657969541766
3072,0.8024510562366723,-0.4455032232600186
3073,0.21261474140619954,-0.37599729928156106
3074,0.0842479706032376,-0.27327365847844093
3075,0.7525476020514255,-0.06325348584718474
3076,0.23879170481202538,0.07354824261269118
3077,-0.8793926756032023,0.24699304576024894
3078,-0.6272729418745071,0.056184549076870455
3079,0.36705183863478774,-0.08632461095400765
3080,1.0020320630243849,-0.10759330912942397
3081,-1.3133709227915806,0.001163768559004373
3082,0.027002964082584055,-0.014902594152368706
3083,-1.324445006058091,-0.22610044609762397
3084,1.3439842335923988,-0.2019053962945432
3085,0.9199831178801615,-0.19364052846451763
3086,-1.172767724975101,0.0673202629388995
3087,1.2946959378014118,0.08302041442481473
3088,-1.1096791460933326,0.18108290494086254
3089,-0.4777497820309758,-0.04393491436832238
3090,0.5312215909420461,-0.04293700547484078
3091,1.563521275339339,0.0234111847500372
3092,-1.2142375481266074,0.14095884534384437
3093,1.114594215111982,0.17391070143429063
3094,-0.01790632150915995,0.27997886486473583
3095,-0.49168371553870727,0.297838406600887
3096,-0.4526780112827665,0.0604852586690665
3097,-0.09066129258633623,-0.08338081967973102
3098,-0.35095103153257085,-0.11130834495531161
3099,-0.4682308306997007,-0.2037335476420823
3100,0.08046801763028485,-0.2485902894501089
3101,-0.5380917702223316,-0.39213547892211564
3102,1.3363937977454958,-0.3433445075909837
3103,1.477355818069783,-0.02929038464465427
3104,0.5275002557708878,0.3426511362481832
3105,0.16456052873348595,0.6148230957857876
3106,1.1356676418990679,0.728922939065648
3107,-0.8025715205538532,0.7009531776044772
3108,0.4348472332124233,0.5729015779051233
3109,0.32233183115715275,0.5463193731628898
3110,1.573944104002352,0.5492909458804431
3111,-1.3727694123155525,0.5370992219435796
3112,0.4048564353037609,0.4364242626777099
3113,1.1596992432140933,0.38077153166444944
3114,-0.10553387831981546,0.3899161848154785
3115,0.34853192537847455,0.37668791607642127
3116,-0.011708175903130148,0.3001785612872198
3117,-1.5556640633656944,0.24724636843086129
3118,-1.046842297541542,-0.11770006590727819
3119,0.22852242032312697,-0.41505012305731714
3120,1.5985375829867008,-0.4701489204500992
3121,-1.7053768285244646,-0.16207536283781104
3122,-0.41101766999581746,-0.33717237623859153
3123,1.3122463718346355,-0.2720211316326468
3124,0.10690409943163705,-0.13347443123195676
3125,0.10918643119146129,-0.019343893448455572
3126,-0.0006270139000560403,0.16518034161182785
3127,-0.8403047305930181,0.1468357427228674
3128,-1.8182783187698155,-0.1035736092808615
3129,0.5457478332765133,-0.3918901916574949
3130,1.0019941700845698,-0.4176639434353562
3131,2.0679875672900008,-0.16418081037120238
3132,1.037873539251788,0.282024593947439
3133,-2.7278647086413486,0.5203415446392685
3134,0.09860827110822373,0.399124829578885
3135,-0.8119246619853723,0.04945223280928401
3136,0.2497008620055733,-0.18582854545830463
3137,0.6848353460864918,-0.19014508944099695
3138,-1.3006082406312005,-0.2298016954515203
3139,0.7030357670581812,-0.23014498042853004
3140,0.17130793646682396,-0.2048077798650855
3141,0.8609627118435101,-0.03775443869993815
3142,0.5472920536877853,0.1400110482153359
3143,0.6354205013114103,0.24688649559958875
3144,-1.152083062937298,0.3805023136660118
3145,-0.06742714262557639,0.3342799906255618
3146,0.8132102104650685,0.18603866877481018
3147,-0.3516136341270823,0.19978434623193997
3148,1.2319981627167482,0.20715670483016121
3149,-1.286480134018121,0.2044057738234625
3150,-0.00967170166354102,0.06619280627432697
3151,0.6545542836755699,0.028204269461848074
3152,1.3221351580621774,0.14998786824779325
3153,-0.3415025224209757,0.3564069483531704
3154,3.0598116866310323,0.5014524497751932
3155,0.44899327158993724,0.8189413758002817
3156,-0.8633564689824216,1.017635393031154
3157,-1.4266956204513335,0.8249576902560498
3158,-1.0102012557248772,0.3887849699289931
3159,-0.3954926365532614,-0.020885818911638585
3160,0.24341297489131397,-0.32198282654996013
3161,-0.34207704350356727,-0.501522645622252
3162,1.8769224944778051,-0.31377352195923286
3163,1.5834338371025534,0.058182863516650044
3164,1.1168866863330653,0.41053290502613554
3165,2.0471798083030577,0.8341571497891955
3166,-0.5021257593728045,1.182914708017999
3167,-0.4499231224904015,1.2467642854108625
3168,0.23273400027087965,1.0435948401508974
3169,0.11226111689564873,0.7459678272743031
3170,0.23812673581979504,0.5185378462262035
3171,1.9317085458661811,0.5041889436882662
3172,1.6975290962245848,0.6722311193224694
3173,0.24944333668724797,0.9909711221259517
3174,-0.8114416528982143,0.9546139216321528
3175,-1.5316929956624419,0.6933498651479776
3176,1.040343292424035,0.2615926695131412
3177,2.4735334455782216,0.314484493809054
3178,0.7032118030515023,0.5996370997130034
3179,-0.23786484178963693,0.764979126434736
3180,-0.4360949780619363,0.7479017082119089
3181,-0.7175685157425188,0.5813233740050351
3182,0.6310780770678963,0.25494248613166764
3183,-0.22206880156311518,0.20550659675913008
3184,1.3624748566500677,0.15017411432011454
3185,-2.1751636370443403,0.13256874408215202
3186,-0.36202711069846644,-0.06046180781649547
3187,0.6473715773982808,-0.1657160769785211
3188,-0.3642543139517377,-0.331819126943742
3189,-0.3486150449647741,-0.21801969383284725
3190,0.25336472395492377,-0.2951659710024266
3191,0.10139990192698474,-0.198522891126479
3192,-1.2757516199629155,-0.25998422523325015
3193,-0.014140291927962713,-0.292975373922707
3194,-0.5996201828433287,-0.3372069475197416
3195,0.324401779797236,-0.4303754240108571
3196,-1.515161824830244,-0.44907346103470225
3197,-0.03224580167158609,-0.532772041972705
3198,-1.5128823153844415,-0.6594784513336404
3199,-1.5008713667865,-0.7709679988761312
3200,-0.2353215050251605,-1.0197348999442242
3201,-0.30440174474006454,-1.0882094378977325
3202,1.83466307341502,-0.844392608814634
3203,0.06131204422085406,-0.5582797766800507
3204,1.3455394388600534,-0.08440665021422256
3205,1.8478143928126805,0.3218428826922445
3206,-1.0379515236070183,0.7253632670127569
3207,0.701060290153192,0.7482195816340037
3208,0.1492103644562284,0.7253124053181104
3209,-1.33027720326528,0.5150792568471496
3210,0.03856312115847016,0.3489608802634504
3211,-0.613421994225929,-0.029961351423846788
3212,-1.7923198800234497,-0.2493507956010415
3213,0.4859538487379741,-0.5342011252676415
3214,0.34403138133610717,-0.5000180104688697
3215,0.014636130222151449,-0.5123342438253738
3216,-0.2071458807081663,-0.3004309726205613
3217,0.0772704264735213,-0.21081345120074557
3218,0.4561501256907935,-0.20390912096159147
3219,-1.999890866483886,-0.09356445751115713
3220,0.8339112855487544,-0.21855885349945223
3221,-1.0329976536905752,-0.32092437161987714
3222,1.1304253645168438,-0.3229743330680525
3223,-0.1551856564134753,-0.16986697586695332
3224,-0.21893115560663956,-0.1438839642767728
3225,-0.13161436523356457,-0.06408348579562922
3226,1.785846037096542,0.0024639660151181113
3227,1.4112687736805785,0.2359198653632548
3228,-0.2875141242955052,0.4922163880204181
3229,-0.07028247199380584,0.6342358614770369
3230,0.5289374225082961,0.5937603261032937
3231,-0.14466342316653713,0.5110563034604495
3232,0.021284447388546592,0.4290087346106213
3233,-0.5770292289857434,0.24574536577477918
3234,1.6579948441353949,0.1688152697241196
3235,-1.294145678641887,0.20079303339339344
3236,-1.5666818556392395,0.05045245504538273
3237,-1.1609837202775926,-0.3400049342506008
3238,-0.6044935779224063,-0.6353477120299678
3239,-0.15849535301536552,-0.8261698857149348
3240,-0.5264293522473311,-0.8303974924954346
3241,1.3319809098607123,-0.6930730916592966
3242,-1.4031985913985927,-0.5264162428200148
3243,-0.7995318961433773,-0.42489782005450816
3244,1.1730203343388086,-0.49169655605827417
3245,-0.28051010474816085,-0.4278464003031638
3246,0.25452716121267344,-0.12164013593349926
3247,1.290903887345318,-0.019430349255023842
3248,-0.5591469746050117,0.12269457902473854
3249,0.33253054540347243,0.3275884366677692
3250,-0.6094745660282425,0.25520928216472816
3251,-1.4730699539243228,0.02219626952285332
3252,-0.6770712423508468,-0.19219139366754912
3253,-0.10116341807368574,-0.4586147799381995
3254,1.1294973097361825,-0.47852078680630905
3255,0.8140696000952183,-0.3092876834304821
3256,0.6955118667667509,0.01941926085506693
3257,0.623688990061126,0.3754336303632372
3258,-0.1988018186335507,0.47847166049871726
3259,0.0441014728753055,0.5524307314486322
3260,-0.24080906917319025,0.40296139054808333
3261,0.20869532877719332,0.35045553189238965
3262,2.0197421066741286,0.3206649906389661
3263,0.27718866189971003,0.473790977800628
3264,0.11082100744282916,0.5797257484366163
3265,0.8553798732555965,0.7321689211337654
3266,0.23793649528104655,0.6242004567750683
3267,-1.0304370892962298,0.5642060753635045
3268,-0.11749660211307045,0.45644821412306186
3269,1.0191624327149262,0.18769405306827944
3270,0.431135406493011,0.22652237351533125
3271,-0.054581273985616054,0.20261416085728468
3272,-0.6142776154390109,0.33281675516743753
3273,-0.6752474379435693,0.12946032668597493
3274,-0.2921351077636269,-0.08614738488871228
3275,0.09694022978451405,-0.20579981051426305
3276,-0.8745791518435585,-0.3064861101052565
3277,0.38596061757024014,-0.4203204632267103
3278,0.9344756797127665,-0.25748829233027576
3279,-3.496152821674062,-0.2565085431376439
3280,1.2561078229019638,-0.4808556131368862
3281,0.4597024142320231,-0.4718387086642933
3282,0.2414104692942409,-0.29607323314479944
3283,0.7440014114227098,-0.0914622042867013
3284,-1.1191134155683349,0.0726070867160475
3285,0.6239087162265569,-0.015591844476859365
3286,-1.1980281825922454,-0.0009974541186200487
3287,-0.10196672410884985,-0.1466725625334217
3288,-0.5714261086251068,-0.2841707481512476
3289,0.696030234908551,-0.3130234932563254
3290,0.4108526470194122,-0.25302684455543123
3291,0.2662151246883596,-0.15763508263522785
3292,0.5268685495459816,0.1197423586192953
3293,1.3208248482606502,0.2151616619088843
3294,0.5301657380009313,0.4771013765589854
3295,0.06138393704030675,0.6890900213913976
3296,1.1573727172783443,0.7038487504629661
3297,-0.04991369733919469,0.7487470901894957
3298,-0.396147328087068,0.7170193849130402
3299,0.8714009006080978,0.5243864504330021
3300,0.6498524473489533,0.5675459026445174
3301,1.2842311338278882,0.5649917797963453
3302,-0.822273029098652,0.7612444253090622
3303,-0.6552865656036653,0.5095940221255755
3304,-0.29677154846779014,0.3020043107520898
3305,1.0200734598679035,0.09878631540684027
3306,1.457844399886067,0.20666866067693604
3307,0.8985170831933319,0.4361302637972098
3308,-0.049675774626758665,0.6349293905131638
3309,-0.548716400375701,0.6632755113485007
3310,-0.7010459434871572,0.44936822242719643
3311,-2.869545302304108,0.08470306136460343
3312,0.31992601428703854,-0.3934017305116731
3313,-1.7821844043764203,-0.7982741256882111
3314,-1.1738447328957298,-1.03538986895245
3315,-0.5233107175838395,-1.267266734597902
3316,1.125298743758715,-1.236667204226119
3317,-0.29231074346286356,-0.8106182838087034
3318,0.4514703028150024,-0.5121221734678778
3319,1.7671267034272806,-0.30015230430288603
3320,0.050083323032314754,0.12471290115462436
3321,-0.842656439054813,0.3765174806937743
3322,1.0446217302629768,0.3075797151896706
3323,0.8299371902461452,0.39782690314469904
3324,-0.4908207240682501,0.4065775575015542
3325,2.0462770277901416,0.5872372815359578
3326,-0.3629948109152275,0.5935146295796115
3327,0.29105815671722784,0.7566024198082175
3328,0.3601025032637233,0.6752858864028741
3329,-1.0563984716610573,0.5076504686649741
3330,-0.6833972051553107,0.25590840901140643
3331,-0.07678879384892189,-0.011064702970139364
3332,0.8929815088942462,-0.0813971222252576
3333,0.7877938621903519,-0.08414839273447065
3334,0.41492207384874985,0.21634136287494943
3335,-1.7081723764765815,0.2069835306204571
3336,0.16428187101116326,0.044006848305216485
3337,0.07084738184121152,-0.025945287792906502
3338,1.306399246161271,-0.05708101329664549
3339,0.11046813210740236,0.10520071659645626
3340,1.7833708107151485,0.2866887372656138
3341,0.919596694392049,0.5882949849873899
3342,0.3433733107968478,0.951513364689525
3343,-0.43468976842614926,0.8275890953798627
3344,0.30385559871212353,0.7379043976714761
3345,-0.595404021722499,0.5477761662656343
3346,0.7537774931986231,0.3835785987824167
3347,-1.6656623349620252,0.2135022980339637
3348,-0.4035881756363639,-0.10719699829796162
3349,-0.1148158562872089,-0.2667428770307025
3350,-1.8508920788959278,-0.4304269688689043
3351,0.22883580781577423,-0.5810110388401811
3352,0.6942667524859509,-0.7353539797810821
3353,0.5215867349562877,-0.45292662619691765
3354,0.1096500793943315,-0.32838874466944745
3355,-0.7092603380104577,-0.08281335654816593
3356,-0.7707946071260493,-0.09122708514541723
3357,0.07514977702453424,-0.2743939535957541
3358,0.8357367435050136,-0.2654761760281
3359,0.09510375295047332,-0.08195249487671538
3360,-1.6741335183240214,-0.04957844042517399
3361,-0.373828646047287,-0.31554140829178534
3362,-0.3277730954056299,-0.39107462290043826
3363,0.29643553161839703,-0.34084779038927254
3364,-0.77604801645309,-0.4253478489055843
3365,-0.022760728229773562,-0.37105660121350315
3366,0.09184197440932684,-0.37381878203463914
3367,-0.26361337621495623,-0.4331020234539197
3368,1.3377053546401378,-0.2102263780369271
3369,0.4175906088773299,0.012942046100342879
3370,0.7767639697459994,0.29713740086278617
3371,-0.5541712163984142,0.38755887982878356
3372,0.3178014353636307,0.36720653939962306
3373,-1.9554501053246343,0.23751870681936874
3374,1.6581180917036518,0.04097515458697823
3375,-0.28941617768701455,0.00465551332832822
3376,0.7462185699429937,0.015080947979237716
3377,-1.1783433805987074,0.11878740093343451
3378,1.7071938666053654,0.09778633149144701
3379,-1.2005860208874222,0.053516484509854245
3380,-0.722021731669295,0.06750090390512341
3381,-0.2078242826386028,-0.1304661320676163
3382,-0.21210805184933026,-0.25079726281041126
3383,-0.9841093137571041,-0.42004894299356166
3384,-0.27575518745882743,-0.48603438161422563
3385,1.3238845896949711,-0.47781902634754964
3386,0.2772331542369451,-0.26308055220591664
3387,1.3004436685146665,-0.005455660554789105
3388,1.1940284431498565,0.4586183137228147
3389,0.11657718833316437,0.5786856266693413
3390,0.4424930816458047,0.8258567711264674
3391,0.2863885612028842,0.7204112928184931
3392,-0.7834411367877657,0.6290504738159369
3393,0.1975907262770716,0.4434041033300418
3394,0.6599795772608635,0.40477083645172063
3395,-0.28658022640466224,0.32667525673146697
3396,0.2512349248845151,0.19745472080321091
3397,-1.1162621847499525,0.16641266286520606
3398,1.148722925904249,0.04011864265301778
3399,-0.39078171053992905,0.06847204457504048
3400,-1.2416747011276672,0.0017665646233915797
3401,0.9366397469745269,-0.15961643652028099
3402,0.9014853629597509,-0.10930648365489797
3403,0.2032179292836153,0.05925702988695553
3404,0.5852859867795713,0.18628477640662858
3405,0.6309850689699347,0.32494655994438615
3406,0.04393436806469672,0.5091481014566782
3407,0.29017563803267304,0.40104233282201546
3408,0.0798192071567351,0.4631732249950381
3409,1.6650539909643705,0.5297282105105698
3410,-0.11946508270911319,0.5672745767928766
3411,-1.7561952559490948,0.5620134369291727
3412,-0.1855323819354449,0.19841810951287564
3413,1.8801293505096066,0.08650149431875911
3414,-0.7744870216334866,0.03653829575832028
3415,-1.2353086172521157,0.13755165436561828
3416,-0.20692744914224093,-0.16165245445042367
3417,1.9575050744052793,-0.14377074164940887
3418,-1.070025096789183,-0.11678998274610794
3419,0.0944030071506446,0.03149658527761136
3420,-2.2604140848913934,-0.10169047198594931
3421,-0.05957663397966065,-0.4654830888553393
3422,-0.993265814298093,-0.5675764200292337
3423,1.4701169030805483,-0.6410402772653757
3424,-1.5822267569876085,-0.6162285212337384
3425,-0.4106538349982956,-0.5922805726067027
3426,-0.9312964385891187,-0.6897636530407423
3427,1.1946511132690838,-0.558700093793377
3428,1.552603566129473,-0.40731428301567507
3429,-0.4653677862302392,-0.006696824912447133
3430,0.20012193161750522,0.1870719103833269
3431,-0.027680541533100657,0.2632415129496977
3432,0.5729287808418942,0.24559616944641838
3433,-0.9218270882471521,0.26868145237972885
3434,-2.128357097095542,0.11474168559219679
3435,-0.28856241317843584,-0.3276793494201315
3436,-0.6344117005139208,-0.6435663412538191
3437,-0.67384133766619,-0.7537445724282674
3438,-0.6626565903035876,-0.8698193886661445
3439,-1.329079247123174,-0.87475168041468
3440,0.4237461735286812,-0.8607104150084482
3441,0.19168801128863727,-0.8227819502887925
3442,-0.1818781386290608,-0.6005424458984243
3443,-0.38354306071312627,-0.5530256566900212
3444,-0.5989497505799215,-0.3767299950417996
3445,-1.1197853126534827,-0.4788511564131767
3446,0.7949080559923419,-0.5921406602995736
3447,1.2841157896900237,-0.3824940544436346
3448,-0.9752167732378709,-0.09678387221907148
3449,-0.6390684523948251,-0.06383249845508897
3450,-1.5690251081122693,-0.18729874919991413
3451,0.1705280510358181,-0.48470138192448387
3452,1.363111318429549,-0.5202645249199598
3453,0.02563935731984568,-0.1798290549344086
3454,0.8799336305169775,0.0017332562723394954
3455,-2.3651967421456876,0.11020121045666177
3456,-2.209621625661505,-0.15428630393874052
3457,1.359490857062933,-0.6076604008754412
3458,-1.0519571484262962,-0.6928323859867257
3459,-0.5531246729719866,-0.689450001874105
3460,-0.5914419766029001,-0.6726277984928812
3461,1.7447150573617765,-0.6241015785615045
3462,-0.7298760434043972,-0.3022644560057895
3463,-1.3157134429942512,-0.28968192506273227
3464,1.8282091165144916,-0.21474173279996495
3465,-0.007797010502519048,-0.08141356533361092
3466,-0.02961654511377121,0.1448945488983508
3467,-1.4642969301038964,0.060687643835696685
3468,0.8559027510231161,-0.05779558322855499
3469,0.43742266755839554,-0.09257195630686788
3470,-0.12860744480947792,0.10391115943132447
3471,-0.6460442226370283,0.0819626925295415
3472,0.7421248358743884,-0.030907876807248786
3473,0.09422660133192541,0.0725061369792781
3474,-0.3526280042693285,0.08975729237660016
3475,-1.63269518415967,-0.04508674301661679
3476,0.22774854808501532,-0.29169697020305324
3477,2.043927779037534,-0.24713548345692066
3478,-0.061727326353227016,-0.013205782000694506
3479,0.6864557483217881,0.2804245031497092
3480,-0.016170586732148825,0.41527360208174197
3481,-0.1401507166095342,0.31853817362118025
3482,0.6842090800574829,0.37319071133405285
3483,-0.562192445388647,0.397904973831883
3484,-0.7692980563582599,0.18191063743612285
3485,-1.2816712841394928,-0.0824701718871958
3486,0.5526585042812114,-0.314426254714302
3487,1.5948614358671198,-0.3299575541188075
3488,-1.5018482794970833,-0.09973079795924225
3489,-0.15443723683683477,-0.09342219675770393
3490,-0.6746906644350604,-0.2002133810118361
3491,-0.19375804324109774,-0.3042640312740789
3492,0.03202984562615686,-0.3768627987532505
3493,-0.019404303491660883,-0.27995417401583067
3494,0.4636397534185543,-0.17741423385570865
3495,0.12836429487164308,-0.058989012448771666
3496,0.4955638372455348,0.03010158855308847
3497,-1.1406250709861467,0.14184681766958213
3498,0.9336473259157781,0.11112006905856056
3499,-0.517069480855026,0.0036890057170140475
3500,-0.19091878247369343,0.0396945065698811
3501,0.053988718683303134,0.04345435580064939
3502,-0.38077826276034776,-0.10139950446901218
3503,-0.16073167699582838,-0.18112697003069336
3504,0.7719513166066205,-0.15897442108319434
3505,1.012812617634132,-0.01681541651625897
3506,0.45115698246834945,0.23644998242206167
3507,0.4921879517862247,0.4471126521290551
3508,-1.3767346231751878,0.5133999691492588
3509,0.22327656051462624,0.3383295705170532
3510,-1.8775084657652659,-0.0413572031933805
3511,-1.5972664483383001,-0.3593544951064674
3512,-1.156510523207023,-0.7575398414733916
3513,2.8680413872899653,-0.8361727410596522
3514,-0.2176081783643954,-0.6431307699557397
3515,-1.342888368121412,-0.22059777034533395
3516,0.9706008097057928,-0.30673477338098903
3517,0.9763323629886378,-0.12375782004619912
3518,0.277011494719981,0.2034904560548925
3519,0.6305830405815284,0.29451842730022637
3520,-0.9872557885834948,0.38182090893342047
3521,1.02660616260804,0.26749138787689736
3522,-1.5181413172275064,0.28016333944306054
3523,-0.7064758400008387,0.11741240609664069
3524,-0.34012962617953774,-0.20577425478681513
3525,-1.4885540021317296,-0.4718380734435067
3526,-0.6793043768982069,-0.6341022686020805
3527,1.9646815161920155,-0.7021150699584364
3528,-1.4125590537645532,-0.5372034240975818
3529,1.2182742604251375,-0.3939407014416235
3530,-1.5607376385270346,-0.26001412145406044
3531,-0.6691542381191984,-0.3170478469699021
3532,1.7733377900832399,-0.3596990852217477
3533,1.1622124562951177,-0.0839103224717373
3534,-1.1386897202642474,0.20388141434283533
3535,1.243562758239545,0.26715996684127213
3536,-0.399380122527959,0.32917663334901925
3537,0.9489492135176983,0.424954247471627
3538,0.6657121647519578,0.4732216551587228
3539,0.15334422203225676,0.5292692970476494
3540,0.06465293503268911,0.4849902264808402
3541,-0.44111275740477224,0.45727082365992755
3542,1.7286970621341409,0.41423424952023324
3543,-0.29084566477029916,0.4229647856873331
3544,-0.9544316167904047,0.3733230250585648
3545,0.4697103683651358,0.25640643442221295
3546,-0.9831605221577401,0.07388749503056
3547,-0.13495594252769413,-0.09152516844137559
3548,0.39641379528159926,-0.1267610272304623
3549,-0.36700885787958093,-0.18993750152755062
3550,-0.8615539732690035,-0.23276584183251126
3551,0.05313008844072144,-0.2347335989308507
3552,-0.1006621104148427,-0.36621954898056397
3553,-0.39011829794042285,-0.32835938412592774
3554,-0.8277123899824462,-0.3318882106720641
3555,0.8742684683025251,-0.3853685510982866
3556,1.1353444742951957,-0.2642665816861742
3557,-0.16832746763354944,-0.025902732504261672
3558,-0.7356712905041576,0.23265086390790102
3559,-0.21628831458536413,0.05300046784331913
3560,-1.1812126731259374,-0.041555958392851026
3561,-0.392894298587716,-0.24733090760287507
3562,-0.05489994793778559,-0.4446954778880371
3563,-0.2728124248534118,-0.4921292499306504
3564,-0.21643433963104916,-0.4845599245552349
3565,-0.44303411493028716,-0.5014624515288296
3566,1.5159179883464196,-0.3983105053584719
3567,-0.5651924042799399,-0.16177607730217042
3568,-0.8010980314722366,-0.07247806802183529
3569,2.2232275696099624,-0.009709795931364543
3570,-1.963870506354005,0.11677688095202655
3571,1.2438893894116085,0.12145287729337005
3572,-0.35824428136582315,0.14932375292702474
3573,1.4336229583657456,0.13989409897433158
3574,2.275039587500456,0.29720078264973704
3575,1.1539350991590116,0.9163226053198469
3576,-0.6202102876237996,1.0701210248368145
3577,-0.5674976459811996,1.0177581137433769
3578,-1.1993844417686281,0.6946963251825026
3579,0.31426659609331153,0.3037164317662814
3580,1.1635027724581173,0.13043504672140402
3581,-0.6818895214579086,0.12294283818089156
3582,2.3562392319837264,0.2633862342716756
3583,-0.3651504081372748,0.398057751312719
3584,-1.8463175493129582,0.4409250782860746
3585,1.2190069769916372,0.2323200987170196
3586,0.7266259283126115,0.1817992456099439
3587,0.9232626857016935,0.38741822254511427
3588,-1.2755340197441547,0.33746074606311
3589,0.17257996267657594,0.2741137620329537
3590,-0.39273201931077856,0.038439042841383
3591,1.1263536606727158,0.13859509530230668
3592,0.9784961368711595,0.22060571319713979
3593,-0.3036206829193107,0.37172120254505414
3594,0.1586300031801356,0.38699156780088007
3595,-1.9091141756534846,0.25636473747693506
3596,-0.38665828567681676,0.0026667912464950483
3597,-0.0782581716273868,-0.3124581281680823
3598,0.44708248518053023,-0.45683148849219324
3599,1.039966741267363,-0.35470511263857424
3600,-1.0924882922199997,-0.12124322595988923
3601,-0.0911247226021328,-0.14928434255040307
3602,1.9411322210030542,-0.03156227584340958
3603,1.595448801599673,0.3220729171621901
3604,1.331194296040937,0.6738341583336999
3605,-0.47223687035671535,1.003210275510406
3606,-1.178533376039207,0.7945981306011105
3607,0.018714760356761586,0.5444999883373269
3608,-0.6090762196009025,0.35814355171633233
3609,0.4369932449740166,0.08624421180960398
3610,0.6151623403261364,0.0231364105855798
3611,1.8572119169684227,0.09727371217816846
3612,-0.5673978139279071,0.38960442996972205
3613,1.165736173896376,0.5916083365524096
3614,1.757580325350953,0.7313788166457359
3615,0.30677540797168823,0.9300489399163053
3616,0.1619220992269989,0.9850085211664182
3617,-2.69579613911122,0.7060670008826433
3618,0.660215011730797,0.31969553683448493
3619,0.5819571061932818,0.034154477970012524
3620,1.764672956795536,0.1081423564838123
3621,-0.940235723182867,0.24347661939941753
3622,0.17883527971212868,0.2990045412672516
3623,-0.6629743765536282,0.18509316807667905
3624,-1.2249771280453259,-0.019390798435226744
3625,3.6692661982535,-0.04502396034640306
3626,-0.2603936111984768,0.15691042031946473
3627,1.9149647802608785,0.48570777686850886
3628,-2.612512866920208,0.6806459759922515
3629,0.7009553489658839,0.5570461048113486
3630,-0.6245649028822534,0.20214048022546466
3631,0.9015778497706627,0.15585549934604803
3632,-0.2384803471597158,0.18335456957984697
3633,-0.03573127637384164,0.05276480537838685
3634,0.0790400454555728,-0.019811559871839753
3635,-0.31474046278385953,-0.00203122636190153
3636,0.4514379684151909,0.02430007462249565
3637,0.6213860737185953,0.0804032972164222
3638,1.1928466249130942,0.2216183405152693
3639,0.19003783937563326,0.38803290384415906
3640,0.13655614105842936,0.5520762406157635
3641,0.1024089533802816,0.4947943728430472
3642,-0.09458200079578227,0.46051298113078376
3643,-1.3529392629756745,0.29882714441941627
3644,-0.7750600838958036,0.08150349640234866
3645,0.5020508439612049,-0.26812031723380886
3646,0.9447995758911544,-0.27941286305674495
3647,0.052382074117420574,-0.10107599751208558
3648,0.8692364951424094,0.14509050705333432
3649,-1.748402782146856,0.09631314925934356
3650,0.602876320625587,0.10982795566730927
3651,0.023881546014977422,-0.053874383295105736
3652,-0.1461323303094624,-0.07530754826229362
3653,-0.24783529956529118,-0.06365113112872395
3654,-0.47705684475616955,-0.18546082093819638
3655,0.1712687382577145,-0.22195457453490758
3656,0.8956951377583308,-0.12678522083184268
3657,0.7766156487490842,0.043451192371596045
3658,0.4778223441800203,0.2616559048481798
3659,-0.9189172327124804,0.4318305618800655
3660,-1.4069738634622704,0.11395129846082035
3661,1.2851044177539148,-0.006915985165030264
3662,-1.6402046885084316,-0.09652881664970629
3663,-1.0518037515796232,-0.27858203539366305
3664,-0.9341805476849675,-0.6159114543152477
3665,0.0994076059056175,-0.7320534455234821
3666,-0.31980190787601465,-0.8265360422806004
3667,-0.3144130471105796,-0.7212509523379984
3668,-1.2716600646852159,-0.6354020457698604
3669,-2.427715021097111,-0.8424947124593654
3670,1.2501484289236395,-1.0146121421052556
3671,1.0291723423301187,-0.8320083978071278
3672,-0.32128523460041714,-0.6194154293123195
3673,0.3460267067302199,-0.2780535197302828
3674,-0.8092920592444222,-0.14191512221552716
3675,0.7862233193423129,-0.09549478959709042
3676,1.4322042318604349,0.038555145631703897
3677,0.3887954957455853,0.32244015888166483
3678,-1.893264624008224,0.4016161443578509
3679,-1.3763243704017796,0.18655007806496263
3680,2.1179195820648378,-0.13486692544416934
3681,1.2377470207104324,0.04944120476633132
3682,-1.3851838279415354,0.18301848247405036
3683,0.902313868953433,0.26362696223998433
3684,-1.692139102922129,0.18748117316315618
3685,-0.2360204840961733,-0.062397297998231155
3686,-0.9320677643637109,-0.2463866155880766
3687,0.681203052844147,-0.4735472109290092
3688,0.7271118252626224,-0.3937938928170029
3689,-0.9333582779330724,-0.2309355023769024
3690,-0.03614036779683305,-0.12669728274636313
3691,0.9547562659495351,-0.14990960841526038
3692,2.2083528536926735,0.05372886246031827
3693,0.4843843340411307,0.5169980875267922
3694,0.7064815978737972,0.8081703858673915
3695,-0.8672468323227411,0.8297160576555165
3696,-0.14479146281405586,0.6937871354031823
3697,2.1094778206732725,0.541577821574839
3698,0.5862820746000362,0.7167301475029119
3699,0.19266406057870628,0.7869855153246309
3700,0.04519162621709951,0.7722499890029652
3701,1.9269091716008302,0.7163038796380856
3702,-0.0962475021726081,0.878013028220531
3703,-0.9522832114805497,0.7592937407266965
3704,-0.3279634458731033,0.41562274432672364
3705,0.35221597246215536,0.34332737925072754
3706,0.4003984244120513,0.1936608884205376
3707,-0.7484133750743018,0.09336446985771796
3708,0.9091340783973793,-0.09285150840540804
3709,0.4995607512593402,0.14906158001773284
3710,1.1993884410944606,0.2081122139533958
3711,0.36537606177269055,0.3564679834598131
3712,-1.498091459749121,0.3466239449372939
3713,-0.8452423620022305,0.3486628546044075
3714,0.6500725323340126,0.040039096322777426
3715,-1.0837623329560506,-0.0882820367483956
3716,0.035330938804382025,-0.3063201919758726
3717,-1.0563906463807857,-0.3098720375571442
3718,-0.12011946627551026,-0.447867596100843
3719,2.300857166306646,-0.42569061760608007
3720,-2.015379183661167,-0.24938641378586868
3721,0.7399041014064988,-0.05946769973747453
3722,1.7590501228015016,0.021956585622870683
3723,-0.1836627390994594,0.28120218700778354
3724,0.8627136310469368,0.4221548263893714
3725,0.7987113459445163,0.5746978048748698
3726,-0.11079681146880323,0.6676802774769164
3727,-0.8123625450106025,0.5850301467808092
3728,-1.2070559692910137,0.3692222497893795
3729,0.5178440761262565,0.058244304058506585
3730,1.1668465605236904,-0.17332613694049692
3731,-0.23525211697726908,0.03158866656275859
3732,-0.9211193353939461,0.06665562614120134
3733,0.6966417847161676,0.012342070945789235
3734,-0.4880460610681746,0.011108579870685566
3735,-0.054648089729608586,-0.05055203274695202
3736,0.8715797605119687,-0.06892344962660897
3737,-0.8628993225269591,0.0117443560261433
3738,0.3229998626478881,-0.031130354332488994
3739,-2.2154931088186536,-0.15589751616199218
3740,1.0878172329996474,-0.3449541844904167
3741,0.2727344781637663,-0.3937882093122588
3742,-1.3451243244281808,-0.19085035194294026
3743,0.3893025760456702,-0.22466455642236827
3744,0.04721233244400327,-0.22132215078924164
3745,-0.015913110233506333,-0.14472826669031355
3746,-0.9512676193544364,-0.22666482309056868
3747,1.502868040370115,-0.27476507959040797
3748,-0.8348528702619396,-0.1372407641059099
3749,0.15870607034395592,-0.11512997121961349
3750,0.23213423459781754,0.022664525995102637
3751,-0.9973262985908997,-0.01527513594656199
3752,0.32297661121318977,-0.06594953765038782
3753,0.2893076596065635,-0.12623128301169687
3754,-0.18651065212849777,-0.14544375191902764
3755,0.802268192747853,-0.05435520854230103
3756,-0.2509017667016913,0.06133449508309384
3757,-0.5674922254532521,0.11993966256275185
3758,2.1392246224480083,0.0770029484125708
3759,0.004318450775167949,0.28253396863649605
3760,0.14292094212085443,0.5490743467025624
3761,-0.009013007272824156,0.5602167946157629
3762,0.44826988556995545,0.4504056559963661
3763,-1.260803663707243,0.40971043916514654
3764,-1.6727986311045207,0.028278523662931345
3765,-0.46222783212449264,-0.48097069804895864
3766,-0.26990218547178,-0.5441708072654072
3767,-0.47730630880041813,-0.7066463332722347
3768,-0.5654980541399542,-0.7089335707811486
3769,0.9867546558197234,-0.6987723400671211
3770,-0.6620896524813782,-0.5029253619303845
3771,1.4663099663614696,-0.2953147606139246
3772,0.09788708336776983,-0.08901362834293883
3773,0.33472280354725364,0.13633234555684426
3774,0.3646445510587159,0.24864047505778353
3775,-0.56480608185076,0.36470252903371886
3776,-0.733350473312387,0.155790403125057
3777,0.44465368902111285,0.13503361013912824
3778,0.06105253626583119,0.04106288269472381
3779,1.251345709741949,-0.01964051669832137
3780,-0.031066045924858635,0.17790736055175807
3781,-0.5033474640446928,0.2525762110189513
3782,-0.48071982674081537,0.24766949973588862
3783,0.14675334137580207,0.047332249233692
3784,0.21098519320279704,-0.060223281616881195
3785,-0.31352238040927144,-0.015086260295779629
3786,0.5360101276363767,0.023134414573412983
3787,1.6749375591080788,0.09588767190361391
3788,0.39856798083875694,0.35370226963318563
3789,-0.48385465879543793,0.53264474840335
3790,-0.2097734336703874,0.5893454917470963
3791,-0.3395139762870111,0.28136610610961693
3792,-1.703672756871306,0.14177716330897894
3793,-0.22167877550589002,-0.2662449132787097
3794,0.552023130790339,-0.4403365183205268
3795,-0.48079701283351284,-0.3790451783959496
3796,-1.1695906535993632,-0.3787113863016449
3797,-0.9281197237773328,-0.5365729670798962
3798,1.676664656533747,-0.602314189873219
3799,0.56872379302206,-0.47221202562795855
3800,-0.9891464839369775,-0.07527803188508751
3801,0.4906905723553631,-0.04105651933022693
3802,-0.8004921414836083,-0.0483714309550345
3803,0.6970348696430496,-0.08718758990940284
3804,-1.535692138123767,-0.046876249034051465
3805,0.20095107725073164,-0.21228548572718056
3806,0.6725792209401882,-0.2820552736221414
3807,1.029044198376997,-0.08537537006478108
3808,-0.3828601724697117,0.08975288410700888
3809,-1.0875515613195659,0.17952660372839785
3810,0.2352474904278707,0.017279593440557635
3811,0.5682075501496269,-0.01250096805075153
3812,-0.9543516266535955,0.0006906865831398587
3813,-0.1600554416065655,-0.08841817850514933
3814,-0.7472823330115234,-0.2512919553757753
3815,1.071078623133341,-0.2746107283950218
3816,-0.6160387484718357,-0.24751663068163363
3817,0.9963512650335102,-0.1043509650400967
3818,-0.8300377435698797,0.0015800568801953158
3819,1.0938836117087554,0.03651055100850316
3820,0.8744757414560662,0.1563680895138683
3821,-1.6366447753224984,0.25137990984253145
3822,-1.163156929992728,0.09559459010257154
3823,-0.20088065440699562,-0.2353646629876368
3824,-1.3773866282911713,-0.4668423318621742
3825,-1.0825513147065589,-0.7225819263440593
3826,-0.11198255920192396,-0.8624621853413833
3827,0.14369866198082715,-0.9123723803916877
3828,1.225516842625062,-0.6161835758048848
3829,-1.8308427569042485,-0.4709060479884378
3830,1.0437268250092655,-0.358607601689087
3831,-0.5204228267878365,-0.3022651235487051
3832,-1.335435175797564,-0.31401746318782514
3833,-0.4689964914194704,-0.4709942387337184
3834,1.2729159902022176,-0.44858744238270304
3835,-1.4755492918391337,-0.3507106413100418
3836,0.3022886438665344,-0.3184455924787405
3837,-1.405046012853351,-0.35726076515882743
3838,-2.3586076003791634,-0.6273144150905524
3839,0.40240803152606625,-0.9524993239680392
3840,-0.19613881181709714,-1.0165320094982055
3841,1.348343439988998,-0.6997837982286218
3842,-0.29903258255203424,-0.5076890788486269
3843,-1.8950922882124128,-0.2964000172345991
3844,1.0469721110579515,-0.4037033530429367
3845,0.3874049078676622,-0.3277426380330729
3846,-0.14350080010245983,-0.0817488063790976
3847,0.46552784081729404,-0.004296836194981097
3848,1.2034337980565268,0.13661066398950392
3849,0.8525474250914417,0.4049427367591633
3850,-1.3903263706203584,0.5726184898140799
3851,-0.4742766121239092,0.43788898136141574
3852,0.16958960972581288,0.1636891214898069
3853,-0.12260452967881158,0.04381120357370814
3854,0.010306243652709247,0.0034337901563667866
3855,-0.2558869969735351,-0.10268259343019409
3856,-1.6411562973408478,-0.18917753017911673
3857,0.5567955678093116,-0.4059569136337289
3858,-0.23906921141197005,-0.3962312995108984
3859,-1.6501426562354353,-0.4349099227190981
3860,1.4940489252548663,-0.5035335832575585
3861,-0.4900408286364029,-0.36922219753432084
3862,0.4015083668712341,-0.25462595923333653
3863,-1.028203769166827,-0.1789387335327322
3864,0.02501064513083432,-0.21480875683780704
3865,-0.3413569518614179,-0.2638965939904159
3866,1.7038782281760927,-0.11530283090408928
3867,-1.6192493963218344,-0.05210619701965267
3868,0.39612142959672797,0.015503137714218011
3869,-0.3048968691445079,0.00593064290615912
3870,0.522705692486612,-0.09507799131274224
3871,0.034190704832946284,0.03184248774451516
3872,-0.6285470931037384,0.002407495668497582
3873,0.688835046080389,0.060162926337718504
3874,-0.16703884018590098,0.05444248919534908
3875,0.849848094132924,0.1285777540372704
3876,0.36134531993228375,0.20219293550239864
3877,-0.6951128631884568,0.19715108093852632
3878,0.6515210504757075,0.28387819319545954
3879,-2.0336462093299694,0.15513487107077945
3880,-0.6521344699411157,-0.20079834614063666
3881,0.3697470278505519,-0.4746430943501383
3882,1.1973104879676355,-0.4928153927126345
3883,-0.7866674423971928,-0.29595350103042917
3884,-1.1555444184906858,-0.2347234084429717
3885,1.250107037751541,-0.2866271905149161
3886,1.2160348154884635,-0.0907823312937483
3887,0.3753434478802734,0.10317367547418173
3888,0.02809855264318579,0.29146749110184106
3889,-0.8940670914447602,0.39053335312201937
3890,0.4064444122113416,0.2226320306969995
3891,-0.8168242125561821,0.14300131163883198
3892,-1.7117883262478881,-0.08789111181849867
3893,-2.752637481401118,-0.5504950130974947
3894,0.4596938855786731,-0.9925534682751005
3895,0.15063649370032717,-1.1490389741210474
3896,-2.39726751028752,-1.124049476422064
3897,-0.9558627428062954,-1.2406139843040453
3898,-1.1308248143953639,-1.3319976431582734
3899,-1.2440586673385237,-1.4760500938640757
3900,-1.7845971117939106,-1.475149188172441
3901,0.15320683574442073,-1.4961448703344151
3902,-0.36910242939098326,-1.4157657839504898
3903,-0.8451074250264146,-1.329952020999736
3904,-3.014637268418552,-1.2099689227267694
3905,1.4462645680416601,-1.307960143934453
3906,-0.6139655238434207,-1.2348326196776096
3907,1.2431943494105673,-0.8560209280957337
3908,0.16141267152514058,-0.45366806507027707
3909,-0.5339545508759251,-0.23692641530356695
3910,-0.7248546883140536,-0.19525250260291466
3911,0.023384901415500692,-0.1846002372231765
3912,0.7763464017707027,-0.07824345790107161
3913,-0.8471814670278269,-0.13446918439025574
3914,0.5914085529393664,-0.1718102553133603
3915,-1.6169696648234917,-0.09479152449264659
3916,-0.15416497090061648,-0.2988369279514091
3917,0.8717485655209416,-0.3118785270175063
3918,1.7942155003244848,-0.15541453197336552
3919,2.7135948205744578,0.36831998319821957
3920,-0.2971708513537367,0.8109586869959958
3921,-0.737557947535983,1.0461235168811887
3922,-1.1465321277652452,0.7847963199089638
3923,-1.3176278894747409,0.38807699948002994
3924,-1.434051438280244,-0.2628908964170365
3925,0.8564694526636166,-0.5718057173461545
3926,0.14041482368868538,-0.5120697696930826
3927,0.6543375683676128,-0.46849598913500734
3928,-0.8297821998344918,-0.3608716517553668
3929,0.4247972550057863,-0.1717863677614453
3930,0.15765250148246332,-0.14671378736626828
3931,0.7096769959453451,-0.026984512532190995
3932,-0.18264480570378125,0.10428313979874879
3933,-0.059365673020897486,0.141790933858157
3934,-0.6234140793998827,0.0783948114281835
3935,0.9302260196166507,0.07950164111987175
3936,-0.28773627504240823,0.12555773152076793
3937,-0.8345972852982063,0.18801536343470343
3938,-2.0565390682630516,-0.19506645094508093
3939,0.6258392365443525,-0.44074912933876187
3940,-0.8680458983733901,-0.5081923346027715
3941,0.10925717356597944,-0.6629103720841372
3942,-0.1711996372829659,-0.5589687259616056
3943,1.5824348689698169,-0.45266382236994573
3944,-0.6059053532978409,-0.043504677978777564
3945,0.034530537222993325,-0.07028734973784236
3946,1.6663252381648324,0.2296073184826099
3947,-0.47517049001567646,0.27274276043517565
3948,0.18310332594979736,0.4046792599510126
3949,-1.131802021002488,0.30810476345157406
3950,0.9901302275906291,0.19374679277813764
3951,0.6093523921584609,0.1827666901638909
3952,-0.16813439489265591,0.1859289095867183
3953,1.0954707062532174,0.31947995876884616
3954,0.16327745784406011,0.39012543403355493
3955,1.409919306130585,0.5173271976646235
3956,-2.1811381140209196,0.5723051407560737
3957,1.138148734930824,0.37191183673662065
3958,-0.0018528258743192724,0.25575114790912074
3959,1.9742076889284113,0.316050215853273
3960,1.0811068869031148,0.6785044483172299
3961,0.66488916655789,0.8738224662952916
3962,1.3173302870454746,0.96609674257848
3963,-1.1066002541655036,0.9744928066085492
3964,0.4363367445559285,0.9189587188326171
3965,0.55392712489827,0.718538205964891
3966,-1.791442575550631,0.4455032820012367
3967,-0.024355699861340303,0.2845579767590161
3968,1.1200223131279687,-0.04111001007715065
3969,0.5345779790502061,0.03914183275769539
3970,-0.02832256556011027,0.14087441633430065
3971,1.1616889942803958,0.28437974681284456
3972,0.03528160383508484,0.4768295050982645
3973,0.6703402575798282,0.42899770677056615
3974,-1.4398171439471243,0.331058494296874
3975,0.3588782503740153,0.2156315367002808
3976,0.23037212425006465,0.06028811562139802
3977,-1.8349108945298616,0.03841730272959257
3978,-1.4138899529148161,-0.36160696929262726
3979,1.0984386364325538,-0.6085205457795585
3980,-0.31532086454200586,-0.5897493954869057
3981,1.2886597481591981,-0.3686850932144725
3982,1.0562808229812324,-0.06076347680226147
3983,-0.7142980478842428,0.17041740401668046
3984,-1.2247209254253255,0.2413917639020897
3985,-0.17447722748938888,0.005399335384375441
3986,-0.27499657659234833,-0.10857992029831517
3987,-1.0396980624827579,-0.32283410562544484
3988,0.16656855614213517,-0.564907232718704
3989,0.5957559376655792,-0.4707377755510896
3990,1.959476462827103,-0.26068125938680553
3991,-0.16735089672036874,0.17313775139552867
3992,-0.09309194327678386,0.4433063649294843
3993,1.4597314350820563,0.4626296799228269
3994,1.4752089068082286,0.5945766440417335
3995,-0.1217120376663646,0.9441697946131582
3996,-0.4507869124526256,0.8456301519487733
3997,-0.6484649591930145,0.6851026892946098
3998,0.7345203027943618,0.40561652640003837
3999,-0.3076810298765407,0.2066128540188371
4000,-0.654093907525091,0.12422586780372903
4001,-0.18043225205543148,-0.048815419412566965
4002,0.6490988249097638,-0.1030172952795028
4003,0.2799789364320956,-0.10031300760976664
4004,0.44095401482277435,0.051104376387627784
4005,1.3663529234809642,0.21275178714972784
4006,-0.19463201673283406,0.3804303515050199
4007,-0.6027241405246054,0.4662599606394931
4008,2.173213072932689,0.4693080756215663
4009,-0.5293120502458633,0.4627987527165663
4010,0.21474082864291966,0.5040233139641966
4011,-1.7917097380806555,0.392315377434767
4012,0.3917165048937917,0.24143477748927777
4013,0.06461340280124545,-0.05042413264313864
4014,2.1446593351592615,-0.08162316968811922
4015,-1.1787930082544313,0.1612781540314008
4016,-2.40273474255855,0.0864032700404866
4017,-1.0930632949032293,-0.22740762757667876
4018,-0.8293579100230664,-0.753503193684459
4019,-1.4713390592854783,-0.9445596383112286
4020,0.5942930813602674,-1.186479237568991
4021,0.5651701846614297,-0.9638035611202732
4022,-0.7794123111580725,-0.7120772585102646
4023,0.35230135800683154,-0.557813502850493
4024,-0.3593464629684904,-0.42681776514288233
4025,0.10156647652830719,-0.37246524525286895
4026,-0.40560735897417416,-0.1928591328688018
4027,1.1277107007565321,-0.07740889491211544
4028,-0.27577527887652076,0.020292399877122717
4029,0.12522628297741323,0.11694114813273072
4030,0.7827454903314023,0.1057178419033195
4031,-0.22412711165321658,0.271586860366799
4032,-0.09309216468029677,0.2816459664919096
4033,1.6970016422725278,0.2789652736125081
4034,0.8265889631759332,0.4861154723598421
4035,0.7127657844356398,0.6763753596546294
4036,-0.43817447675693283,0.7206287700813149
4037,1.1033156091133205,0.6862757341810862
4038,0.8786088416793404,0.7393686449714737
4039,0.36164677556393654,0.631974007994188
4040,0.4337847994214497,0.7325969058594268
4041,-0.21896358586954487,0.7390545019272179
4042,1.6648236162440728,0.6803467117200744
4043,-0.8270304355262816,0.5959398507455255
4044,0.7262670589950336,0.6098139524528688
4045,-0.5986938494667382,0.5014392350464341
4046,-0.6458023097555194,0.33363666553688714
4047,-0.011114725349274065,0.09238658051363934
4048,0.44467325236918365,-0.0478798527054405
4049,0.6597458026890739,-0.0420148959504899
4050,-0.07632215435456073,0.11459370313225278
4051,-0.11145076271568576,0.16478603308217438
4052,1.8308887847520696,0.2328646900228356
4053,-0.8429052992809253,0.37086234798140383
4054,-0.20108497418973023,0.4620509222649087
4055,0.6291901046751707,0.2876575008135928
4056,-0.2659554857729492,0.20434980415812581
4057,0.6782767612307837,0.21908660418733952
4058,-1.3959860131877626,0.09270776458893394
4059,-0.08554750928910594,-0.003952466249972267
4060,-0.7177809143261539,-0.1673836139786344
4061,0.4946676343445064,-0.33641388644098225
4062,-0.5652398793196249,-0.29040205054006896
4063,1.3554562034798283,-0.32064645467130487
4064,-0.0017625500259261751,-0.09855674670456717
4065,1.0360475246851097,0.12450627943363324
4066,0.2268423649075059,0.3671616117241333
4067,1.7865159300127837,0.5481616103878477
4068,-0.5672428813977274,0.7151798170385405
4069,-0.9368672889663351,0.6690117317453834
4070,0.43620444816519904,0.46791840061712886
4071,-1.5820568624032465,0.19338550317196276
4072,-0.5634778122672317,-0.15660213852694782
4073,-0.8646717479512869,-0.3495952998668787
4074,-0.32853821442190206,-0.6893742578757045
4075,-0.5793043121595852,-0.722000372559006
4076,-1.7049697900457113,-0.8070836911916688
4077,-1.3146048171217186,-0.9119390993874212
4078,0.49392940796982504,-1.053116322938268
4079,0.9361768034926374,-0.9885328328560182
4080,-1.1398662276292866,-0.6770255434731558
4081,-0.2527976754360498,-0.5280561550149022
4082,0.6909302539812686,-0.392279486590748
4083,0.2202190967521824,-0.28322651974746027
4084,1.525767230878953,0.035657557222849696
4085,1.0788523031826807,0.2971013920722695
4086,-1.384757889332461,0.5500923232949616
4087,0.8082967238697218,0.5657063796416482
4088,0.43957696696810933,0.3931381683187801
4089,0.527757858780012,0.4646486480560339
4090,1.2187900456029432,0.5282796530085665
4091,1.2017200182037189,0.7207647312040019
4092,0.3503770599444604,0.8424179232141592
4093,-0.1479906248221526,0.9502996175503934
4094,-0.26867966586812775,0.7206309408752775
4095,0.506035843308166,0.5980960035899474
4096,-0.026056981946112476,0.39553627970531774
4097,1.3388016459136203,0.36131563232396674
4098,0.22561140100842325,0.4796559087762292
4099,-0.49070992438717587,0.504991476264844
4100,-0.38678018782365337,0.37130159084979186
4101,1.185779422483913,0.3047907283945642
4102,1.2868802275677502,0.2246338137713081
4103,-1.2845989586928024,0.4065564217207081
4104,-2.1645386615741486,0.22451651901953082
4105,0.5782954764772258,-0.07987143695425791
4106,-0.33048554293891547,-0.3819260411765244
4107,-0.8306166489161417,-0.39957059350070445
4108,-1.5855063382203531,-0.7035700547867454
4109,0.4222571875278916,-0.7903852323551905
4110,0.18293493844965994,-0.8305836030999906
4111,0.42225294975293803,-0.5324739686762905
4112,-1.8467754332908093,-0.509549360653253
4113,0.33099157813511587,-0.41640713571774457
4114,-0.3818801423551584,-0.48255884764882767
4115,-0.15577086403779444,-0.5230113908103072
4116,-0.8293204040179212,-0.49595450823256376
4117,-2.219701154673493,-0.5641046696293712
4118,0.15131942584859973,-0.75501769798026
4119,-0.16749615095340828,-0.9521947316276895
4120,0.0288638548536767,-0.7906806887517843
4121,0.9929477020874738,-0.6250652845571056
4122,-0.2321661162134139,-0.398589047150023
4123,-1.056114689742758,-0.2083982996013976
4124,-0.027069977634483725,-0.22749292220603978
4125,0.2588656991661081,-0.19495527464711046
4126,-0.0691833394652363,-0.16061673049567518
4127,0.15424787623650776,-0.1545030654422465
4128,-0.029822668519616062,-0.015909033053082437
4129,0.09888721822466251,-0.015291769354987578
4130,-1.2119765859617522,-0.12427444598150644
4131,-0.4404607601633196,-0.1788352824604464
4132,-0.03646105301725922,-0.2806268456411579
4133,-0.2856466515580371,-0.36301618256241425
4134,-0.5137364557411276,-0.3498092985977147
4135,0.25562460446822804,-0.4699642774059917
4136,-1.9562919147571958,-0.4788652434837069
4137,-0.9890554372314104,-0.6090785867089477
4138,1.1912104855835528,-0.7141672592559407
4139,-0.8218479293631702,-0.6606589543435901
4140,0.29218423119289055,-0.47294383509551824
4141,0.10385178520522999,-0.44116296806329297
4142,-0.7769024448421065,-0.272877635976693
4143,0.7085941662312707,-0.19117802054608293
4144,0.16829833925104706,-0.12433568125584762
4145,-0.27918690821020886,-0.07957580171829987
4146,0.9124301664368284,-0.05617165510776225
4147,0.21500020413024534,0.09431114826124204
4148,-0.5111844940138358,0.1892075982294236
4149,-0.5732024772896885,0.18117101231754912
4150,2.511877488107977,0.22892901838595683
4151,1.6503258952890805,0.49317949466856964
4152,0.3254922931868589,0.7957783272342721
4153,-1.9413569180299193,0.8655807245089144
4154,0.025287402439771622,0.6211289592666698
4155,-1.1636465137885417,0.24315678235648766
4156,0.864930748795085,-0.07512779601956207
4157,0.3986819185235151,-0.08044023343041672
4158,0.17231622568108415,-0.012784290400966705
4159,1.1914900591127466,0.07606333037191434
4160,-1.6940610060131078,0.2571439169516814
4161,1.1421521176143101,0.10005738422449817
4162,0.2851113738075901,0.05840025685275911
4163,-1.0421857531389511,0.15802461244418012
4164,0.8164637472487989,0.016629805602408163
4165,0.5482698445031263,0.12754123667902767
4166,0.9001026664321184,0.19277266691249734
4167,0.03095255323216597,0.3397913676017318
4168,-0.39757845114241264,0.38648386854757266
4169,-0.5495800031066201,0.2842529249049122
4170,1.733853290509689,0.27030843200621707
4171,0.49471530557762095,0.248139754955138
4172,0.3137638190605927,0.4077558688646778
4173,-0.605189890508608,0.5141959285851277
4174,0.8543855526056978,0.4575596034366998
4175,0.9716149867632629,0.45813450567819386
4176,-1.9938989131515485,0.439105034239937
4177,1.3705476785649386,0.26188379559399544
4178,-2.857168098679723,0.07358496277057464
4179,-0.8870729003319755,-0.2932827013636884
4180,-0.8793209970440128,-0.760651452586501
4181,1.0384712328413013,-0.7838496489696023
4182,0.807039592105545,-0.7034493264025472
4183,-0.6765305378824851,-0.4524341197741652
4184,0.6181047973828877,-0.2736027677561671
4185,-0.5770239579221719,-0.08161503331985848
4186,-0.16689516654315692,-0.13461351618409503
4187,-2.293846536571525,-0.22146607841270077
4188,0.6234570903234277,-0.4613387367314789
4189,-0.9539870618990932,-0.5165916916637423
4190,0.3474674415773343,-0.570135279195355
4191,0.6841219902251173,-0.4918976456895038
4192,-0.5899003438235056,-0.15209888872671473
4193,-1.4358528863305486,-0.2891799477443038
4194,0.022000101705978173,-0.45280759364845113
4195,1.054752104892277,-0.47087254319280075
4196,0.5141287799364299,-0.2261897656207012
4197,-0.34169609884207863,-0.027770453833310702
4198,0.8805866745843511,0.11694228131897318
4199,-0.3498015067335806,0.20843348120239966
4200,-0.16664488946096073,0.3248407326725974
4201,0.3378624167397666,0.1468808325431309
4202,0.42067228507639054,0.239125830412653
4203,-1.497547405189132,0.10480135637146339
4204,0.36719485857137074,-0.04727362428676955
4205,0.23092399653620796,-0.08781121113798344
4206,-0.7742425171751144,-0.09136520725439687
4207,-2.5094839915024503,-0.39870310942621945
4208,-0.6810706530704265,-0.5465455863608654
4209,1.2222747133270688,-0.8182604729844468
4210,2.214379902302017,-0.6132677215961337
4211,0.7812601839717891,-0.010153985194081172
4212,1.262773792285406,0.46807094920190934
4213,0.1370316191784289,0.7457910358571445
4214,0.20791141597464896,0.7795279410258474
4215,0.3888109042614895,0.8220271651145292
4216,-1.1730641743777943,0.7235378126990042
4217,-0.03820934460712889,0.5302775711682614
4218,0.31232462922205506,0.1293335389537141
4219,0.0414705734259252,0.1299028678333925
4220,0.09358964596797291,0.05325927686609611
4221,-0.2203538058903326,0.04405574027745779
4222,-0.24945260747587267,0.05794378760495218
4223,0.26887485060032973,-0.011937252756613295
4224,-0.24823617772282236,-0.09980113648555387
4225,0.6277030557091611,-0.012066127309928166
4226,0.36995486068884115,0.030212892940958042
4227,-0.908062520426169,0.04566877491683539
4228,0.504610799365314,0.08575479479775217
4229,0.25240903557049466,-0.01905135161040908
4230,-0.743175925851925,-0.062295588932739725
4231,-0.3826820570946485,0.008325390475977322
4232,0.6129033461497644,-0.17809923228016586
4233,-1.379559412589302,-0.2002328695918125
4234,0.6916630575829603,-0.3025666921298571
4235,1.3368135459922124,-0.16989436775921388
4236,-0.4681771492630624,0.030411042713197917
4237,1.2197416892156905,0.1270938520853484
4238,0.2043629527866281,0.3588791155212809
4239,-0.1645111739005481,0.4080708666505029
4240,0.5951452127026522,0.45250876181080635
4241,-0.2532360579109878,0.4048831544008665
4242,-0.13192323493987637,0.3668444549598794
4243,-1.8519805420953437,0.19285998119860936
4244,1.1775346487290668,-0.09240226371014118
4245,-0.9772664529972604,-0.23068303431231582
4246,-0.9385598684725679,-0.32680495550124317
4247,0.422003426690012,-0.46470820011770236
4248,-0.19559213134353204,-0.3677038585842624
4249,-0.8562248153078378,-0.427677925795001
4250,0.13360394671383868,-0.44798919294662237
4251,-0.5456770211099207,-0.40261092236289736
4252,-0.17873704227985818,-0.44238895000424344
4253,0.03610368606778168,-0.38978023923339755
4254,-0.15829501853610192,-0.3427349009900783
4255,-1.7818435513281126,-0.4136421677137498
4256,0.3172929941697158,-0.49458223073804136
4257,-0.5150679896717029,-0.5738369548362187
4258,0.3516927761880506,-0.4795381444547103
4259,-0.707411697457517,-0.37703774949779306
4260,-0.24668233314706625,-0.46840102121133287
4261,0.9321402902669736,-0.32962589389998675
4262,-1.4724410677074435,-0.2242400555237251
4263,-1.6198464712684248,-0.40312999429371515
4264,-0.5731142209887785,-0.5669772711357483
4265,0.13993415136458173,-0.9018570861736539
4266,0.05345732298116356,-0.7763259286768813
4267,0.5322193691062743,-0.527342961080254
4268,-0.2917113942099149,-0.36528628241670086
4269,0.9956643346401132,-0.19140454973256257
4270,-1.152913285667452,0.010682076693873832
4271,0.21194657805630507,0.0017642715704077744
4272,1.314909032794488,-0.01832050310504372
4273,0.21125154074674327,0.21930646161676143
4274,-0.9957264368981299,0.2561277019126922
4275,0.06500978380950209,0.14436004478677764
4276,-0.8026462478855342,0.020822242864815585
4277,-0.48003914411030607,-0.09766023500325621
4278,-0.8541330929161608,-0.3818925942460524
4279,-1.0162130900671946,-0.5481843179669741
4280,-1.562475706653513,-0.730738175045492
4281,1.1314319918849116,-0.8651885255501269
4282,1.0250616462918738,-0.7225527814899968
4283,-0.5149507664881448,-0.5031792396244439
4284,-1.904813907163043,-0.34069153250622974
4285,0.797668490283535,-0.35487633593216594
4286,-1.7381032908477825,-0.48059306031319765
4287,-0.5585918234125067,-0.6214666227246326
4288,0.5217938712835707,-0.6860934374209446
4289,-0.5189497326238428,-0.6718392851996594
4290,1.1607598424629686,-0.4825119041458019
4291,-0.32750271080934296,-0.19755287785616454
4292,-0.4368786495160374,-0.2085526671812054
4293,-0.2799621530084147,-0.1215327743796529
4294,0.29981795318654186,-0.1796128734434044
4295,-0.6971280525513843,-0.07116930673503509
4296,-1.168697935805567,-0.1932968979366777
4297,-1.0050531490290113,-0.4821770694045959
4298,-0.23013609474777244,-0.6631005534432596
4299,-1.163609073912269,-0.8212525138448865
4300,-1.955503553366278,-0.9999358011107005
4301,0.10382128714453388,-1.0441830717435083
4302,0.5934709128939152,-1.0772603297937946
4303,-0.6619891986338107,-0.8988321732977095
4304,-0.017757203749175155,-0.712260792708876
4305,-0.3433924016345212,-0.5868403008802389
4306,-0.3917028826836244,-0.46345071994659165
4307,-1.2567547380516202,-0.4670935883493606
4308,-0.742169410436486,-0.6096141223757466
4309,-0.43861951192503074,-0.6887587284799022
4310,0.024144630002900305,-0.6677265023519553
4311,-0.25494066671466264,-0.6731037497511921
4312,2.215561946495644,-0.4368139253627396
4313,-0.12211251439925475,-0.13565449077875846
4314,1.359955588674811,0.1912509558482811
4315,1.1174870000689396,0.5854028699403614
4316,-0.8467537821779916,0.7940758503531722
4317,-1.1633586639081233,0.6709884233454168
4318,1.5756791813862814,0.4376263940820356
4319,-1.4130136113827139,0.2088278082185824
4320,-1.4911963140723954,0.06575354432910935
4321,0.9086673749470531,-0.1914970545098518
4322,-0.07918799532654885,-0.2761621515113405
4323,0.20183412538597278,-0.2800357718241622
4324,-0.06979694226709096,-0.23188295401071504
4325,-0.7510243059497113,-0.24905777583926877
4326,-1.149638486385239,-0.17326188521396574
4327,1.1791024047442134,-0.36264421987124335
4328,0.5242286580195472,-0.2587175809604666
4329,0.5893898623198965,-0.0805909631161347
4330,-1.6527495833311139,0.04461280846167193
4331,-0.09157042813859365,-0.0854403749298242
4332,0.008881564045275512,-0.10333613823419119
4333,0.7370293415235308,-0.19374371080468092
4334,0.8930644075000893,-0.07120591925223126
4335,-0.5643559284865793,0.17426390715153053
4336,-0.06556012110267348,0.17753608771373638
4337,0.2326793053950302,0.16680920691869758
4338,0.7921822756155963,0.16375328231335282
4339,-0.30074832122971473,0.23839502717541855
4340,-2.1412440099033088,0.07000974064999457
4341,0.8634819025136579,-0.10313079902868424
4342,-1.4937245907424908,-0.4203725804243507
4343,-0.966519270181281,-0.4244276166728858
4344,0.3193252059200446,-0.7865373044196846
4345,0.2852399734219859,-0.6622543357124031
4346,2.8596172372943287,-0.37265439053585625
4347,0.1925628148834035,0.12128417637933171
4348,1.6781736207590454,0.5757937690447851
4349,-0.6000467087255922,0.8833586797339232
4350,1.10737448770845,0.9449021069496407
4351,-0.8962198232673102,0.8094639177746575
4352,0.6252215701201909,0.6974496076776586
4353,-1.3877386327458539,0.5481462060513789
4354,-1.0373948345472286,0.07923755069166957
4355,-0.6661412746168269,-0.24087729800454377
4356,-0.4422514296602252,-0.5303185594150145
4357,-1.688622878831268,-0.7490083057553479
4358,-1.372919078659444,-0.8955276014013236
4359,0.030105138778329633,-1.1297251196415945
4360,0.6145684267818251,-1.150609635950727
4361,-1.138272961374073,-0.8996513854736661
4362,1.5149947797666514,-0.6782412049550411
4363,0.27167813718595696,-0.36885388465246116
4364,0.18205665855927208,-0.06294107787784375
4365,-0.504398928343118,0.057967524517665396
4366,1.0018339400215586,0.17727507816652535
4367,-0.15215616180464844,0.23080854817975063
4368,-1.564531874206203,0.20693516619330127
4369,1.8941260695903859,0.05166576399266887
4370,0.6388522983936781,0.19042665388854768
4371,0.3279315921684057,0.33542389517131993
4372,-2.7777244437169,0.2707924975112887
4373,-0.7277210918458781,-0.013495699219667583
4374,-0.2814339709919233,-0.43811066860471715
4375,0.6329847163864453,-0.5673215665019655
4376,0.513816887608895,-0.44606262964001897
4377,-0.6862059807987563,-0.22881212000115675
4378,-0.24736515521956035,-0.23876912301162947
4379,-2.0830616681900658,-0.30406084726787996
4380,-0.2531664224716783,-0.5743859161630915
4381,-0.7297741956512804,-0.8676122253316148
4382,-0.10949093251842208,-0.7959509969230854
4383,2.604191986374379,-0.6650749513903328
4384,1.173097637060627,-0.19736860148966084
4385,1.0874350404316704,0.38532617551421805
4386,0.5270881807877538,0.8250426951777446
4387,-0.2895908962850226,0.8924824445782837
4388,-0.033606387343607415,0.8675758401630387
4389,1.296579974123316,0.7483349523258638
4390,-1.6210428193613005,0.6691563258516403
4391,-0.10007790033826297,0.3058872160535382
4392,-0.2619483266868316,0.08486084988379555
4393,1.3471362651547805,0.007815789109307641
4394,1.0226478782200965,0.10976379387311484
4395,-0.8279901722147945,0.2675947073516285
4396,0.701820052270926,0.3334275062685339
4397,-0.07749771206270394,0.280417392436423
4398,-0.6779258941339527,0.22899451998880255
4399,-0.15762487295808864,0.10311287928323623
4400,-0.7357935622737541,-0.04932396196585985
4401,-1.3934095189851259,-0.218883820948749
4402,-1.9707391511850274,-0.6454395385862398
4403,-1.135519327727045,-1.0047635530989583
4404,-0.9476969889295176,-1.3148295362226188
4405,0.2425118610278812,-1.2898696181744647
4406,0.1751787285579092,-1.110176737334668
4407,-0.9265545088645443,-1.0096810359492978
4408,-0.2778393190274244,-0.7743844825922699
4409,0.02079282903449081,-0.7506743111301154
4410,0.7166981726198143,-0.4940450434144959
4411,-0.20505434323708607,-0.26148410760379975
4412,-0.16752381871727323,-0.11975354634133044
4413,-1.531692044622011,-0.19858095709024728
4414,-0.6492938632843083,-0.37118728954810976
4415,-2.4521953603671287,-0.6105078986633811
4416,2.2006605873537675,-0.8153091652092679
4417,0.06542924696704694,-0.8288095452582668
4418,1.2226841518983362,-0.37393591157638245
4419,-0.21237150899134796,-0.025739247355132687
4420,1.2129604183653888,0.23839994502985523
4421,0.12072627673705363,0.37162788359832544
4422,0.9637508537059096,0.5909261915916373
4423,0.08310552788629702,0.6663900853277192
4424,0.8824266397878956,0.7095355293823156
4425,-0.15682387175297557,0.7741532543835223
4426,-0.5853861459979202,0.517835541978852
4427,-1.710288180830132,0.26863935676037537
4428,0.9539000946908833,0.0061852514556426305
4429,0.09763665500716627,-0.19776888142676952
4430,-0.2724811059725159,-0.11656890977577576
4431,0.7718807832014245,-0.07826354407995152
4432,-0.276450489596252,-0.07959981567466576
4433,-0.41104407210394983,0.009630950718040265
4434,1.068671935914743,0.06761710157481401
4435,-0.5957488338191197,0.048753614676127426
4436,-0.3736592760383745,0.11315467001893857
4437,0.04622732772747369,-0.02733042306242146
4438,-1.656767579593031,-0.11884634190476422
4439,-0.1925527548408153,-0.27095510632285413
4440,-1.6894393375478185,-0.5869226844595566
4441,0.4916575908439176,-0.767816006154817
4442,-0.5393473371444253,-0.8762051986397518
4443,-0.8034992356491901,-0.7489211227096276
4444,-1.593653116880842,-0.8799258360174366
4445,0.13769993460692942,-0.8926404813277415
4446,0.5075503026341133,-0.9127766445406349
4447,1.1282165063001286,-0.6291041548548325
4448,-0.7084868960601526,-0.24710195330395834
4449,-0.5618909426187586,-0.1603805182799583
4450,-0.18457156153804927,-0.2014839997630111
4451,1.2096287896831448,-0.11846245817891374
4452,-0.8068765498555646,-0.049544372808721565
4453,1.7400201930486332,0.09231198019729309
4454,1.3767204887626308,0.33088489051650655
4455,1.9968357539122898,0.6625428088973179
4456,1.330377851951718,1.1261216478785314
4457,1.2973269023869323,1.5032214222217033
4458,0.06511364955191536,1.507419474386654
4459,0.6428253192922428,1.52861890572197
4460,1.2188148364666498,1.3441155222283425
4461,1.8638480245314457,1.371076850168217
4462,-0.3934385189437673,1.323741507992939
4463,-1.1266526117467794,1.1682663511523859
4464,0.8904570989380353,0.770813978377605
4465,0.4299009869545279,0.6052448334895264
4466,-1.3305789577344067,0.32784439600709897
4467,-0.03282041953393581,0.19107536637224706
4468,0.06964409263658343,0.0572129915480368
4469,1.4893527811839258,0.07950865653545708
4470,-0.5411293942056838,0.06116906307157634
4471,0.6010236642430983,0.230265520307498
4472,-0.7655603486111896,0.11818757792370964
4473,-0.07064007928143703,0.16934250799970224
4474,0.4911346210560443,0.05231922703081904
4475,0.25043377688498525,0.10777198262647023
4476,0.4555860679449376,0.1429296762386368
4477,0.5155966669237352,0.30762976405430925
4478,0.493855433306681,0.3462032401181994
4479,0.46090807324443084,0.4088244127931086
4480,0.5252991249839009,0.41817805265978486
4481,1.6287968275190667,0.6848859956255047
4482,-1.5225481953271787,0.7249481313802253
4483,0.09782213346832977,0.658423613634675
4484,0.45672668252664844,0.3884302890399724
4485,0.3906552925983359,0.31827184180848844
4486,0.6508674032942948,0.31154910841675443
4487,1.4172558859836026,0.4212506592921836
4488,-1.7428654421047716,0.4612432079754206
4489,-0.32550284615277214,0.317484180662985
4490,0.5608573856194425,0.11258800087101732
4491,2.1218943513135784,0.0920203820482191
4492,-0.2841547828490883,0.3436119541315426
4493,0.14225430688467308,0.4742432200765857
4494,-0.21250949430852126,0.5420874859905073
4495,0.9878587435450199,0.4359058666996649
4496,-1.7782012986456661,0.24492167600764103
4497,0.6570327906451614,0.04327728639474736
4498,0.17775561358953829,0.04521005004474299
4499,-0.6588300725499368,0.02679307066623168
4500,1.4200184160263174,-0.044584712923062604
4501,0.5899222641793302,0.04466028207924057
4502,-3.119391278042069,0.1403278098807121
4503,0.320400943424944,-0.13354641820346855
4504,1.1315136810706332,-0.2703408440700476
4505,0.37602048087306605,-0.18392701164652622
4506,-1.0900559355948878,-0.11341143429242466
4507,0.31364582391638207,0.010486899683616505
4508,0.8394538473564899,-0.20163880899335523
4509,0.07691219683123335,0.013151951707857046
4510,-0.5810218504406106,0.17939818311410405
4511,-0.10760272442922754,0.041947477849116996
4512,0.2575799186146026,0.004872980912557674
4513,1.1940730586093047,0.04480833096118016
4514,0.15616716977986128,0.16314979870844645
4515,-0.8516551359779081,0.25983259766632194
4516,-1.4871336899895413,0.15924862604141024
4517,-0.7775875148608151,-0.29272666101988526
4518,0.6323893775304051,-0.4271569587813129
4519,0.5097822092213534,-0.4356934965994466
4520,-0.7381267162044386,-0.3299555698965681
4521,-1.5162507344471217,-0.32140050291526057
4522,1.3565228800962237,-0.37289026985538337
4523,-1.2229857785470182,-0.4524307969966686
4524,-0.495851990691963,-0.406277936673673
4525,-0.3584892926139099,-0.47354684033798583
4526,0.25640045779588566,-0.5881289845336334
4527,1.2461597085825546,-0.3159348266785971
4528,1.2018303759790205,-0.07272807946621229
4529,-1.3036366096586958,0.18146693615060183
4530,0.3148186037213527,0.3528917089962981
4531,0.3669023833474645,0.2598676604055913
4532,-0.1842079915863784,0.2671328410526737
4533,-0.8715091581555013,0.10009938683007491
4534,-0.7525725458636967,-0.06516421373936862
4535,0.46681855255754395,-0.2539639535080406
4536,0.09545907939137485,-0.2277519502517422
4537,-1.1990171030166197,-0.35177271418867223
4538,1.1426323398157658,-0.2674256413763547
4539,-0.5274721571993605,-0.22195539461502312
4540,0.9629609995162356,-0.07424439926834084
4541,-0.5268386620040558,0.047290913451409164
4542,-0.6407891393863251,0.010276419834274929
4543,-2.3308100475918714,-0.23240768480822693
4544,-1.1814073842215036,-0.5796077202229178
4545,2.322595917141539,-0.8106143257057938
4546,1.0809258997256164,-0.5799836396205159
4547,0.8604848950852574,0.014268577431256382
4548,-0.31842711168223375,0.19750183811268712
4549,-0.7748493315271086,0.3756134852839599
4550,1.0301535033813993,0.3178329171706821
4551,0.40430609926843497,0.28650632767031126
4552,-0.1371247782115325,0.3796138984088313
4553,-0.7286691258531321,0.2752664734300794
4554,-1.873122375343675,0.05266047217833805
4555,-0.14452503310554665,-0.322122932913856
4556,-0.48166325403645616,-0.5447126632043717
4557,-0.8643379272469155,-0.6445452806395094
4558,-1.8706281216342804,-0.7422125395085728
4559,1.0567687477615682,-0.9886273709944117
4560,0.31570054625623584,-0.8758227894402907
4561,-0.8000938001425303,-0.5801630076157404
4562,-1.4331553483770705,-0.5926919095894945
4563,0.6445282300247824,-0.6119821142152233
4564,-1.0840456817597208,-0.5626144129457232
4565,-2.2683821815565524,-0.6466473905434527
4566,0.1483715461392343,-0.9336505856051615
4567,-0.6029030134568256,-0.9926920298451266
4568,-1.2057061440972539,-0.9551850286013637
4569,-0.47934051675362194,-1.005142188884939
4570,-0.07545595797576089,-1.0645682925253575
4571,-1.0255976695767512,-0.8784126700652345
4572,-1.3998824651426398,-0.8862784859669537
4573,-0.6181621655891006,-1.061767675685148
4574,-0.0678617664531664,-1.1247091159116018
4575,0.6670212481234278,-0.8714560753902035
4576,-0.6332801409289712,-0.6170695419294276
4577,-0.6311745088979348,-0.47413152191962293
4578,-2.551797653368247,-0.5728743046694719
4579,1.129153023444362,-0.7821242740406915
4580,-0.04686915628940812,-0.7266174530575058
4581,0.057289802346519966,-0.5846318599223322
4582,0.6233288183571941,-0.34703033608501477
4583,0.17677505467312754,-0.1961187636646029
4584,-0.07704828715327067,0.01274852754411819
4585,-2.140163668496606,-0.00430762091542294
4586,-0.6609531761885996,-0.42054877170008864
4587,0.06437022486898385,-0.5580709353907106
4588,0.6068931209453682,-0.5705316394281184
4589,-0.5129408334045917,-0.5411881372237435
4590,-1.5177226003627358,-0.43550841860948697
4591,-0.34650236648309146,-0.5870602767604809
4592,-0.21219769436640376,-0.6167960957791495
4593,0.6388183509616423,-0.5343004919541288
4594,0.7054773566986391,-0.38661500712861924
4595,-0.5176074358946283,-0.15776933876091884
4596,1.855324395377527,0.031287427715338045
4597,1.0848496290430292,0.401079951606545
4598,-0.5308397273692813,0.6312735982891547
4599,-1.0129568294238787,0.48018728570599467
4600,-0.7132447754676899,0.4218355642030872
4601,0.6209098801275187,0.09887992251158453
4602,-0.6134861230647661,-0.07319319323595706
4603,0.10680708048268532,-0.11961681754731349
4604,-0.18769721868564235,-0.20127206453099772
4605,-0.5497167778176112,-0.2011315639705627
4606,0.7043089424110774,-0.2555444975197731
4607,0.4230539343718675,-0.13283587597096036
4608,-0.3180364228825842,0.018222120676902168
4609,0.8528833052397985,0.11212436831901995
4610,1.9514642837551806,0.3195999158708794
4611,-0.44764570069153026,0.5239473176490209
4612,-0.6725860221583985,0.6450692106557695
4613,-0.23068583676217094,0.4274564007259269
4614,-1.3827583662083198,0.20622512476445903
4615,0.38441917172083384,-0.06173199814235886
4616,1.0025518367097002,-0.26753890627167404
4617,-0.21214989586019886,-0.13656170242932575
4618,-0.1601053826497015,-0.06614689701385837
4619,-1.3876195743173152,-0.06634567182612966
4620,1.2414958968382726,-0.2453816562724745
4621,-1.319031418081567,-0.1569398921389358
4622,-0.18102399291169982,-0.25936063346121163
4623,-0.08103600145297239,-0.3707723947862709
4624,0.3119455161017433,-0.32395714730376196
4625,-0.007025255165881609,-0.2793950526616621
4626,-0.5469591036423626,-0.1911947380786486
4627,0.36483190886326305,-0.23554676083439102
4628,-1.2858939565990897,-0.229342636080397
4629,-0.5386761812928106,-0.2863586281120215
4630,-0.3593019510153831,-0.503785313866179
4631,-0.6495374514565491,-0.5320352559238063
4632,0.13518632919964413,-0.6056493864187068
4633,-0.8226524794745239,-0.5886209486465266
4634,0.30578394646436347,-0.4999747280461278
4635,0.7066635943394728,-0.3645760388234871
4636,0.23308918527911224,-0.17341827068814755
4637,-0.8821054887843568,-0.07478420094259379
4638,-0.03962555292141251,-0.017532915020320644
4639,0.6403380888698,-0.12398719388264931
4640,-0.05228568659907567,0.007041337738387381
4641,0.47326140520057286,0.025905058629955395
4642,1.4519200186236059,0.30228414169486995
4643,1.5243915980664051,0.44368088697934027
4644,1.418614181500547,0.84299069761879
4645,0.8833187079533693,1.195810391624014
4646,-1.2710185373432175,1.1626769493383644
4647,1.030276183169705,0.9853877671102078
4648,0.8711861698619201,0.7642239813434919
4649,1.0187476763020042,0.8374196617668024
4650,1.5893068759341882,1.0365991978330675
4651,0.32408256630461324,1.103307359542535
4652,0.3013170137958492,1.030398329873397
4653,0.2594888651555924,0.9582113242721096
4654,0.02692136189799582,0.8641505171016209
4655,-2.385126949602068,0.5281256470483113
4656,-0.650055889837322,0.07667891938358908
4657,0.41331770869257034,-0.2513913122960529
4658,-0.6033817769136615,-0.5692512772154051
4659,-1.0710297195398517,-0.5857204883274144
4660,-0.519112774290366,-0.6398699610978583
4661,0.10171728081818511,-0.7105833734671764
4662,-0.8884116951935159,-0.6936028124650776
4663,1.5149905198785556,-0.6512845865432133
4664,-0.5416003192016889,-0.356163254279775
4665,0.889150111896572,-0.11966724384546196
4666,-0.045683575304799814,-0.11731216104733526
4667,0.7344652251239144,0.13803463679452105
4668,-0.6663756179310786,0.31243100583300826
4669,1.0514993147238776,0.2090969891228623
4670,-0.16486038822093038,0.35405482997903215
4671,-0.32977918811691975,0.29579021050079174
4672,0.8071745175374918,0.2846147135880617
4673,0.6324878087579626,0.275257418099006
4674,-0.9145083038018753,0.24545743067073678
4675,-1.1507183915886985,0.1325210674220809
4676,2.028335172530332,-0.04435980867022551
4677,-0.08661851650826825,0.1151943384004322
4678,-1.110404091481125,0.11511926900599034
4679,0.43147678472020917,-0.003767044607514272
4680,0.17060043261414484,-0.014126448776880168
4681,0.8188632256555328,0.019494205413874054
4682,0.05293874403594615,0.1254426714668625
4683,-0.34186820919062855,0.21880629496125054
4684,0.2393997027627618,0.17765164694111082
4685,1.4066276221832594,0.19737604450435547
4686,-0.08717238513969292,0.35112748126504406
4687,-0.2654109906714932,0.41972954381201216
4688,0.027820148812531614,0.32708672826706114
4689,0.24313073631492188,0.18307984326974466
4690,-0.38782278025678735,0.07743369662532905
4691,0.03917639773739865,0.035211293714616274
4692,-0.7661114216275026,0.026210025786074807
4693,-0.8530979834140473,-0.13317704102074726
4694,-0.3796083474971463,-0.3590645839142372
4695,1.045481368754903,-0.3839027081243333
4696,1.0718952115613594,-0.23469053711581833
4697,0.5348023454073639,0.1153992913458554
4698,-0.16029559079676303,0.20078385019343814
4699,-0.05304459322737429,0.3936980398179203
4700,-1.66508628634054,0.222812695146549
4701,1.1796237941396142,0.0616221742571991
4702,-0.8286352085744771,-0.09400502340633696
4703,-0.9611861943649995,-0.201897830871842
4704,-0.2096168691186929,-0.33639417701760305
4705,0.17152229506206124,-0.4667705686783872
4706,-0.08685338435296523,-0.38117154160696504
4707,-1.8138668494921426,-0.4482651965256782
4708,1.174500398128082,-0.5439407002964052
4709,-0.4075786810608749,-0.39035574949688534
4710,-0.8634662466221121,-0.39390623995034435
4711,-0.054354864929925355,-0.3505232254764884
4712,1.063331014674149,-0.31971378264340244
4713,1.15142526834631,-0.09668864070244734
4714,0.4547370151966992,0.2556859355363842
4715,-0.017463844372303697,0.42081260932325854
4716,0.6525125689628141,0.5186480095818312
4717,-0.23745035346144916,0.5065354870776172
4718,0.14173281669138477,0.5009384309048563
4719,-0.9471563570707577,0.33977166854250535
4720,1.8219515104395954,0.22779068857953214
4721,-0.6253608285453681,0.2753401033891644
4722,-0.05199411120907155,0.19972331006481228
4723,-0.3788012129456868,0.2219851201997974
4724,0.5242810541462146,0.04709986072208834
4725,0.02985218280738656,0.04242651142950076
4726,-1.063036449763253,-0.018611660773628386
4727,-1.0240194415940478,-0.2019057588088961
4728,-0.35235608182285577,-0.36335828481384197
4729,2.0192893651822916,-0.49372754977545447
4730,2.241852374658212,-0.05181478132210546
4731,0.3300965364490803,0.4307453729705039
4732,-0.138134824158801,0.7400258060720397
4733,-0.8524204784955078,0.6350993597224999
4734,-0.010950966994241747,0.5947969729523722
4735,-1.6958857350021395,0.2631415556040927
4736,-1.2259749798517041,-0.2200127355435515
4737,-0.01383470921047357,-0.4926611179005405
4738,0.8069935243763829,-0.6524646218757372
4739,0.3270755885305972,-0.5976808817292183
4740,-0.849157618246257,-0.3238105867287764
4741,0.01335519424352333,-0.2611089602119289
4742,-0.5040350232242043,-0.3886972992992535
4743,-0.5865188597100266,-0.29616974132006313
4744,0.150050741601899,-0.3103927241542338
4745,-1.0999355073502965,-0.3677300895092943
4746,0.07925430383689863,-0.4578460664893286
4747,-0.4980499290903345,-0.41550271844252973
4748,-0.27482400855177214,-0.4590174997174217
4749,-1.028173492992433,-0.5313117419681888
4750,0.65851090997682,-0.45215389248404125
4751,-0.1583770496226814,-0.5534137403684081
4752,0.9958068554913874,-0.2233323270601828
4753,-0.2024459898675132,-0.06654510253454715
4754,-0.7492076674290442,-0.03847640058223708
4755,1.13446506519952,0.02951240063695864
4756,-1.2953688104046115,0.012665042993004631
4757,0.028416554376299114,-0.032986621973020484
4758,-0.8144193833502396,-0.2553660369119346
4759,-0.9143797563612052,-0.2665799551617123
4760,0.9494602295185396,-0.41392059744871
4761,0.8475735283780406,-0.3532856254314277
4762,0.04788802235773433,-0.11370648561971176
4763,-0.0272581755655841,0.06847271013032205
4764,-1.1777114644890074,0.07110936103444768
4765,-2.108618137342741,-0.15857718348739885
4766,-0.6752630817683117,-0.5411563992942061
4767,0.7621476764010542,-0.7571816677929935
4768,0.7396706747743877,-0.6125098718582003
4769,2.2261615224617537,-0.3505299760870515
4770,-0.3763436559961134,0.10857021635345972
4771,-0.24065276537250946,0.3832624051685324
4772,-0.16670267379506445,0.4019139148909495
4773,-0.7098058713131613,0.272301062334624
4774,1.080139489910207,0.18642468779373322
4775,-0.03914557697505813,0.1472089384878902
4776,-0.4570373825347648,0.17792882783892117
4777,-0.18681588916318434,0.12361441282366217
4778,0.67933957964265,-0.033499453605245436
4779,-1.4014788252921575,-0.022069650720648263
4780,-0.04407262651725842,-0.10203724736297086
4781,-0.44181891317014865,-0.27871931825742635
4782,1.36791420256519,-0.25219699451354644
4783,0.30800908877172467,-0.12923859731532697
4784,-0.5756724538735151,0.09980682374093516
4785,-1.9672825920810642,-0.0927966565928859
4786,1.0246328125436899,-0.28124125364771635
4787,-1.1871337527669739,-0.24207689457209378
4788,0.34924514007561763,-0.4138276890403614
4789,1.590827120025687,-0.28604947773388545
4790,-0.9109151305390959,-0.09069562773766339
4791,1.0667604044866987,0.013594266721121191
4792,-1.9424933442471373,0.11719277880010587
4793,-0.2634254602851269,-0.10363836545637341
4794,-0.07136707932698558,-0.19371631818613314
4795,1.2067202423326993,-0.24510093163432226
4796,1.3428537993054908,-0.08229831861661863
4797,0.12383092655184114,0.24270043670136418
4798,-0.2557066345016837,0.410100548532504
4799,1.222856830493226,0.5276995702722335
4800,-0.034319063278745135,0.6108957137574144
4801,0.8363623618706357,0.7015578294766717
4802,2.224090873903832,0.7245628753530242
4803,-0.3482978301549579,0.8418028547236327
4804,-0.3379545586784864,0.8615932641433727
4805,-0.5927076247529776,0.7366769359405111
4806,-0.5340714036356065,0.4085440333352838
4807,1.2401667339234783,0.15092989015943906
4808,-0.5823253937464464,0.05508057447961717
4809,0.15771367491386346,0.029903258168586883
4810,0.6819585899205883,0.09359585306955465
4811,-1.8461858452376787,0.006616856311538556
4812,2.2470985898689833,-6.329116805972416e-05
4813,1.2840908100279302,0.11103307508604224
4814,0.4398122864685723,0.37945447562867146
4815,1.0299123870629288,0.718830892640724
4816,0.13547104454011413,0.9125366476775383
4817,-0.4378767492509314,0.8414690642015715
4818,0.3709711159280767,0.6419493568371162
4819,-0.877283488248717,0.4963372574790892
4820,-0.5572493173120122,0.2497884477026962
4821,0.5638269667639529,-0.016335655751552432
4822,1.0832115486968459,-0.08225923089582435
4823,-0.7598030276381166,0.05974161001289327
4824,0.18134210050963095,0.10620837485602612
4825,-1.410142891498309,-0.04676599990970477
4826,0.9651027074540527,-0.12101950177568659
4827,-1.0313108764625796,-0.12983301740897057
4828,0.10452970851444972,-0.2751558790788832
4829,0.037484772670953084,-0.29984293926603456
4830,0.15305248923182121,-0.22666776557975454
4831,-1.344949834610246,-0.2205377235036557
4832,-0.705537235187765,-0.3369595878924762
4833,0.042083725038168346,-0.516082325057378
4834,-0.03863415008390363,-0.5695717253847313
4835,-1.1613100017564129,-0.5568529844062976
4836,-0.8655272024191514,-0.6549536823915336
4837,-0.7700038063548009,-0.7388640243462987
4838,0.9308148956249208,-0.6467636059689976
4839,1.4589547447824325,-0.4990884071352752
4840,-1.6558305954709474,-0.2108787458346761
4841,-0.7122622073374255,-0.19270607437221224
4842,-1.142383931998235,-0.3893524258383866
4843,1.2448878412077586,-0.4038735171203423
4844,-0.7003274179313455,-0.4108909342655549
4845,1.848888178053954,-0.23865467250780711
4846,-0.0716584253527703,0.018665509409334407
4847,0.403518255985008,0.2513612902905723
4848,0.6261733548402733,0.3874172504863555
4849,0.6489849688646903,0.49495102062331
4850,-0.35222601334454945,0.5669360648811399
4851,2.5961750677709365,0.5630637507188649
4852,0.05739645895234082,0.782154670602251
4853,-0.5538242990857603,0.9121019924237908
4854,0.30968282232584704,0.7878289544167214
4855,0.6966462359169566,0.6247826847739208
4856,0.9437183977544983,0.6142116458859879
4857,-1.7121337070955234,0.4817696800752875
4858,-0.5545252428338658,0.2709609165597604
4859,-1.2501989939781484,-0.09856984436892272
4860,1.0672067316754033,-0.29008154429825084
4861,1.0726341314647891,-0.303610947100223
4862,0.6539988925475002,-0.13996634982501
4863,-1.1222071110523981,0.0957217312857552
4864,0.04902834296689116,0.09564052771507014
4865,-0.6149668345984063,0.057267419667152944
4866,-1.425578102207515,-0.10393559960950485
4867,-0.8748107504127314,-0.42301409432559967
4868,0.8765923265614545,-0.523383740290872
4869,0.23975231399638283,-0.49136066439250226
4870,1.3555299951951623,-0.30962891578787305
4871,0.5230792233431386,0.034977493956426145
4872,1.4091391182018316,0.31071134981982673
4873,0.9237988808252938,0.778488482683626
4874,-0.026539135437300743,0.775850028461278
4875,0.8990765041651635,0.8910565922631123
4876,0.2815728689597534,0.9420746189537397
4877,-0.4327979583440372,0.7789644949953167
4878,0.7072728065429338,0.6397173523965903
4879,1.106123010598445,0.5472863482826327
4880,-1.5309545807154692,0.546905945399256
4881,1.3772833235154656,0.36819281503424184
4882,0.5373736676633285,0.42608030031860256
4883,3.199439479073216,0.5726347476596508
4884,-0.5960606234910731,0.9841308445329392
4885,0.7188542693142076,1.0743344165383228
4886,0.07378308148560737,1.0254911320371114
4887,-1.788476399063964,0.8284980621310128
4888,0.4045777643014525,0.4804497056059787
4889,1.1785490792800297,0.17877492178939106
4890,-0.6484084694865048,0.14647788243440735
4891,-0.7219972987747237,-0.008718348599571227
4892,-0.8658809349027825,-0.10720659382092329
4893,-0.34134879773993937,-0.3270415154970591
4894,-0.6458184842000775,-0.4805918367739432
4895,-0.47221571891178965,-0.5851942828643594
4896,1.0421402309207901,-0.46563715677855044
4897,3.251741351516941,-0.30181107317908623
4898,-0.7630727133735462,0.21104282702057992
4899,1.0285527756399557,0.562259944375765
4900,0.39585457515989275,0.7340913852792171
4901,1.0263940139684433,0.8696348205010851
4902,0.6855412402434471,0.8944318190352668
4903,2.0103766427168743,1.0146341489282802
4904,0.9321147811878713,1.107852053241538
4905,2.0142682235638874,1.4218573124448497
4906,-0.12369821065182775,1.4729834998748899
4907,-1.8804536764873787,1.4053656422571685
4908,-0.009564426676501871,0.8818488422104662
4909,-0.8286956817246972,0.34456414103960814
4910,0.3719520866727114,0.013045071264725913
4911,-0.8032543590282218,-0.20197795603018076
4912,-0.8739236892751931,-0.3097991670672231
4913,-0.7565657783144065,-0.4756423844515516
4914,-0.32003868752838216,-0.6433461143705175
4915,-0.6533899366163953,-0.7444989639106324
4916,0.9836412537444703,-0.668569758720339
4917,-1.8527071634896521,-0.6217786904197188
4918,2.0837326098462388,-0.5006573973037931
4919,0.06184281949735057,-0.2639152194291385
4920,1.222018555280038,0.14922857896037767
4921,0.15527919390091413,0.3304697439959452
4922,-3.0995659528713984,0.3767966606156244
4923,-0.04813203838517446,0.004291277851707034
4924,1.636093017261603,-0.3332049877561477
4925,-1.189309585364703,-0.1757563954294537
4926,-0.4766984028284678,-0.270463885932641
4927,1.049810350779165,-0.2914724823091476
4928,-0.6002864860669458,-0.2205894069047167
4929,-0.6998393362288987,-0.14070768785805327
4930,-1.2086262452383758,-0.28780264758079194
4931,0.264083252445522,-0.42052762139393096
4932,0.2770459880131106,-0.33638151062810395
4933,1.354458911186843,-0.35038960453803947
4934,0.6808143326835279,-0.05935928784410297
4935,2.1629643651917583,0.389955214385255
4936,0.025120113037644345,0.7812535674573943
4937,-0.9604080557044817,0.8195527951570337
4938,-0.8475065683069866,0.6805215672036393
4939,-0.897142773796764,0.22802762279435798
4940,-0.5198078770570861,-0.08557480504875532
4941,-1.1592540705858256,-0.3365226473577936
4942,0.9826451539418238,-0.48560990443912755
4943,1.5477242039502688,-0.3986862863473842
4944,1.1994006232281402,-0.07355188016764926
4945,2.5440811888935033,0.48642766264532883
4946,1.0968914171143787,0.9639760126302189
4947,-0.15089763650279156,1.2534866354268923
4948,0.5802637758421888,1.2614973566686207
4949,-0.6393448163383197,1.080810499490756
4950,1.0577247260869647,0.92169083219214
4951,-1.17527416771691,0.7078301093429914
4952,1.7726755399257998,0.3761649729613974
4953,2.0213531944210077,0.5102514349530225
4954,-1.6479175354107063,0.723734006319565
4955,0.05220605417106755,0.6457281864426399
4956,-0.3477748667177091,0.35568099766011535
4957,0.9444339983011567,0.283790819438585
4958,-0.3410225887483786,0.20376940839539986
4959,-0.21263283790333412,0.14926244018973897
4960,-0.6946521483318556,0.0981159235151833
4961,0.2360896371544093,-0.08881156163311198
4962,-1.8505116834029025,-0.298111543080137
4963,-0.4717774632685376,-0.5608780460477683
4964,0.7799289151092272,-0.6215132089478853
4965,2.0023573450508905,-0.3802247674201974
4966,-1.587164001458463,-0.08456421042892814
4967,-0.7671333729974577,-0.03570170934125769
4968,-0.1002567493530576,-0.1621419466732765
4969,0.892654254964764,-0.23664526788432266
4970,0.38992295549373895,-0.11933845205426144
4971,0.8483110857317361,0.11214119960252543
4972,-0.5289712565347323,0.28797206352928506
4973,0.7346209638673363,0.35550199168226926
4974,-0.27123402994105134,0.29038401376414996
4975,0.9687589406662617,0.23952308311445317
4976,0.9900425699056145,0.35136725027276244
4977,-0.3933076974087195,0.5699536891994822
4978,0.24059198614868602,0.5661235546118746
4979,0.8457175170950988,0.5252667643689418
4980,-0.01751846963796733,0.518468278862749
4981,-0.1234253081006076,0.4547564812556427
4982,0.1785610549254531,0.3539465357605619
4983,0.713488048756262,0.2932969760712704
4984,0.9008130557184157,0.3736526584992161
4985,-1.0601837823036484,0.3512570248308139
4986,0.5798861665235018,0.3262195167068371
4987,0.4211377349334494,0.2935662784119046
4988,-0.39461205432117624,0.32670906860328935
4989,-1.1176696951212617,0.14363639212225127
4990,0.9319622921692319,-0.05123934951146698
4991,-0.18723315887819536,-0.023154054228182133
4992,1.040359492411596,-0.033170324038496034
4993,0.9304172928924245,0.2589889053306507
4994,-0.3969081946970987,0.3298231756612379
4995,-0.6829162742724009,0.3559039419685355
4996,1.3624981903209645,0.28275959603478606
4997,-0.8041389201313714,0.2895569547661438
4998,0.3060035053116264,0.1473494441942141
4999,0.06894860751459406,0.20357001357910207
